{"type": "FeatureCollection", "features": [{"type": "Feature", "properties": {"SchName": "Bear Creek", "SchCode": 119, "SchType": "Elementary", "StdtPop": 169, "BVSD_Neigh": "Boulder", "Capacity": 475, "Enroll": 378, "Perc_Cap": 0.8, "layer": "Elementary", "Forecast_Capacity": 492, "Forecast_CapRounds": 3.5, "Forecast_Enroll_2025": 312, "Forecast_CapPct_2025": 63, "Forecast_Proj_2026-27": 299, "Forecast_CapPct_2026-27": 61, "Forecast_Proj_2027-28": 293, "Forecast_CapPct_2027-28": 60, "Forecast_Proj_2028-29": 288, "Forecast_CapPct_2028-29": 59, "Forecast_Proj_2029-30": 310, "Forecast_CapPct_2029-30": 63, "Forecast_Proj_2030-31": 320, "Forecast_CapPct_2030-31": 65}, "geometry": {"type": "Polygon", "coordinates": [[[-105.2554, 39.9859], [-105.2555, 39.9859], [-105.2554, 39.9859], [-105.2554, 39.9823], [-105.2546, 39.9823], [-105.2549, 39.982], [-105.2553, 39.9817], [-105.2556, 39.9813], [-105.256, 39.981], [-105.2563, 39.9809], [-105.2567, 39.9809], [-105.2567, 39.9808], [-105.2566, 39.9805], [-105.2562, 39.9792], [-105.2561, 39.979], [-105.2561, 39.9788], [-105.2561, 39.9783], [-105.2561, 39.9769], [-105.2561, 39.9751], [-105.2566, 39.9751], [-105.2587, 39.9751], [-105.2601, 39.9751], [-105.2647, 39.9751], [-105.2649, 39.975], [-105.2651, 39.9749], [-105.2655, 39.9749], [-105.2657, 39.975], [-105.2658, 39.9752], [-105.266, 39.9752], [-105.2674, 39.9751], [-105.2675, 39.9857], [-105.277, 39.9858], [-105.2773, 39.9893], [-105.2713, 39.9893], [-105.2707, 39.9899], [-105.2698, 39.9893], [-105.2636, 39.9892], [-105.2596, 39.9892], [-105.2564, 39.9893], [-105.2545, 39.9882], [-105.2549, 39.9873], [-105.2543, 39.9872], [-105.254, 39.9869], [-105.2547, 39.9865], [-105.2546, 39.9858], [-105.2546, 39.9854], [-105.2547, 39.9853], [-105.2552, 39.9859], [-105.2554, 39.9859]]]}}, {"type": "Feature", "properties": {"SchName": "Aspen Creek", "SchCode": 505, "SchType": "Elementary", "StdtPop": 470, "BVSD_Neigh": " ", "Capacity": 475, "Enroll": 481, "Perc_Cap": 1.01, "layer": "Elementary", "Forecast_Capacity": 440, "Forecast_CapRounds": 3.0, "Forecast_Enroll_2025": 472, "Forecast_CapPct_2025": 107, "Forecast_Proj_2026-27": 490, "Forecast_CapPct_2026-27": 111, "Forecast_Proj_2027-28": 503, "Forecast_CapPct_2027-28": 114, "Forecast_Proj_2028-29": 510, "Forecast_CapPct_2028-29": 116, "Forecast_Proj_2029-30": 511, "Forecast_CapPct_2029-30": 116, "Forecast_Proj_2030-31": 504, "Forecast_CapPct_2030-31": 115}, "geometry": {"type": "Polygon", "coordinates": [[[-105.053, 39.9767], [-105.053, 39.944], [-105.053, 39.9435], [-105.053, 39.9432], [-105.0612, 39.9432], [-105.062, 39.9432], [-105.0633, 39.9432], [-105.0719, 39.9433], [-105.0719, 39.9432], [-105.0906, 39.9433], [-105.0907, 39.9433], [-105.0907, 39.9422], [-105.0907, 39.9344], [-105.0907, 39.9326], [-105.0907, 39.9314], [-105.0907, 39.9289], [-105.0907, 39.9287], [-105.0908, 39.9287], [-105.0911, 39.9287], [-105.0934, 39.9287], [-105.1039, 39.9287], [-105.115, 39.9287], [-105.1165, 39.9287], [-105.1186, 39.9304], [-105.1191, 39.9308], [-105.1193, 39.9309], [-105.1195, 39.931], [-105.1201, 39.9314], [-105.1225, 39.9327], [-105.1255, 39.934], [-105.1276, 39.9349], [-105.1281, 39.9351], [-105.1281, 39.9352], [-105.1281, 39.9353], [-105.1279, 39.9386], [-105.1278, 39.9433], [-105.1277, 39.9445], [-105.1277, 39.9453], [-105.1276, 39.9457], [-105.1275, 39.9463], [-105.1274, 39.9465], [-105.1274, 39.9467], [-105.1265, 39.948], [-105.1262, 39.9482], [-105.1262, 39.9483], [-105.126, 39.9485], [-105.1252, 39.9492], [-105.1251, 39.9492], [-105.1249, 39.9495], [-105.1224, 39.9509], [-105.1222, 39.9511], [-105.1215, 39.9515], [-105.1211, 39.9517], [-105.12, 39.9524], [-105.1174, 39.9539], [-105.1144, 39.955], [-105.1118, 39.9559], [-105.1095, 39.9566], [-105.1094, 39.9566], [-105.1093, 39.9566], [-105.1082, 39.9569], [-105.1068, 39.9574], [-105.1043, 39.9579], [-105.1034, 39.9581], [-105.0991, 39.9583], [-105.0958, 39.9584], [-105.0929, 39.9586], [-105.0903, 39.9587], [-105.0877, 39.9589], [-105.0858, 39.9592], [-105.0841, 39.9595], [-105.0835, 39.9597], [-105.0815, 39.9603], [-105.0795, 39.9612], [-105.0787, 39.9616], [-105.0769, 39.9628], [-105.0748, 39.9645], [-105.0745, 39.9648], [-105.0728, 39.9663], [-105.0719, 39.9671], [-105.0711, 39.9678], [-105.0702, 39.9687], [-105.0688, 39.9699], [-105.068, 39.9704], [-105.0674, 39.9709], [-105.0661, 39.9714], [-105.0652, 39.9719], [-105.0622, 39.9732], [-105.0618, 39.9734], [-105.0611, 39.9737], [-105.0601, 39.9741], [-105.053, 39.9772], [-105.053, 39.9767]]]}}, {"type": "Feature", "properties": {"SchName": "BC-Mesa", "SchCode": 1, "SchType": "Elementary", "StdtPop": 134, "BVSD_Neigh": "Boulder", "Capacity": 0, "Enroll": 0, "Perc_Cap": 0, "layer": "Elementary", "Forecast_Capacity": 590, "Forecast_CapRounds": 4.0, "Forecast_Enroll_2025": 536, "Forecast_CapPct_2025": 91, "Forecast_Proj_2026-27": 529, "Forecast_CapPct_2026-27": 90, "Forecast_Proj_2027-28": 514, "Forecast_CapPct_2027-28": 87, "Forecast_Proj_2028-29": 520, "Forecast_CapPct_2028-29": 88, "Forecast_Proj_2029-30": 525, "Forecast_CapPct_2029-30": 89, "Forecast_Proj_2030-31": 526, "Forecast_CapPct_2030-31": 89}, "geometry": {"type": "Polygon", "coordinates": [[[-105.2553, 39.986], [-105.2551, 39.9857], [-105.2547, 39.9854], [-105.2547, 39.9853], [-105.2546, 39.9854], [-105.2544, 39.9854], [-105.2543, 39.9854], [-105.2538, 39.9854], [-105.2536, 39.9854], [-105.2531, 39.9853], [-105.253, 39.9853], [-105.2529, 39.9852], [-105.2527, 39.9851], [-105.2525, 39.9849], [-105.2524, 39.9849], [-105.252, 39.9844], [-105.2517, 39.9846], [-105.2516, 39.9846], [-105.2516, 39.9847], [-105.2513, 39.9848], [-105.2507, 39.9852], [-105.2499, 39.9855], [-105.248, 39.9835], [-105.2469, 39.9823], [-105.2457, 39.981], [-105.2438, 39.9788], [-105.2428, 39.9777], [-105.2414, 39.9762], [-105.2412, 39.976], [-105.2409, 39.9756], [-105.2393, 39.9739], [-105.2376, 39.9721], [-105.2373, 39.9718], [-105.2371, 39.9715], [-105.237, 39.9712], [-105.2369, 39.9709], [-105.2369, 39.9706], [-105.2388, 39.9706], [-105.241, 39.9706], [-105.2419, 39.9706], [-105.2463, 39.9706], [-105.2467, 39.9709], [-105.2468, 39.9708], [-105.2469, 39.9707], [-105.2469, 39.9706], [-105.247, 39.9703], [-105.2477, 39.9705], [-105.2478, 39.9705], [-105.2481, 39.9704], [-105.2483, 39.9703], [-105.2489, 39.9702], [-105.2491, 39.9701], [-105.2492, 39.9701], [-105.2494, 39.9701], [-105.2504, 39.9705], [-105.2505, 39.9705], [-105.2519, 39.971], [-105.252, 39.971], [-105.2522, 39.9712], [-105.2522, 39.9721], [-105.2521, 39.9724], [-105.2519, 39.9727], [-105.2509, 39.9736], [-105.2497, 39.9748], [-105.2498, 39.9748], [-105.2497, 39.9748], [-105.2499, 39.9749], [-105.25, 39.975], [-105.2504, 39.9751], [-105.2505, 39.9751], [-105.2506, 39.9751], [-105.2508, 39.9751], [-105.2536, 39.9751], [-105.2561, 39.9751], [-105.2561, 39.9769], [-105.2561, 39.9788], [-105.2561, 39.9789], [-105.2561, 39.979], [-105.2561, 39.9792], [-105.2566, 39.9805], [-105.2567, 39.9808], [-105.2563, 39.9809], [-105.256, 39.981], [-105.2556, 39.9812], [-105.2556, 39.9813], [-105.2552, 39.9817], [-105.2549, 39.982], [-105.2546, 39.9823], [-105.2554, 39.9823], [-105.2554, 39.9836], [-105.2554, 39.9859], [-105.2553, 39.986]]]}}, {"type": "Feature", "properties": {"SchName": "Birch", "SchCode": 120, "SchType": "Elementary", "StdtPop": 447, "BVSD_Neigh": " ", "Capacity": 436, "Enroll": 376, "Perc_Cap": 0.86, "layer": "Elementary", "Forecast_Capacity": 418, "Forecast_CapRounds": 3.0, "Forecast_Enroll_2025": 259, "Forecast_CapPct_2025": 62, "Forecast_Proj_2026-27": 238, "Forecast_CapPct_2026-27": 57, "Forecast_Proj_2027-28": 215, "Forecast_CapPct_2027-28": 51, "Forecast_Proj_2028-29": 205, "Forecast_CapPct_2028-29": 49, "Forecast_Proj_2029-30": 211, "Forecast_CapPct_2029-30": 50, "Forecast_Proj_2030-31": 208, "Forecast_CapPct_2030-31": 50}, "geometry": {"type": "Polygon", "coordinates": [[[-105.053, 39.9435], [-105.053, 39.9251], [-105.0536, 39.9251], [-105.0555, 39.9251], [-105.0573, 39.9251], [-105.0581, 39.9251], [-105.0619, 39.9252], [-105.0635, 39.9252], [-105.0642, 39.925], [-105.0651, 39.9248], [-105.0666, 39.9246], [-105.0667, 39.9245], [-105.0674, 39.9244], [-105.0682, 39.9243], [-105.0686, 39.9243], [-105.069, 39.9244], [-105.07, 39.9247], [-105.0704, 39.9248], [-105.0709, 39.925], [-105.071, 39.925], [-105.0711, 39.9251], [-105.0714, 39.9251], [-105.0718, 39.9251], [-105.0719, 39.9251], [-105.0718, 39.9275], [-105.0718, 39.9288], [-105.0718, 39.9289], [-105.0718, 39.9327], [-105.0718, 39.9385], [-105.0718, 39.9389], [-105.0719, 39.9431], [-105.0719, 39.9432], [-105.0719, 39.9433], [-105.0633, 39.9432], [-105.062, 39.9432], [-105.0612, 39.9432], [-105.053, 39.9432], [-105.053, 39.9435]]]}}, {"type": "Feature", "properties": {"SchName": "Coal Creek", "SchCode": 158, "SchType": "Elementary", "StdtPop": 418, "BVSD_Neigh": " ", "Capacity": 496, "Enroll": 467, "Perc_Cap": 0.94, "layer": "Elementary", "Forecast_Capacity": 492, "Forecast_CapRounds": 3.5, "Forecast_Enroll_2025": 269, "Forecast_CapPct_2025": 55, "Forecast_Proj_2026-27": 256, "Forecast_CapPct_2026-27": 52, "Forecast_Proj_2027-28": 252, "Forecast_CapPct_2027-28": 51, "Forecast_Proj_2028-29": 256, "Forecast_CapPct_2028-29": 52, "Forecast_Proj_2029-30": 251, "Forecast_CapPct_2029-30": 51, "Forecast_Proj_2030-31": 248, "Forecast_CapPct_2030-31": 50}, "geometry": {"type": "Polygon", "coordinates": [[[-105.1421, 40.0001], [-105.139, 39.9962], [-105.1376, 39.9945], [-105.1371, 39.9938], [-105.1366, 39.9932], [-105.1345, 39.9906], [-105.1336, 39.9895], [-105.1331, 39.9889], [-105.1325, 39.9882], [-105.1321, 39.9871], [-105.1321, 39.987], [-105.133, 39.987], [-105.1332, 39.987], [-105.1334, 39.987], [-105.1339, 39.987], [-105.138, 39.987], [-105.1444, 39.987], [-105.1465, 39.987], [-105.1468, 39.987], [-105.1468, 39.9818], [-105.1468, 39.98], [-105.1487, 39.9789], [-105.1504, 39.978], [-105.1521, 39.9774], [-105.1536, 39.9769], [-105.1538, 39.9768], [-105.1562, 39.976], [-105.1573, 39.9756], [-105.1581, 39.9754], [-105.1582, 39.9754], [-105.1595, 39.9749], [-105.1601, 39.9745], [-105.1606, 39.9743], [-105.1619, 39.974], [-105.163, 39.9735], [-105.1638, 39.9729], [-105.1643, 39.9725], [-105.1653, 39.9734], [-105.1655, 39.9737], [-105.1656, 39.9739], [-105.1658, 39.9743], [-105.1658, 39.9753], [-105.1658, 39.9755], [-105.1658, 39.9759], [-105.1658, 39.9767], [-105.1658, 39.9775], [-105.1658, 39.9787], [-105.1659, 39.9787], [-105.1658, 39.9787], [-105.1659, 39.9803], [-105.1659, 39.9807], [-105.166, 39.9823], [-105.166, 39.9831], [-105.166, 39.9842], [-105.166, 39.9851], [-105.166, 39.9862], [-105.166, 39.9868], [-105.166, 39.9869], [-105.166, 39.9872], [-105.1661, 39.9878], [-105.1661, 39.9896], [-105.1661, 39.9903], [-105.1661, 39.9905], [-105.1659, 39.9906], [-105.1657, 39.9908], [-105.1654, 39.9913], [-105.1649, 39.9918], [-105.1648, 39.9921], [-105.164, 39.9934], [-105.1639, 39.9934], [-105.1627, 39.9959], [-105.1623, 39.9971], [-105.162, 39.9984], [-105.1619, 39.9987], [-105.1617, 39.9994], [-105.1616, 40.0001], [-105.1602, 40.0001], [-105.1528, 40.0002], [-105.1527, 40.0001], [-105.152, 40.0001], [-105.1519, 40.0001], [-105.1513, 40.0001], [-105.1503, 40.0001], [-105.1493, 40.0001], [-105.1484, 40.0001], [-105.1483, 40.0001], [-105.1479, 40.0001], [-105.1474, 40.0001], [-105.1473, 40.0001], [-105.1467, 40.0002], [-105.1466, 40.0002], [-105.1461, 40.0002], [-105.1458, 40.0002], [-105.1455, 40.0002], [-105.1453, 40.0002], [-105.145, 40.0002], [-105.1447, 40.0002], [-105.1432, 40.0002], [-105.1421, 40.0002], [-105.1421, 40.0001]]]}}, {"type": "Feature", "properties": {"SchName": "Columbine", "SchCode": 124, "SchType": "Elementary", "StdtPop": 568, "BVSD_Neigh": "Boulder", "Capacity": 579, "Enroll": 398, "Perc_Cap": 0.69, "layer": "Elementary", "Forecast_Capacity": 590, "Forecast_CapRounds": 4.0, "Forecast_Enroll_2025": 313, "Forecast_CapPct_2025": 53, "Forecast_Proj_2026-27": 322, "Forecast_CapPct_2026-27": 55, "Forecast_Proj_2027-28": 322, "Forecast_CapPct_2027-28": 55, "Forecast_Proj_2028-29": 325, "Forecast_CapPct_2028-29": 55, "Forecast_Proj_2029-30": 321, "Forecast_CapPct_2029-30": 54, "Forecast_Proj_2030-31": 322, "Forecast_CapPct_2030-31": 55}, "geometry": {"type": "Polygon", "coordinates": [[[-105.2585, 40.0401], [-105.2569, 40.0401], [-105.2556, 40.0401], [-105.2441, 40.0401], [-105.2424, 40.0401], [-105.2401, 40.0401], [-105.2396, 40.0401], [-105.2344, 40.04], [-105.234, 40.0399], [-105.2282, 40.0398], [-105.2279, 40.0398], [-105.2244, 40.0398], [-105.224, 40.0398], [-105.221, 40.0398], [-105.2209, 40.0388], [-105.2209, 40.0357], [-105.2209, 40.0351], [-105.2209, 40.035], [-105.2209, 40.0348], [-105.2209, 40.0347], [-105.2209, 40.0346], [-105.2209, 40.0345], [-105.2209, 40.0344], [-105.2209, 40.0343], [-105.2209, 40.0342], [-105.2209, 40.0333], [-105.2209, 40.0332], [-105.2209, 40.0331], [-105.2209, 40.033], [-105.2209, 40.0329], [-105.2209, 40.0328], [-105.2209, 40.0327], [-105.2209, 40.0326], [-105.2209, 40.0325], [-105.2209, 40.0323], [-105.2209, 40.0321], [-105.2209, 40.032], [-105.2209, 40.0316], [-105.2209, 40.0309], [-105.2209, 40.0292], [-105.2218, 40.0292], [-105.2239, 40.0292], [-105.2242, 40.0296], [-105.2241, 40.03], [-105.2239, 40.0302], [-105.2237, 40.0309], [-105.2234, 40.0316], [-105.2232, 40.0319], [-105.2227, 40.0323], [-105.2227, 40.0342], [-105.2224, 40.0343], [-105.2226, 40.0346], [-105.2229, 40.0344], [-105.2233, 40.0343], [-105.2235, 40.0341], [-105.2237, 40.0341], [-105.2242, 40.0339], [-105.225, 40.0337], [-105.2259, 40.0335], [-105.226, 40.0293], [-105.2259, 40.0293], [-105.2255, 40.0292], [-105.2254, 40.0292], [-105.2254, 40.0291], [-105.2254, 40.0288], [-105.2254, 40.0284], [-105.2254, 40.0283], [-105.2254, 40.0282], [-105.2254, 40.0278], [-105.2254, 40.0275], [-105.2255, 40.0275], [-105.2257, 40.0274], [-105.2261, 40.0274], [-105.2262, 40.0274], [-105.2265, 40.0273], [-105.2269, 40.0273], [-105.2288, 40.027], [-105.2289, 40.027], [-105.229, 40.027], [-105.2291, 40.027], [-105.2292, 40.027], [-105.2293, 40.027], [-105.2382, 40.0257], [-105.2418, 40.0251], [-105.2445, 40.0247], [-105.2445, 40.0246], [-105.2449, 40.0246], [-105.2487, 40.0241], [-105.2493, 40.0241], [-105.2494, 40.0241], [-105.2503, 40.024], [-105.251, 40.0239], [-105.2518, 40.0238], [-105.2536, 40.0233], [-105.2537, 40.0233], [-105.2536, 40.0234], [-105.2536, 40.0254], [-105.2536, 40.0275], [-105.2536, 40.0276], [-105.2538, 40.0277], [-105.2539, 40.0277], [-105.256, 40.0277], [-105.256, 40.0274], [-105.256, 40.0273], [-105.2582, 40.0274], [-105.2583, 40.0274], [-105.2584, 40.0272], [-105.2594, 40.0271], [-105.2604, 40.0271], [-105.2606, 40.0272], [-105.2608, 40.0272], [-105.2612, 40.0274], [-105.2613, 40.0274], [-105.2614, 40.0274], [-105.2615, 40.0274], [-105.2617, 40.0274], [-105.2619, 40.0276], [-105.2626, 40.0275], [-105.2628, 40.0275], [-105.2631, 40.0274], [-105.2632, 40.0274], [-105.2654, 40.0273], [-105.2678, 40.0274], [-105.268, 40.0273], [-105.2683, 40.0273], [-105.2685, 40.0273], [-105.2686, 40.0273], [-105.2688, 40.0272], [-105.2691, 40.0272], [-105.2692, 40.0275], [-105.2695, 40.0275], [-105.2695, 40.0274], [-105.2696, 40.0274], [-105.2698, 40.0274], [-105.2704, 40.0272], [-105.2703, 40.0271], [-105.2704, 40.0271], [-105.2705, 40.0271], [-105.271, 40.0269], [-105.2714, 40.0267], [-105.2726, 40.0262], [-105.2726, 40.026], [-105.2726, 40.0255], [-105.2727, 40.0255], [-105.2748, 40.0255], [-105.2766, 40.0255], [-105.2784, 40.0255], [-105.282, 40.0255], [-105.2821, 40.0261], [-105.2821, 40.0267], [-105.2821, 40.0292], [-105.2821, 40.0309], [-105.2821, 40.031], [-105.2821, 40.0312], [-105.2821, 40.0313], [-105.2801, 40.0313], [-105.2796, 40.0317], [-105.2796, 40.0319], [-105.2795, 40.0319], [-105.2795, 40.032], [-105.2794, 40.032], [-105.2791, 40.0322], [-105.2787, 40.0324], [-105.2785, 40.0327], [-105.2783, 40.033], [-105.2783, 40.0331], [-105.2782, 40.0331], [-105.2781, 40.0333], [-105.2777, 40.0338], [-105.2777, 40.0339], [-105.2775, 40.034], [-105.2772, 40.0343], [-105.2771, 40.0343], [-105.2766, 40.0349], [-105.2766, 40.035], [-105.2765, 40.0351], [-105.2763, 40.0357], [-105.2763, 40.0361], [-105.2762, 40.0364], [-105.2757, 40.0364], [-105.2753, 40.0364], [-105.2753, 40.0365], [-105.2753, 40.0366], [-105.2754, 40.0367], [-105.2755, 40.0368], [-105.2756, 40.0369], [-105.2752, 40.0372], [-105.2751, 40.0373], [-105.275, 40.0374], [-105.275, 40.0375], [-105.2749, 40.0376], [-105.2748, 40.0377], [-105.2748, 40.038], [-105.2748, 40.0381], [-105.2748, 40.0382], [-105.2748, 40.0388], [-105.2747, 40.0389], [-105.2746, 40.039], [-105.2742, 40.0396], [-105.2742, 40.0399], [-105.2742, 40.0401], [-105.2743, 40.0401], [-105.2738, 40.0401], [-105.2728, 40.0401], [-105.2728, 40.0402], [-105.2727, 40.042], [-105.2727, 40.0425], [-105.2728, 40.0436], [-105.2728, 40.0437], [-105.2727, 40.0437], [-105.2691, 40.0437], [-105.2632, 40.0438], [-105.2617, 40.0438], [-105.2595, 40.0438], [-105.2595, 40.0436], [-105.2585, 40.0436], [-105.2585, 40.0401]], [[-105.2395, 40.0364], [-105.2395, 40.0335], [-105.2372, 40.0335], [-105.2371, 40.0322], [-105.2371, 40.031], [-105.2371, 40.0297], [-105.2365, 40.0296], [-105.2348, 40.0298], [-105.2348, 40.031], [-105.2348, 40.0335], [-105.2348, 40.0355], [-105.2358, 40.035], [-105.2363, 40.0349], [-105.2371, 40.0349], [-105.238, 40.0352], [-105.2386, 40.0358], [-105.2388, 40.0359], [-105.2395, 40.0364]]]}}, {"type": "Feature", "properties": {"SchName": "Creekside", "SchCode": 164, "SchType": "Elementary", "StdtPop": 531, "BVSD_Neigh": "Boulder", "Capacity": 484, "Enroll": 314, "Perc_Cap": 0.65, "layer": "Elementary", "Forecast_Capacity": 369, "Forecast_CapRounds": 2.5, "Forecast_Enroll_2025": 288, "Forecast_CapPct_2025": 78, "Forecast_Proj_2026-27": 277, "Forecast_CapPct_2026-27": 75, "Forecast_Proj_2027-28": 252, "Forecast_CapPct_2027-28": 68, "Forecast_Proj_2028-29": 226, "Forecast_CapPct_2028-29": 61, "Forecast_Proj_2029-30": 223, "Forecast_CapPct_2029-30": 60, "Forecast_Proj_2030-31": 215, "Forecast_CapPct_2030-31": 58}, "geometry": {"type": "Polygon", "coordinates": [[[-105.2445, 40.0243], [-105.2444, 40.0213], [-105.2443, 40.0182], [-105.2443, 40.0171], [-105.2443, 40.0151], [-105.2443, 40.0146], [-105.242, 40.0146], [-105.2406, 40.0146], [-105.2404, 40.0136], [-105.2404, 40.0132], [-105.2404, 40.0128], [-105.2404, 40.0105], [-105.2404, 40.0102], [-105.2402, 40.0095], [-105.2397, 40.0086], [-105.2373, 40.0057], [-105.2345, 40.0023], [-105.2328, 40.0001], [-105.2365, 40], [-105.2434, 40.0001], [-105.2458, 40.0001], [-105.2468, 40], [-105.2491, 40], [-105.2548, 40], [-105.2559, 40.0001], [-105.2583, 40.0002], [-105.258, 39.9999], [-105.2576, 39.9996], [-105.2566, 39.9991], [-105.2542, 39.9977], [-105.2531, 39.997], [-105.2459, 39.9928], [-105.2368, 39.9876], [-105.2349, 39.9867], [-105.2348, 39.9867], [-105.2343, 39.9864], [-105.2337, 39.9861], [-105.2329, 39.9858], [-105.2325, 39.9856], [-105.2324, 39.9855], [-105.2319, 39.9853], [-105.2311, 39.9849], [-105.231, 39.9849], [-105.2302, 39.9845], [-105.2299, 39.9844], [-105.2293, 39.9841], [-105.2287, 39.9838], [-105.2286, 39.9838], [-105.2278, 39.9834], [-105.2275, 39.9832], [-105.2272, 39.9831], [-105.2269, 39.983], [-105.2267, 39.9829], [-105.2258, 39.9825], [-105.2257, 39.9824], [-105.2283, 39.9777], [-105.2296, 39.9753], [-105.2317, 39.9714], [-105.2319, 39.9714], [-105.2339, 39.9715], [-105.2351, 39.9715], [-105.2371, 39.9715], [-105.2373, 39.9718], [-105.2375, 39.9721], [-105.2393, 39.9739], [-105.2409, 39.9756], [-105.2412, 39.976], [-105.2414, 39.9762], [-105.2428, 39.9777], [-105.2438, 39.9788], [-105.2457, 39.981], [-105.2469, 39.9823], [-105.2479, 39.9834], [-105.248, 39.9835], [-105.2488, 39.9843], [-105.2499, 39.9855], [-105.2507, 39.9852], [-105.2516, 39.9847], [-105.2517, 39.9846], [-105.2521, 39.9844], [-105.2522, 39.9846], [-105.2524, 39.9849], [-105.2525, 39.9849], [-105.2525, 39.985], [-105.2527, 39.9851], [-105.2528, 39.9852], [-105.253, 39.9853], [-105.2532, 39.9853], [-105.2535, 39.9854], [-105.2536, 39.9854], [-105.2538, 39.9854], [-105.2543, 39.9854], [-105.2544, 39.9854], [-105.2546, 39.9854], [-105.2546, 39.9855], [-105.2545, 39.9858], [-105.2546, 39.9858], [-105.2546, 39.9866], [-105.2544, 39.9867], [-105.254, 39.9869], [-105.2542, 39.9871], [-105.2543, 39.9872], [-105.2544, 39.9872], [-105.255, 39.9874], [-105.2548, 39.9878], [-105.2544, 39.9882], [-105.2552, 39.9886], [-105.2552, 39.9887], [-105.2559, 39.989], [-105.2563, 39.9893], [-105.2571, 39.9893], [-105.2576, 39.9893], [-105.2581, 39.9893], [-105.263, 39.9893], [-105.2635, 39.9893], [-105.2699, 39.9893], [-105.2705, 39.9899], [-105.2714, 39.9894], [-105.2715, 39.9893], [-105.2717, 39.9893], [-105.2718, 39.9893], [-105.2719, 39.9893], [-105.272, 39.9893], [-105.272, 39.9892], [-105.2721, 39.9892], [-105.2723, 39.9892], [-105.2725, 39.9892], [-105.2726, 39.9893], [-105.2747, 39.9893], [-105.2772, 39.9893], [-105.2773, 39.9893], [-105.2773, 39.9898], [-105.2775, 39.9941], [-105.2778, 39.994], [-105.2778, 39.9966], [-105.2777, 39.9966], [-105.2777, 39.9971], [-105.2778, 39.9979], [-105.2777, 39.9979], [-105.2777, 39.9982], [-105.2776, 39.9983], [-105.2774, 39.9984], [-105.2773, 39.9984], [-105.2769, 39.9983], [-105.2767, 39.9983], [-105.2767, 39.9989], [-105.2767, 39.999], [-105.2768, 39.9991], [-105.2768, 40.0001], [-105.2764, 40.0001], [-105.2761, 40.0001], [-105.275, 40.0001], [-105.2737, 40.0001], [-105.2725, 40.0001], [-105.2712, 40.0001], [-105.27, 40.0001], [-105.2686, 40.0001], [-105.2677, 40.0001], [-105.2646, 40.0001], [-105.2636, 40.0001], [-105.2631, 40.0002], [-105.2615, 40.0003], [-105.2602, 40.0004], [-105.2601, 40.0004], [-105.2599, 40.0004], [-105.2587, 40.0003], [-105.2584, 40.0003], [-105.2584, 40.0005], [-105.2585, 40.0006], [-105.2586, 40.0009], [-105.2586, 40.0014], [-105.2587, 40.002], [-105.2587, 40.0082], [-105.2587, 40.0129], [-105.2586, 40.0136], [-105.2584, 40.0145], [-105.2584, 40.0148], [-105.2584, 40.0223], [-105.2537, 40.0233], [-105.2536, 40.0233], [-105.2518, 40.0238], [-105.251, 40.0239], [-105.2503, 40.024], [-105.2494, 40.0241], [-105.2493, 40.0241], [-105.2487, 40.0241], [-105.2449, 40.0246], [-105.2445, 40.0246], [-105.2445, 40.0244], [-105.2445, 40.0243]]]}}, {"type": "Feature", "properties": {"SchName": "Crest View", "SchCode": 127, "SchType": "Elementary", "StdtPop": 724, "BVSD_Neigh": "Boulder", "Capacity": 685, "Enroll": 625, "Perc_Cap": 0.91, "layer": "Elementary", "Forecast_Capacity": 615, "Forecast_CapRounds": 4.0, "Forecast_Enroll_2025": 330, "Forecast_CapPct_2025": 54, "Forecast_Proj_2026-27": 318, "Forecast_CapPct_2026-27": 52, "Forecast_Proj_2027-28": 304, "Forecast_CapPct_2027-28": 49, "Forecast_Proj_2028-29": 300, "Forecast_CapPct_2028-29": 49, "Forecast_Proj_2029-30": 310, "Forecast_CapPct_2029-30": 50, "Forecast_Proj_2030-31": 327, "Forecast_CapPct_2030-31": 53}, "geometry": {"type": "Polygon", "coordinates": [[[-105.1974, 40.0873], [-105.1974, 40.0826], [-105.1975, 40.0826], [-105.2014, 40.0791], [-105.2046, 40.0764], [-105.2052, 40.0759], [-105.2069, 40.0745], [-105.2069, 40.0744], [-105.207, 40.0734], [-105.2259, 40.0563], [-105.2323, 40.0511], [-105.2377, 40.0469], [-105.2394, 40.0448], [-105.2422, 40.0401], [-105.2441, 40.0401], [-105.2556, 40.0401], [-105.2569, 40.0401], [-105.2585, 40.0401], [-105.2585, 40.0436], [-105.2595, 40.0436], [-105.2595, 40.0438], [-105.2617, 40.0438], [-105.2632, 40.0438], [-105.2691, 40.0437], [-105.2727, 40.0437], [-105.2728, 40.0437], [-105.2728, 40.0436], [-105.2727, 40.0425], [-105.2727, 40.042], [-105.2728, 40.0402], [-105.2728, 40.0401], [-105.2738, 40.0401], [-105.2742, 40.0401], [-105.2743, 40.0401], [-105.2753, 40.0401], [-105.2756, 40.04], [-105.2759, 40.0396], [-105.2763, 40.0391], [-105.2764, 40.0391], [-105.2774, 40.0391], [-105.2821, 40.0391], [-105.2821, 40.0413], [-105.2821, 40.0415], [-105.2821, 40.0417], [-105.2821, 40.0426], [-105.2821, 40.0478], [-105.2822, 40.0498], [-105.2821, 40.0512], [-105.2821, 40.0516], [-105.2821, 40.0544], [-105.2821, 40.0551], [-105.2821, 40.0553], [-105.2821, 40.0618], [-105.2821, 40.0637], [-105.2821, 40.0644], [-105.2819, 40.0647], [-105.2817, 40.065], [-105.2814, 40.0653], [-105.2819, 40.0659], [-105.2835, 40.0695], [-105.2835, 40.0696], [-105.2838, 40.0707], [-105.2838, 40.0708], [-105.2845, 40.0735], [-105.2845, 40.0736], [-105.2846, 40.0744], [-105.2834, 40.0766], [-105.2824, 40.0792], [-105.2824, 40.0793], [-105.2821, 40.0799], [-105.2821, 40.0842], [-105.2821, 40.0846], [-105.2821, 40.0866], [-105.2821, 40.0872], [-105.2819, 40.0873], [-105.2795, 40.0874], [-105.2635, 40.0874], [-105.2068, 40.0872], [-105.2068, 40.0945], [-105.1973, 40.0946], [-105.1974, 40.0873]]]}}, {"type": "Feature", "properties": {"SchName": "Douglass", "SchCode": 130, "SchType": "Elementary", "StdtPop": 429, "BVSD_Neigh": " ", "Capacity": 491, "Enroll": 433, "Perc_Cap": 0.88, "layer": "Elementary", "Forecast_Capacity": 418, "Forecast_CapRounds": 3.0, "Forecast_Enroll_2025": 281, "Forecast_CapPct_2025": 67, "Forecast_Proj_2026-27": 278, "Forecast_CapPct_2026-27": 67, "Forecast_Proj_2027-28": 278, "Forecast_CapPct_2027-28": 67, "Forecast_Proj_2028-29": 272, "Forecast_CapPct_2028-29": 65, "Forecast_Proj_2029-30": 277, "Forecast_CapPct_2029-30": 66, "Forecast_Proj_2030-31": 284, "Forecast_CapPct_2030-31": 68}, "geometry": {"type": "Polygon", "coordinates": [[[-105.1315, 40.0872], [-105.1314, 40.0836], [-105.1218, 40.0837], [-105.1218, 40.0801], [-105.113, 40.0802], [-105.1131, 40.0799], [-105.1122, 40.0799], [-105.1119, 40.0795], [-105.1123, 40.0731], [-105.1122, 40.0714], [-105.1122, 40.071], [-105.1122, 40.0707], [-105.1122, 40.0701], [-105.1122, 40.0694], [-105.1123, 40.0619], [-105.1123, 40.0612], [-105.1123, 40.0611], [-105.1122, 40.0575], [-105.1123, 40.0465], [-105.1123, 40.0402], [-105.1123, 40.0401], [-105.1124, 40.0401], [-105.1169, 40.0402], [-105.1175, 40.0402], [-105.1216, 40.0402], [-105.1311, 40.0402], [-105.1312, 40.0402], [-105.1312, 40.0401], [-105.1311, 40.0356], [-105.1311, 40.0327], [-105.131, 40.0319], [-105.131, 40.0293], [-105.131, 40.0285], [-105.131, 40.0237], [-105.1311, 40.0147], [-105.1311, 40.0137], [-105.131, 40.0128], [-105.1311, 40.0079], [-105.1311, 40.0071], [-105.1311, 40.0044], [-105.131, 40.0002], [-105.131, 40.0001], [-105.1311, 40.0001], [-105.1339, 40.0001], [-105.1377, 40.0001], [-105.1382, 40.0001], [-105.1383, 40.0001], [-105.1397, 40.0002], [-105.1406, 40.0002], [-105.142, 40.0002], [-105.1421, 40.0002], [-105.1432, 40.0002], [-105.1447, 40.0002], [-105.145, 40.0002], [-105.1453, 40.0002], [-105.1455, 40.0002], [-105.1458, 40.0002], [-105.1461, 40.0002], [-105.1466, 40.0002], [-105.1467, 40.0002], [-105.1473, 40.0001], [-105.1474, 40.0001], [-105.1479, 40.0001], [-105.1483, 40.0001], [-105.1484, 40.0001], [-105.1493, 40.0001], [-105.1503, 40.0001], [-105.1513, 40.0001], [-105.1519, 40.0001], [-105.152, 40.0001], [-105.1527, 40.0001], [-105.1528, 40.0002], [-105.1602, 40.0001], [-105.1616, 40.0001], [-105.1617, 39.9994], [-105.1619, 39.9987], [-105.162, 39.9984], [-105.1623, 39.9971], [-105.1627, 39.9959], [-105.1639, 39.9934], [-105.164, 39.9934], [-105.1648, 39.9921], [-105.1649, 39.9918], [-105.1654, 39.9913], [-105.1657, 39.9908], [-105.1659, 39.9906], [-105.1661, 39.9905], [-105.1661, 39.9903], [-105.1661, 39.9896], [-105.1661, 39.9878], [-105.166, 39.9872], [-105.166, 39.9869], [-105.166, 39.9868], [-105.166, 39.9862], [-105.166, 39.9851], [-105.166, 39.9842], [-105.166, 39.9831], [-105.166, 39.9823], [-105.1659, 39.9807], [-105.1659, 39.9803], [-105.1658, 39.9787], [-105.1659, 39.9787], [-105.166, 39.9787], [-105.1663, 39.9787], [-105.1691, 39.9787], [-105.1718, 39.9787], [-105.1753, 39.9787], [-105.1753, 39.9742], [-105.1753, 39.9723], [-105.1827, 39.9723], [-105.1827, 39.9721], [-105.1827, 39.9701], [-105.1828, 39.9682], [-105.1844, 39.9681], [-105.1844, 39.9673], [-105.1844, 39.9655], [-105.1848, 39.9656], [-105.1853, 39.9658], [-105.1862, 39.9661], [-105.1873, 39.9666], [-105.1924, 39.9684], [-105.1939, 39.969], [-105.1953, 39.9695], [-105.1976, 39.9704], [-105.2036, 39.9728], [-105.2038, 39.973], [-105.2039, 39.9732], [-105.204, 39.9734], [-105.2047, 39.9743], [-105.2049, 39.9746], [-105.2053, 39.9753], [-105.206, 39.9763], [-105.2066, 39.977], [-105.2068, 39.9773], [-105.2073, 39.9781], [-105.2078, 39.9788], [-105.2082, 39.9794], [-105.2083, 39.9795], [-105.2091, 39.9807], [-105.2093, 39.9809], [-105.2098, 39.9817], [-105.2103, 39.9824], [-105.2112, 39.9837], [-105.2118, 39.9845], [-105.2119, 39.9848], [-105.2121, 39.985], [-105.2124, 39.9854], [-105.2127, 39.9859], [-105.2128, 39.9861], [-105.2127, 39.9861], [-105.2128, 39.99], [-105.213, 39.9916], [-105.2126, 39.9928], [-105.2121, 39.9956], [-105.2121, 39.9957], [-105.2127, 39.9964], [-105.2128, 39.9986], [-105.2128, 39.9987], [-105.2128, 39.9988], [-105.2128, 40], [-105.2126, 40.001], [-105.2125, 40.0013], [-105.2125, 40.0017], [-105.2124, 40.0072], [-105.2125, 40.0073], [-105.2125, 40.0075], [-105.2128, 40.0078], [-105.2129, 40.0081], [-105.2131, 40.0089], [-105.213, 40.0096], [-105.213, 40.0146], [-105.2149, 40.0146], [-105.2156, 40.0146], [-105.2175, 40.0146], [-105.2191, 40.0146], [-105.2205, 40.0146], [-105.2259, 40.0146], [-105.227, 40.0146], [-105.2279, 40.0146], [-105.2345, 40.0146], [-105.2346, 40.0146], [-105.2386, 40.0146], [-105.2393, 40.0146], [-105.24, 40.0146], [-105.2405, 40.0146], [-105.2406, 40.0146], [-105.242, 40.0146], [-105.2443, 40.0146], [-105.2443, 40.0151], [-105.2443, 40.0171], [-105.2443, 40.0182], [-105.2444, 40.0213], [-105.2445, 40.0243], [-105.2445, 40.0244], [-105.2445, 40.0246], [-105.2445, 40.0247], [-105.2418, 40.0251], [-105.2382, 40.0257], [-105.2293, 40.027], [-105.2292, 40.027], [-105.2291, 40.027], [-105.229, 40.027], [-105.2289, 40.027], [-105.2288, 40.027], [-105.2269, 40.0273], [-105.2265, 40.0273], [-105.2262, 40.0274], [-105.2261, 40.0274], [-105.2257, 40.0274], [-105.2255, 40.0275], [-105.2254, 40.0275], [-105.2254, 40.0278], [-105.2254, 40.0282], [-105.2254, 40.0283], [-105.2254, 40.0284], [-105.2254, 40.0288], [-105.2254, 40.0291], [-105.2254, 40.0292], [-105.2249, 40.0292], [-105.2248, 40.0292], [-105.2244, 40.0292], [-105.2239, 40.0292], [-105.2218, 40.0292], [-105.2209, 40.0292], [-105.2209, 40.0309], [-105.2209, 40.0316], [-105.2209, 40.032], [-105.2209, 40.0321], [-105.2209, 40.0323], [-105.2209, 40.0325], [-105.2209, 40.0326], [-105.2209, 40.0327], [-105.2209, 40.0328], [-105.2209, 40.0329], [-105.2209, 40.033], [-105.2209, 40.0331], [-105.2209, 40.0332], [-105.2209, 40.0333], [-105.2209, 40.0342], [-105.2209, 40.0343], [-105.2209, 40.0344], [-105.2209, 40.0345], [-105.2209, 40.0346], [-105.2209, 40.0347], [-105.2209, 40.0348], [-105.2209, 40.035], [-105.2209, 40.0351], [-105.2209, 40.0357], [-105.2209, 40.0388], [-105.221, 40.0398], [-105.2208, 40.0398], [-105.2153, 40.0399], [-105.2141, 40.0399], [-105.2116, 40.04], [-105.2075, 40.0401], [-105.2071, 40.0401], [-105.2069, 40.0401], [-105.2067, 40.0401], [-105.2065, 40.0401], [-105.2013, 40.0401], [-105.1966, 40.0401], [-105.1939, 40.0401], [-105.1864, 40.0401], [-105.1801, 40.0401], [-105.1784, 40.0401], [-105.169, 40.0401], [-105.1689, 40.0401], [-105.1689, 40.0418], [-105.1689, 40.0436], [-105.1688, 40.0437], [-105.1666, 40.0437], [-105.1594, 40.0437], [-105.156, 40.0437], [-105.1501, 40.0436], [-105.1501, 40.0437], [-105.1501, 40.0509], [-105.1501, 40.0582], [-105.1501, 40.0622], [-105.1501, 40.0666], [-105.1501, 40.0727], [-105.1502, 40.0727], [-105.1502, 40.0786], [-105.1501, 40.083], [-105.1501, 40.0854], [-105.15, 40.0866], [-105.15, 40.0871], [-105.1315, 40.0872]]]}}, {"type": "Feature", "properties": {"SchName": "Eisenhower", "SchCode": 132, "SchType": "Elementary", "StdtPop": 483, "BVSD_Neigh": "Boulder", "Capacity": 613, "Enroll": 453, "Perc_Cap": 0.74, "layer": "Elementary", "Forecast_Capacity": 492, "Forecast_CapRounds": 3.5, "Forecast_Enroll_2025": 265, "Forecast_CapPct_2025": 54, "Forecast_Proj_2026-27": 253, "Forecast_CapPct_2026-27": 51, "Forecast_Proj_2027-28": 246, "Forecast_CapPct_2027-28": 50, "Forecast_Proj_2028-29": 246, "Forecast_CapPct_2028-29": 50, "Forecast_Proj_2029-30": 247, "Forecast_CapPct_2029-30": 50, "Forecast_Proj_2030-31": 255, "Forecast_CapPct_2030-31": 52}, "geometry": {"type": "Polygon", "coordinates": [[[-105.2128, 40], [-105.2128, 39.9988], [-105.2128, 39.9987], [-105.2128, 39.9986], [-105.2127, 39.9964], [-105.2121, 39.9957], [-105.2121, 39.9956], [-105.2126, 39.9928], [-105.213, 39.9916], [-105.2128, 39.99], [-105.2127, 39.9861], [-105.2128, 39.9861], [-105.213, 39.9861], [-105.2141, 39.9861], [-105.2154, 39.986], [-105.2209, 39.9858], [-105.2245, 39.9859], [-105.2254, 39.986], [-105.2266, 39.986], [-105.2272, 39.986], [-105.2272, 39.9857], [-105.2272, 39.9853], [-105.2272, 39.9847], [-105.2272, 39.9843], [-105.2272, 39.9839], [-105.2272, 39.9834], [-105.2272, 39.9831], [-105.2275, 39.9832], [-105.2278, 39.9834], [-105.2286, 39.9838], [-105.2287, 39.9838], [-105.2293, 39.9841], [-105.2299, 39.9844], [-105.2302, 39.9845], [-105.231, 39.9849], [-105.2311, 39.9849], [-105.2319, 39.9853], [-105.2324, 39.9855], [-105.2325, 39.9856], [-105.2329, 39.9858], [-105.2337, 39.9861], [-105.2343, 39.9864], [-105.2348, 39.9867], [-105.2349, 39.9867], [-105.2368, 39.9876], [-105.2459, 39.9928], [-105.2531, 39.997], [-105.2542, 39.9977], [-105.2566, 39.9991], [-105.2576, 39.9996], [-105.258, 39.9999], [-105.2583, 40.0002], [-105.2559, 40.0001], [-105.2548, 40], [-105.2491, 40], [-105.2468, 40], [-105.2458, 40.0001], [-105.2434, 40.0001], [-105.2365, 40], [-105.2328, 40.0001], [-105.2345, 40.0023], [-105.2373, 40.0057], [-105.2397, 40.0086], [-105.2402, 40.0095], [-105.2404, 40.0102], [-105.2404, 40.0105], [-105.2404, 40.0128], [-105.2404, 40.0132], [-105.2404, 40.0136], [-105.2406, 40.0146], [-105.2405, 40.0146], [-105.24, 40.0146], [-105.2393, 40.0146], [-105.2386, 40.0146], [-105.2346, 40.0146], [-105.2345, 40.0146], [-105.2279, 40.0146], [-105.227, 40.0146], [-105.2259, 40.0146], [-105.2205, 40.0146], [-105.2191, 40.0146], [-105.2175, 40.0146], [-105.2156, 40.0146], [-105.2149, 40.0146], [-105.213, 40.0146], [-105.213, 40.0096], [-105.2131, 40.0089], [-105.2129, 40.0081], [-105.2128, 40.0078], [-105.2125, 40.0075], [-105.2125, 40.0073], [-105.2124, 40.0072], [-105.2125, 40.0017], [-105.2125, 40.0013], [-105.2126, 40.001], [-105.2128, 40]]]}}, {"type": "Feature", "properties": {"SchName": "Eldorado", "SchCode": 506, "SchType": "Elementary", "StdtPop": 472, "BVSD_Neigh": " ", "Capacity": 470, "Enroll": 516, "Perc_Cap": 1.1, "layer": "Elementary", "Forecast_Capacity": 568, "Forecast_CapRounds": 4.0, "Forecast_Enroll_2025": 252, "Forecast_CapPct_2025": 44, "Forecast_Proj_2026-27": 253, "Forecast_CapPct_2026-27": 45, "Forecast_Proj_2027-28": 247, "Forecast_CapPct_2027-28": 43, "Forecast_Proj_2028-29": 248, "Forecast_CapPct_2028-29": 44, "Forecast_Proj_2029-30": 250, "Forecast_CapPct_2029-30": 44, "Forecast_Proj_2030-31": 249, "Forecast_CapPct_2030-31": 44}, "geometry": {"type": "Polygon", "coordinates": [[[-105.156, 39.9293], [-105.153, 39.9292], [-105.1517, 39.9293], [-105.1504, 39.929], [-105.1503, 39.929], [-105.1494, 39.929], [-105.1475, 39.929], [-105.1473, 39.929], [-105.147, 39.929], [-105.147, 39.9289], [-105.1471, 39.9288], [-105.1471, 39.9266], [-105.1471, 39.9214], [-105.1469, 39.9143], [-105.1469, 39.9142], [-105.1471, 39.9142], [-105.2168, 39.9142], [-105.2174, 39.9142], [-105.2174, 39.9174], [-105.2174, 39.9207], [-105.2174, 39.9209], [-105.2174, 39.9285], [-105.2174, 39.9286], [-105.2171, 39.9286], [-105.2045, 39.9286], [-105.1952, 39.9287], [-105.1897, 39.9287], [-105.1804, 39.9287], [-105.1677, 39.9287], [-105.1658, 39.9287], [-105.1649, 39.9287], [-105.1622, 39.9287], [-105.1609, 39.9291], [-105.1598, 39.9293], [-105.156, 39.9293]]]}}, {"type": "Feature", "properties": {"SchName": "Emerald", "SchCode": 134, "SchType": "Elementary", "StdtPop": 364, "BVSD_Neigh": " ", "Capacity": 454, "Enroll": 304, "Perc_Cap": 0.67, "layer": "Elementary", "Forecast_Capacity": 393, "Forecast_CapRounds": 2.5, "Forecast_Enroll_2025": 365, "Forecast_CapPct_2025": 93, "Forecast_Proj_2026-27": 355, "Forecast_CapPct_2026-27": 90, "Forecast_Proj_2027-28": 341, "Forecast_CapPct_2027-28": 87, "Forecast_Proj_2028-29": 337, "Forecast_CapPct_2028-29": 86, "Forecast_Proj_2029-30": 346, "Forecast_CapPct_2029-30": 88, "Forecast_Proj_2030-31": 345, "Forecast_CapPct_2030-31": 88}, "geometry": {"type": "Polygon", "coordinates": [[[-105.1186, 39.9304], [-105.1165, 39.9287], [-105.115, 39.9287], [-105.1039, 39.9287], [-105.0934, 39.9287], [-105.0911, 39.9287], [-105.0908, 39.9287], [-105.0907, 39.9257], [-105.0907, 39.9239], [-105.0908, 39.923], [-105.0907, 39.9221], [-105.0887, 39.9221], [-105.0877, 39.9221], [-105.0861, 39.9222], [-105.0855, 39.9223], [-105.0851, 39.9224], [-105.0834, 39.9226], [-105.0822, 39.9228], [-105.082, 39.9229], [-105.0813, 39.9231], [-105.0796, 39.9235], [-105.0792, 39.9236], [-105.0789, 39.9237], [-105.0779, 39.9239], [-105.0767, 39.9243], [-105.0765, 39.9244], [-105.076, 39.9246], [-105.0747, 39.9248], [-105.0743, 39.9249], [-105.0742, 39.9249], [-105.0736, 39.925], [-105.0725, 39.9251], [-105.072, 39.9251], [-105.0719, 39.9251], [-105.0718, 39.9251], [-105.0714, 39.9251], [-105.0711, 39.9251], [-105.071, 39.925], [-105.0709, 39.925], [-105.0704, 39.9248], [-105.07, 39.9247], [-105.069, 39.9244], [-105.0686, 39.9243], [-105.0682, 39.9243], [-105.0674, 39.9244], [-105.0667, 39.9245], [-105.0666, 39.9246], [-105.0651, 39.9248], [-105.0642, 39.925], [-105.0635, 39.9252], [-105.0619, 39.9252], [-105.0581, 39.9251], [-105.0573, 39.9251], [-105.0555, 39.9251], [-105.0536, 39.9251], [-105.053, 39.9252], [-105.053, 39.9145], [-105.0902, 39.9143], [-105.1117, 39.9144], [-105.1322, 39.9142], [-105.1469, 39.9142], [-105.1469, 39.9143], [-105.1471, 39.9214], [-105.1471, 39.9266], [-105.1471, 39.9288], [-105.147, 39.9289], [-105.147, 39.929], [-105.1433, 39.9289], [-105.1425, 39.9289], [-105.1376, 39.9289], [-105.1376, 39.929], [-105.1375, 39.9335], [-105.1376, 39.9394], [-105.1376, 39.9395], [-105.1375, 39.9395], [-105.1337, 39.9378], [-105.1282, 39.9353], [-105.1281, 39.9352], [-105.1281, 39.9351], [-105.1276, 39.9349], [-105.1255, 39.934], [-105.1225, 39.9327], [-105.1201, 39.9314], [-105.1195, 39.931], [-105.1193, 39.9309], [-105.1191, 39.9308], [-105.1186, 39.9304]]]}}, {"type": "Feature", "properties": {"SchName": "Fireside", "SchCode": 156, "SchType": "Elementary", "StdtPop": 313, "BVSD_Neigh": " ", "Capacity": 475, "Enroll": 448, "Perc_Cap": 0.94, "layer": "Elementary", "Forecast_Capacity": 516, "Forecast_CapRounds": 3.5, "Forecast_Enroll_2025": 405, "Forecast_CapPct_2025": 78, "Forecast_Proj_2026-27": 385, "Forecast_CapPct_2026-27": 75, "Forecast_Proj_2027-28": 373, "Forecast_CapPct_2027-28": 72, "Forecast_Proj_2028-29": 358, "Forecast_CapPct_2028-29": 69, "Forecast_Proj_2029-30": 355, "Forecast_CapPct_2029-30": 69, "Forecast_Proj_2030-31": 359, "Forecast_CapPct_2030-31": 70}, "geometry": {"type": "Polygon", "coordinates": [[[-105.1468, 39.9724], [-105.1468, 39.9723], [-105.1468, 39.9722], [-105.1468, 39.9716], [-105.1468, 39.9706], [-105.1468, 39.9699], [-105.1468, 39.9692], [-105.1468, 39.9688], [-105.1468, 39.9682], [-105.1468, 39.9675], [-105.1469, 39.9654], [-105.1469, 39.9653], [-105.1471, 39.9653], [-105.1495, 39.9653], [-105.1528, 39.9652], [-105.1565, 39.9653], [-105.1573, 39.9652], [-105.1581, 39.9652], [-105.1593, 39.9651], [-105.1617, 39.9642], [-105.1633, 39.9642], [-105.1634, 39.9642], [-105.1635, 39.9642], [-105.1635, 39.9629], [-105.1641, 39.9623], [-105.1643, 39.962], [-105.1647, 39.9616], [-105.1649, 39.9612], [-105.1654, 39.9604], [-105.1657, 39.9593], [-105.1659, 39.9583], [-105.1748, 39.9615], [-105.175, 39.9615], [-105.1767, 39.9622], [-105.1843, 39.9652], [-105.1845, 39.9653], [-105.1845, 39.9654], [-105.1844, 39.9655], [-105.1844, 39.9673], [-105.1844, 39.9681], [-105.1828, 39.9682], [-105.1827, 39.9701], [-105.1827, 39.9721], [-105.1827, 39.9723], [-105.1753, 39.9723], [-105.1753, 39.9742], [-105.1753, 39.9787], [-105.1718, 39.9787], [-105.1691, 39.9787], [-105.1663, 39.9787], [-105.166, 39.9787], [-105.1659, 39.9787], [-105.1658, 39.9787], [-105.1658, 39.9775], [-105.1658, 39.9767], [-105.1658, 39.9759], [-105.1658, 39.9755], [-105.1658, 39.9753], [-105.1658, 39.9743], [-105.1656, 39.9739], [-105.1655, 39.9737], [-105.1653, 39.9734], [-105.1643, 39.9725], [-105.1638, 39.9729], [-105.163, 39.9735], [-105.1619, 39.974], [-105.1606, 39.9743], [-105.1601, 39.9745], [-105.1595, 39.9749], [-105.1582, 39.9754], [-105.1581, 39.9754], [-105.1573, 39.9756], [-105.1562, 39.976], [-105.1538, 39.9768], [-105.1536, 39.9769], [-105.1521, 39.9774], [-105.1504, 39.978], [-105.1487, 39.9789], [-105.1468, 39.98], [-105.1467, 39.9799], [-105.1468, 39.9783], [-105.1468, 39.9777], [-105.1468, 39.977], [-105.1469, 39.9763], [-105.1468, 39.9761], [-105.1468, 39.976], [-105.1468, 39.9755], [-105.1467, 39.9754], [-105.1466, 39.9753], [-105.1465, 39.9753], [-105.1467, 39.9748], [-105.1468, 39.9746], [-105.1468, 39.9745], [-105.1468, 39.9742], [-105.1468, 39.9741], [-105.1468, 39.9738], [-105.1471, 39.9734], [-105.1472, 39.9733], [-105.1474, 39.9729], [-105.1474, 39.9725], [-105.1468, 39.9725], [-105.1468, 39.9724]]]}}, {"type": "Feature", "properties": {"SchName": "Flatirons", "SchCode": 136, "SchType": "Elementary", "StdtPop": 304, "BVSD_Neigh": "Boulder", "Capacity": 337, "Enroll": 292, "Perc_Cap": 0.87, "layer": "Elementary", "Forecast_Capacity": 320, "Forecast_CapRounds": 2.0, "Forecast_Enroll_2025": 151, "Forecast_CapPct_2025": 47, "Forecast_Proj_2026-27": 149, "Forecast_CapPct_2026-27": 47, "Forecast_Proj_2027-28": 144, "Forecast_CapPct_2027-28": 45, "Forecast_Proj_2028-29": 149, "Forecast_CapPct_2028-29": 47, "Forecast_Proj_2029-30": 146, "Forecast_CapPct_2029-30": 46, "Forecast_Proj_2030-31": 177, "Forecast_CapPct_2030-31": 55}, "geometry": {"type": "Polygon", "coordinates": [[[-105.3517, 40.0645], [-105.3471, 40.0575], [-105.3432, 40.0576], [-105.343, 40.0576], [-105.3409, 40.0576], [-105.3405, 40.0576], [-105.3395, 40.0576], [-105.3394, 40.0576], [-105.3384, 40.0576], [-105.3382, 40.0576], [-105.3376, 40.0577], [-105.3364, 40.0565], [-105.3361, 40.0562], [-105.3338, 40.0539], [-105.3256, 40.0457], [-105.3255, 40.0456], [-105.3235, 40.0436], [-105.3223, 40.0424], [-105.3198, 40.0401], [-105.3159, 40.0365], [-105.3131, 40.0341], [-105.3037, 40.0268], [-105.3008, 40.0246], [-105.3007, 40.0246], [-105.3004, 40.0246], [-105.2995, 40.0248], [-105.298, 40.0252], [-105.2974, 40.0252], [-105.2972, 40.0253], [-105.297, 40.0253], [-105.2961, 40.0254], [-105.2949, 40.0255], [-105.2948, 40.0255], [-105.2927, 40.0255], [-105.2926, 40.0255], [-105.2926, 40.0246], [-105.2924, 40.0246], [-105.2918, 40.0246], [-105.2916, 40.0246], [-105.2915, 40.0246], [-105.2915, 40.0205], [-105.2925, 40.0205], [-105.2932, 40.0205], [-105.2933, 40.0205], [-105.2927, 40.02], [-105.2922, 40.0195], [-105.2921, 40.0189], [-105.292, 40.0188], [-105.292, 40.0186], [-105.2921, 40.0184], [-105.2922, 40.0184], [-105.2922, 40.0183], [-105.2922, 40.0178], [-105.2924, 40.0176], [-105.2924, 40.0175], [-105.2924, 40.0174], [-105.2925, 40.0173], [-105.2927, 40.0171], [-105.293, 40.0167], [-105.2936, 40.0169], [-105.2936, 40.0167], [-105.294, 40.0167], [-105.294, 40.016], [-105.2941, 40.0154], [-105.2941, 40.0151], [-105.2942, 40.0151], [-105.2949, 40.0145], [-105.295, 40.0145], [-105.2951, 40.0144], [-105.2953, 40.0141], [-105.2953, 40.0136], [-105.294, 40.0136], [-105.2928, 40.0137], [-105.2923, 40.0137], [-105.2921, 40.0137], [-105.2914, 40.0138], [-105.2903, 40.0135], [-105.2901, 40.0135], [-105.2892, 40.0136], [-105.2872, 40.0137], [-105.2853, 40.0138], [-105.2837, 40.0139], [-105.2835, 40.0139], [-105.2831, 40.0142], [-105.2808, 40.0147], [-105.2807, 40.0147], [-105.279, 40.015], [-105.2787, 40.0141], [-105.2786, 40.0138], [-105.2783, 40.0129], [-105.2777, 40.0119], [-105.2768, 40.0105], [-105.2734, 40.0105], [-105.2721, 40.0105], [-105.2719, 40.0104], [-105.2695, 40.0081], [-105.2695, 40.0082], [-105.2692, 40.0082], [-105.2667, 40.0082], [-105.2661, 40.0082], [-105.2648, 40.0082], [-105.2639, 40.0082], [-105.2629, 40.0082], [-105.2613, 40.0081], [-105.2607, 40.0083], [-105.2596, 40.0083], [-105.2594, 40.0083], [-105.2591, 40.0083], [-105.2588, 40.0082], [-105.2587, 40.0082], [-105.2587, 40.002], [-105.2586, 40.0014], [-105.2586, 40.0009], [-105.2585, 40.0006], [-105.2584, 40.0005], [-105.2584, 40.0003], [-105.2587, 40.0003], [-105.2599, 40.0004], [-105.2601, 40.0004], [-105.2602, 40.0004], [-105.2615, 40.0003], [-105.2631, 40.0002], [-105.2636, 40.0001], [-105.2646, 40.0001], [-105.2677, 40.0001], [-105.2686, 40.0001], [-105.27, 40.0001], [-105.2712, 40.0001], [-105.2725, 40.0001], [-105.2737, 40.0001], [-105.275, 40.0001], [-105.2761, 40.0001], [-105.2764, 40.0001], [-105.2768, 40.0001], [-105.2768, 39.9991], [-105.2767, 39.999], [-105.2767, 39.9989], [-105.2767, 39.9983], [-105.2769, 39.9983], [-105.2773, 39.9984], [-105.2774, 39.9984], [-105.2776, 39.9983], [-105.2777, 39.9982], [-105.2777, 39.9979], [-105.2778, 39.9979], [-105.2777, 39.9971], [-105.2777, 39.9966], [-105.2778, 39.9966], [-105.2778, 39.994], [-105.2775, 39.9941], [-105.2773, 39.9898], [-105.2773, 39.9893], [-105.2771, 39.9868], [-105.2771, 39.9858], [-105.2771, 39.9857], [-105.2772, 39.9857], [-105.2773, 39.9858], [-105.2777, 39.9858], [-105.2782, 39.9858], [-105.2797, 39.9858], [-105.281, 39.9858], [-105.2823, 39.9858], [-105.2841, 39.9839], [-105.2862, 39.9819], [-105.2893, 39.9788], [-105.2905, 39.9776], [-105.2916, 39.9765], [-105.2927, 39.9755], [-105.2927, 39.9754], [-105.293, 39.9752], [-105.2931, 39.975], [-105.2949, 39.9733], [-105.2967, 39.9716], [-105.2982, 39.9701], [-105.3005, 39.968], [-105.3025, 39.966], [-105.3027, 39.9658], [-105.3029, 39.9657], [-105.3031, 39.9655], [-105.3031, 39.9654], [-105.3032, 39.9654], [-105.3032, 39.9653], [-105.3033, 39.9652], [-105.3034, 39.9651], [-105.3036, 39.965], [-105.3037, 39.9648], [-105.3056, 39.963], [-105.3075, 39.961], [-105.3095, 39.9591], [-105.3114, 39.9572], [-105.3136, 39.9549], [-105.3143, 39.9543], [-105.3168, 39.9519], [-105.3187, 39.95], [-105.3205, 39.9482], [-105.3247, 39.9442], [-105.3251, 39.9438], [-105.3257, 39.9432], [-105.3258, 39.9431], [-105.3259, 39.943], [-105.3261, 39.9428], [-105.3263, 39.9426], [-105.3269, 39.942], [-105.3273, 39.9416], [-105.3277, 39.9412], [-105.3282, 39.9407], [-105.3288, 39.9401], [-105.332, 39.937], [-105.3326, 39.9363], [-105.3334, 39.9355], [-105.3341, 39.9349], [-105.3342, 39.9347], [-105.3347, 39.9342], [-105.3352, 39.9338], [-105.3359, 39.933], [-105.3366, 39.9334], [-105.3401, 39.9351], [-105.3434, 39.9368], [-105.3444, 39.9373], [-105.3516, 39.941], [-105.3562, 39.9448], [-105.3676, 39.9541], [-105.3702, 39.9562], [-105.3702, 39.9566], [-105.3702, 39.9658], [-105.3702, 39.9783], [-105.3702, 39.9855], [-105.3706, 39.9857], [-105.3952, 40.0017], [-105.3979, 40.0034], [-105.4004, 40.005], [-105.4063, 40.0086], [-105.4065, 40.0087], [-105.4066, 40.0087], [-105.4067, 40.0088], [-105.4069, 40.0089], [-105.4204, 40.0089], [-105.4253, 40.0089], [-105.4257, 40.0089], [-105.4258, 40.0089], [-105.4315, 40.0115], [-105.4324, 40.0119], [-105.4333, 40.0124], [-105.4398, 40.016], [-105.4447, 40.0186], [-105.4462, 40.0195], [-105.4477, 40.0203], [-105.4493, 40.0213], [-105.4668, 40.0212], [-105.4698, 40.0212], [-105.4753, 40.0268], [-105.4775, 40.029], [-105.4787, 40.0303], [-105.4869, 40.0386], [-105.4893, 40.0411], [-105.4892, 40.0411], [-105.4691, 40.0422], [-105.467, 40.0423], [-105.4578, 40.0429], [-105.4535, 40.0432], [-105.4493, 40.0435], [-105.4397, 40.0442], [-105.4152, 40.046], [-105.4113, 40.0463], [-105.4112, 40.0463], [-105.4109, 40.0463], [-105.4103, 40.0464], [-105.4096, 40.0465], [-105.4093, 40.0466], [-105.4057, 40.0472], [-105.4003, 40.0481], [-105.3935, 40.056], [-105.3923, 40.0575], [-105.3861, 40.0633], [-105.3835, 40.0658], [-105.3835, 40.0667], [-105.3835, 40.0735], [-105.3835, 40.0737], [-105.3827, 40.0738], [-105.381, 40.0741], [-105.3789, 40.0746], [-105.3772, 40.0749], [-105.3765, 40.075], [-105.3736, 40.0756], [-105.372, 40.0759], [-105.3716, 40.076], [-105.363, 40.0777], [-105.3628, 40.0777], [-105.3627, 40.0778], [-105.3627, 40.0777], [-105.3626, 40.0777], [-105.3626, 40.0776], [-105.3565, 40.0714], [-105.3536, 40.0672], [-105.3526, 40.0658], [-105.3517, 40.0645]]]}}, {"type": "Feature", "properties": {"SchName": "Foothill", "SchCode": 138, "SchType": "Elementary", "StdtPop": 597, "BVSD_Neigh": "Boulder", "Capacity": 644, "Enroll": 583, "Perc_Cap": 0.91, "layer": "Elementary", "Forecast_Capacity": 565, "Forecast_CapRounds": 4.0, "Forecast_Enroll_2025": 434, "Forecast_CapPct_2025": 77, "Forecast_Proj_2026-27": 437, "Forecast_CapPct_2026-27": 77, "Forecast_Proj_2027-28": 444, "Forecast_CapPct_2027-28": 79, "Forecast_Proj_2028-29": 439, "Forecast_CapPct_2028-29": 78, "Forecast_Proj_2029-30": 432, "Forecast_CapPct_2029-30": 76, "Forecast_Proj_2030-31": 438, "Forecast_CapPct_2030-31": 78}, "geometry": {"type": "Polygon", "coordinates": [[[-105.2822, 40.1018], [-105.2821, 40.0874], [-105.2821, 40.0873], [-105.2819, 40.0873], [-105.2821, 40.0872], [-105.2821, 40.0866], [-105.2821, 40.0846], [-105.2821, 40.0842], [-105.2821, 40.0799], [-105.2824, 40.0793], [-105.2824, 40.0792], [-105.2834, 40.0766], [-105.2846, 40.0744], [-105.2845, 40.0736], [-105.2845, 40.0735], [-105.2839, 40.0708], [-105.2838, 40.0707], [-105.2835, 40.0696], [-105.2835, 40.0695], [-105.2819, 40.0659], [-105.2814, 40.0653], [-105.2817, 40.065], [-105.2819, 40.0647], [-105.2821, 40.0645], [-105.2821, 40.0637], [-105.2821, 40.0618], [-105.2821, 40.0553], [-105.2821, 40.0551], [-105.2821, 40.0545], [-105.2821, 40.0516], [-105.2821, 40.0512], [-105.2821, 40.0508], [-105.2821, 40.0499], [-105.2821, 40.049], [-105.2821, 40.0436], [-105.2821, 40.0417], [-105.2821, 40.0415], [-105.2821, 40.0413], [-105.2821, 40.0391], [-105.2774, 40.0391], [-105.2764, 40.0391], [-105.2763, 40.0391], [-105.2759, 40.0396], [-105.2756, 40.04], [-105.2753, 40.0401], [-105.2743, 40.0401], [-105.2742, 40.0401], [-105.2742, 40.0399], [-105.2742, 40.0396], [-105.2746, 40.039], [-105.2747, 40.0389], [-105.2748, 40.0388], [-105.2748, 40.0382], [-105.2748, 40.0381], [-105.2748, 40.038], [-105.2748, 40.0377], [-105.2749, 40.0376], [-105.275, 40.0375], [-105.275, 40.0374], [-105.2751, 40.0373], [-105.2752, 40.0372], [-105.2756, 40.0369], [-105.2755, 40.0368], [-105.2754, 40.0367], [-105.2753, 40.0366], [-105.2753, 40.0365], [-105.2753, 40.0364], [-105.2757, 40.0364], [-105.2762, 40.0364], [-105.2763, 40.0361], [-105.2763, 40.0357], [-105.2765, 40.0351], [-105.2766, 40.035], [-105.2766, 40.0349], [-105.2771, 40.0343], [-105.2772, 40.0343], [-105.2775, 40.034], [-105.2777, 40.0339], [-105.2777, 40.0338], [-105.2781, 40.0333], [-105.2782, 40.0331], [-105.2783, 40.0331], [-105.2783, 40.033], [-105.2785, 40.0327], [-105.2787, 40.0324], [-105.2791, 40.0322], [-105.2794, 40.032], [-105.2795, 40.032], [-105.2795, 40.0319], [-105.2796, 40.0319], [-105.2796, 40.0317], [-105.2801, 40.0313], [-105.2821, 40.0313], [-105.2821, 40.0312], [-105.2821, 40.031], [-105.2821, 40.0309], [-105.2821, 40.0292], [-105.2821, 40.0267], [-105.2821, 40.0261], [-105.2821, 40.0255], [-105.2856, 40.0255], [-105.2859, 40.0255], [-105.2864, 40.0255], [-105.2868, 40.0255], [-105.2877, 40.0255], [-105.2878, 40.0255], [-105.2879, 40.0255], [-105.288, 40.0255], [-105.2887, 40.0255], [-105.2894, 40.0255], [-105.2902, 40.0255], [-105.2914, 40.0256], [-105.2916, 40.0256], [-105.2924, 40.0255], [-105.2926, 40.0255], [-105.2927, 40.0255], [-105.2948, 40.0255], [-105.2949, 40.0255], [-105.2961, 40.0254], [-105.297, 40.0253], [-105.2972, 40.0253], [-105.2974, 40.0252], [-105.298, 40.0252], [-105.2995, 40.0248], [-105.3004, 40.0246], [-105.3007, 40.0246], [-105.3008, 40.0246], [-105.3037, 40.0268], [-105.3131, 40.0341], [-105.3159, 40.0365], [-105.3198, 40.0401], [-105.3223, 40.0424], [-105.3235, 40.0436], [-105.3255, 40.0456], [-105.3256, 40.0457], [-105.3338, 40.0539], [-105.3361, 40.0562], [-105.3364, 40.0565], [-105.3376, 40.0577], [-105.3382, 40.0576], [-105.3384, 40.0576], [-105.3394, 40.0576], [-105.3395, 40.0576], [-105.3405, 40.0576], [-105.3409, 40.0576], [-105.343, 40.0576], [-105.3432, 40.0576], [-105.3471, 40.0575], [-105.3517, 40.0645], [-105.3526, 40.0658], [-105.3536, 40.0672], [-105.3565, 40.0714], [-105.3626, 40.0776], [-105.3626, 40.0777], [-105.3627, 40.0777], [-105.3627, 40.0778], [-105.3568, 40.0872], [-105.3536, 40.0872], [-105.3509, 40.0871], [-105.348, 40.0899], [-105.3471, 40.0907], [-105.3451, 40.0926], [-105.3426, 40.095], [-105.3378, 40.0995], [-105.3349, 40.1018], [-105.3347, 40.102], [-105.3289, 40.102], [-105.3286, 40.1018], [-105.3196, 40.1019], [-105.3138, 40.102], [-105.3119, 40.102], [-105.3095, 40.102], [-105.3065, 40.1021], [-105.3057, 40.1021], [-105.3061, 40.1093], [-105.3012, 40.1142], [-105.3014, 40.1093], [-105.3012, 40.1019], [-105.2822, 40.1018]]]}}, {"type": "Feature", "properties": {"SchName": "Gold Hill", "SchCode": 141, "SchType": "Elementary", "StdtPop": 14, "BVSD_Neigh": " ", "Capacity": 37, "Enroll": 26, "Perc_Cap": 0.7, "layer": "Elementary", "Forecast_Capacity": 49, "Forecast_CapRounds": 0.5, "Forecast_Enroll_2025": 11, "Forecast_CapPct_2025": 22, "Forecast_Proj_2026-27": 13, "Forecast_CapPct_2026-27": 27, "Forecast_Proj_2027-28": 13, "Forecast_CapPct_2027-28": 27, "Forecast_Proj_2028-29": 13, "Forecast_CapPct_2028-29": 27, "Forecast_Proj_2029-30": 12, "Forecast_CapPct_2029-30": 24, "Forecast_Proj_2030-31": 12, "Forecast_CapPct_2030-31": 24}, "geometry": {"type": "Polygon", "coordinates": [[[-105.4892, 40.0411], [-105.4892, 40.0412], [-105.4894, 40.0413], [-105.4896, 40.0415], [-105.4903, 40.0421], [-105.4907, 40.0425], [-105.4914, 40.0433], [-105.4922, 40.044], [-105.4924, 40.0442], [-105.4938, 40.0456], [-105.4951, 40.047], [-105.4991, 40.0512], [-105.4992, 40.0513], [-105.4992, 40.0514], [-105.4991, 40.0514], [-105.4921, 40.0545], [-105.4914, 40.0548], [-105.4789, 40.0573], [-105.4671, 40.0594], [-105.4668, 40.0595], [-105.4624, 40.0606], [-105.459, 40.0615], [-105.4474, 40.0644], [-105.4299, 40.0679], [-105.4273, 40.0683], [-105.4111, 40.0705], [-105.4018, 40.0715], [-105.392, 40.0727], [-105.3838, 40.0736], [-105.3836, 40.0737], [-105.3835, 40.0737], [-105.3835, 40.0735], [-105.3835, 40.0667], [-105.3835, 40.0658], [-105.3861, 40.0633], [-105.3923, 40.0575], [-105.3935, 40.056], [-105.4003, 40.0481], [-105.4057, 40.0472], [-105.4093, 40.0466], [-105.4096, 40.0465], [-105.4103, 40.0464], [-105.4109, 40.0463], [-105.4112, 40.0463], [-105.4113, 40.0463], [-105.4152, 40.046], [-105.4397, 40.0442], [-105.4493, 40.0435], [-105.4535, 40.0432], [-105.4578, 40.0429], [-105.467, 40.0423], [-105.4691, 40.0422], [-105.4892, 40.0411]]]}}, {"type": "Feature", "properties": {"SchName": "Heatherwood", "SchCode": 144, "SchType": "Elementary", "StdtPop": 393, "BVSD_Neigh": "Boulder", "Capacity": 552, "Enroll": 364, "Perc_Cap": 0.66, "layer": "Elementary", "Forecast_Capacity": 492, "Forecast_CapRounds": 3.5, "Forecast_Enroll_2025": 225, "Forecast_CapPct_2025": 46, "Forecast_Proj_2026-27": 216, "Forecast_CapPct_2026-27": 44, "Forecast_Proj_2027-28": 209, "Forecast_CapPct_2027-28": 42, "Forecast_Proj_2028-29": 214, "Forecast_CapPct_2028-29": 43, "Forecast_Proj_2029-30": 203, "Forecast_CapPct_2029-30": 41, "Forecast_Proj_2030-31": 210, "Forecast_CapPct_2030-31": 43}, "geometry": {"type": "Polygon", "coordinates": [[[-105.1979, 40.0737], [-105.1979, 40.0728], [-105.1939, 40.0728], [-105.1885, 40.0728], [-105.1881, 40.0728], [-105.183, 40.0728], [-105.1808, 40.0728], [-105.1785, 40.0728], [-105.176, 40.0728], [-105.1596, 40.0727], [-105.1502, 40.0727], [-105.1501, 40.0727], [-105.1501, 40.0666], [-105.1501, 40.0622], [-105.1501, 40.0582], [-105.1501, 40.0509], [-105.1501, 40.0437], [-105.1501, 40.0436], [-105.156, 40.0437], [-105.1594, 40.0437], [-105.1666, 40.0437], [-105.1688, 40.0437], [-105.1689, 40.0437], [-105.1689, 40.0436], [-105.1689, 40.0418], [-105.1689, 40.0401], [-105.169, 40.0401], [-105.1784, 40.0401], [-105.1801, 40.0401], [-105.1864, 40.0401], [-105.1939, 40.0401], [-105.1966, 40.0401], [-105.2013, 40.0401], [-105.2065, 40.0401], [-105.2067, 40.0401], [-105.221, 40.0397], [-105.2424, 40.0401], [-105.2377, 40.047], [-105.2256, 40.0566], [-105.207, 40.0733], [-105.2069, 40.0744], [-105.2069, 40.0745], [-105.2052, 40.0759], [-105.2046, 40.0764], [-105.2014, 40.0791], [-105.1975, 40.0826], [-105.1974, 40.0826], [-105.1974, 40.0772], [-105.1974, 40.077], [-105.1975, 40.0762], [-105.1972, 40.0761], [-105.1973, 40.0757], [-105.1974, 40.0756], [-105.1975, 40.0755], [-105.1977, 40.075], [-105.1978, 40.075], [-105.198, 40.0748], [-105.1976, 40.0746], [-105.1974, 40.0745], [-105.1978, 40.074], [-105.1979, 40.0737]]]}}, {"type": "Feature", "properties": {"SchName": "Jamestown", "SchCode": 147, "SchType": "Elementary", "StdtPop": 22, "BVSD_Neigh": " ", "Capacity": 19, "Enroll": 21, "Perc_Cap": 1.11, "layer": "Elementary", "Forecast_Capacity": 25, "Forecast_CapRounds": 0.5, "Forecast_Enroll_2025": 17, "Forecast_CapPct_2025": 68, "Forecast_Proj_2026-27": 19, "Forecast_CapPct_2026-27": 76, "Forecast_Proj_2027-28": 17, "Forecast_CapPct_2027-28": 68, "Forecast_Proj_2028-29": 16, "Forecast_CapPct_2028-29": 64, "Forecast_Proj_2029-30": 16, "Forecast_CapPct_2029-30": 64, "Forecast_Proj_2030-31": 14, "Forecast_CapPct_2030-31": 56}, "geometry": {"type": "Polygon", "coordinates": [[[-105.3566, 40.1307], [-105.3567, 40.1236], [-105.3476, 40.1236], [-105.3383, 40.1239], [-105.3286, 40.1238], [-105.3287, 40.1163], [-105.3286, 40.1066], [-105.3286, 40.1054], [-105.3286, 40.102], [-105.3289, 40.102], [-105.3347, 40.102], [-105.3349, 40.1018], [-105.3378, 40.0995], [-105.3426, 40.095], [-105.3451, 40.0926], [-105.3471, 40.0907], [-105.348, 40.0899], [-105.3509, 40.0871], [-105.3536, 40.0872], [-105.3568, 40.0872], [-105.3627, 40.0778], [-105.3628, 40.0777], [-105.363, 40.0777], [-105.3716, 40.076], [-105.372, 40.0759], [-105.3736, 40.0756], [-105.3765, 40.075], [-105.3772, 40.0749], [-105.3789, 40.0746], [-105.381, 40.0741], [-105.3827, 40.0738], [-105.3835, 40.0737], [-105.3836, 40.0737], [-105.3838, 40.0736], [-105.392, 40.0727], [-105.4018, 40.0715], [-105.4111, 40.0705], [-105.4273, 40.0683], [-105.4299, 40.0679], [-105.4474, 40.0644], [-105.459, 40.0615], [-105.4624, 40.0606], [-105.4668, 40.0595], [-105.4671, 40.0594], [-105.4789, 40.0573], [-105.4914, 40.0548], [-105.4921, 40.0545], [-105.4991, 40.0514], [-105.4992, 40.0514], [-105.504, 40.0571], [-105.5041, 40.0572], [-105.5067, 40.0597], [-105.5126, 40.0654], [-105.513, 40.0658], [-105.5123, 40.0657], [-105.5047, 40.0655], [-105.4946, 40.0654], [-105.4938, 40.0656], [-105.4937, 40.0656], [-105.4921, 40.0661], [-105.4894, 40.0669], [-105.4893, 40.0669], [-105.4892, 40.067], [-105.4856, 40.068], [-105.4761, 40.0711], [-105.4673, 40.073], [-105.4671, 40.073], [-105.4669, 40.0731], [-105.4576, 40.0776], [-105.4489, 40.0818], [-105.4487, 40.0819], [-105.4486, 40.082], [-105.4481, 40.0822], [-105.448, 40.0822], [-105.4479, 40.0823], [-105.4459, 40.0831], [-105.4444, 40.0838], [-105.4443, 40.0838], [-105.4437, 40.0841], [-105.4392, 40.0859], [-105.4357, 40.0871], [-105.4333, 40.0917], [-105.4321, 40.0941], [-105.4287, 40.101], [-105.4283, 40.1016], [-105.4282, 40.1018], [-105.4275, 40.103], [-105.4254, 40.1063], [-105.4226, 40.111], [-105.4216, 40.1127], [-105.4205, 40.1146], [-105.4198, 40.1159], [-105.4194, 40.1166], [-105.419, 40.1172], [-105.4164, 40.1218], [-105.4146, 40.1249], [-105.4145, 40.125], [-105.4133, 40.127], [-105.4108, 40.132], [-105.4083, 40.1379], [-105.4075, 40.1398], [-105.4068, 40.1416], [-105.4067, 40.1417], [-105.4063, 40.1428], [-105.4062, 40.143], [-105.4061, 40.1431], [-105.3923, 40.1434], [-105.3749, 40.1451], [-105.3567, 40.1451], [-105.3566, 40.1355], [-105.3566, 40.1335], [-105.3566, 40.1307]]]}}, {"type": "Feature", "properties": {"SchName": "Kohl", "SchCode": 150, "SchType": "Elementary", "StdtPop": 352, "BVSD_Neigh": " ", "Capacity": 521, "Enroll": 449, "Perc_Cap": 0.86, "layer": "Elementary", "Forecast_Capacity": 541, "Forecast_CapRounds": 3.5, "Forecast_Enroll_2025": 256, "Forecast_CapPct_2025": 47, "Forecast_Proj_2026-27": 258, "Forecast_CapPct_2026-27": 48, "Forecast_Proj_2027-28": 258, "Forecast_CapPct_2027-28": 48, "Forecast_Proj_2028-29": 256, "Forecast_CapPct_2028-29": 47, "Forecast_Proj_2029-30": 262, "Forecast_CapPct_2029-30": 48, "Forecast_Proj_2030-31": 266, "Forecast_CapPct_2030-31": 49}, "geometry": {"type": "Polygon", "coordinates": [[[-105.0887, 39.9221], [-105.0907, 39.9221], [-105.0908, 39.923], [-105.0907, 39.9239], [-105.0907, 39.9257], [-105.0908, 39.9287], [-105.0907, 39.9287], [-105.0907, 39.9289], [-105.0907, 39.9314], [-105.0907, 39.9326], [-105.0907, 39.9344], [-105.0907, 39.9422], [-105.0907, 39.9433], [-105.0906, 39.9433], [-105.0719, 39.9432], [-105.0719, 39.9431], [-105.0718, 39.9389], [-105.0718, 39.9385], [-105.0718, 39.9327], [-105.0718, 39.9289], [-105.0718, 39.9288], [-105.0718, 39.9275], [-105.0719, 39.9251], [-105.072, 39.9251], [-105.0725, 39.9251], [-105.0736, 39.925], [-105.0742, 39.9249], [-105.0743, 39.9249], [-105.0747, 39.9248], [-105.076, 39.9246], [-105.0765, 39.9244], [-105.0767, 39.9243], [-105.0779, 39.9239], [-105.0789, 39.9237], [-105.0792, 39.9236], [-105.0796, 39.9235], [-105.0813, 39.9231], [-105.082, 39.9229], [-105.0822, 39.9228], [-105.0834, 39.9226], [-105.0851, 39.9224], [-105.0855, 39.9223], [-105.0861, 39.9222], [-105.0877, 39.9221], [-105.0887, 39.9221]]]}}, {"type": "Feature", "properties": {"SchName": "Meadowlark", "SchCode": 153, "SchType": "Elementary", "StdtPop": 0, "BVSD_Neigh": "Erie", "Capacity": 0, "Enroll": 0, "Perc_Cap": 0, "layer": "Elementary", "Forecast_Capacity": 441, "Forecast_CapRounds": 3.0, "Forecast_Enroll_2025": 471, "Forecast_CapPct_2025": 107, "Forecast_Proj_2026-27": 479, "Forecast_CapPct_2026-27": 109, "Forecast_Proj_2027-28": 511, "Forecast_CapPct_2027-28": 116, "Forecast_Proj_2028-29": 544, "Forecast_CapPct_2028-29": 123, "Forecast_Proj_2029-30": 577, "Forecast_CapPct_2029-30": 131, "Forecast_Proj_2030-31": 605, "Forecast_CapPct_2030-31": 137}, "geometry": {"type": "Polygon", "coordinates": [[[-105.1028, 40.0147], [-105.1029, 40.0147], [-105.1029, 40.015], [-105.1029, 40.0166], [-105.1029, 40.0195], [-105.1029, 40.02], [-105.1028, 40.0212], [-105.1028, 40.0217], [-105.1027, 40.023], [-105.1027, 40.0284], [-105.1027, 40.029], [-105.1027, 40.0301], [-105.1028, 40.031], [-105.1029, 40.032], [-105.103, 40.0329], [-105.103, 40.0339], [-105.1031, 40.0349], [-105.1031, 40.0359], [-105.103, 40.0366], [-105.103, 40.0375], [-105.1029, 40.0382], [-105.1029, 40.0387], [-105.1028, 40.04], [-105.1075, 40.0401], [-105.1095, 40.0401], [-105.1115, 40.0401], [-105.1123, 40.0401], [-105.1123, 40.0402], [-105.1123, 40.0465], [-105.1122, 40.0575], [-105.1123, 40.0611], [-105.1123, 40.0612], [-105.1123, 40.0619], [-105.1122, 40.0694], [-105.1122, 40.0701], [-105.1122, 40.0707], [-105.1122, 40.071], [-105.1122, 40.0714], [-105.1123, 40.0731], [-105.1119, 40.0795], [-105.1119, 40.0799], [-105.1029, 40.08], [-105.1023, 40.0801], [-105.0933, 40.0801], [-105.0839, 40.0803], [-105.0821, 40.0804], [-105.0798, 40.0804], [-105.0798, 40.0792], [-105.0744, 40.0792], [-105.0744, 40.0771], [-105.0745, 40.0733], [-105.0745, 40.0698], [-105.0745, 40.0661], [-105.084, 40.066], [-105.0908, 40.0658], [-105.0908, 40.0635], [-105.091, 40.0586], [-105.091, 40.055], [-105.0911, 40.0516], [-105.0934, 40.0514], [-105.0932, 40.0503], [-105.0939, 40.0502], [-105.0933, 40.0496], [-105.0937, 40.0494], [-105.0934, 40.0491], [-105.0934, 40.049], [-105.0932, 40.0489], [-105.0932, 40.0487], [-105.0932, 40.0457], [-105.0932, 40.0439], [-105.0745, 40.0443], [-105.0745, 40.0399], [-105.0745, 40.037], [-105.0745, 40.0336], [-105.0745, 40.0297], [-105.0555, 40.0295], [-105.0553, 40.0149], [-105.0553, 40.0148], [-105.0555, 40.0148], [-105.0583, 40.0148], [-105.0745, 40.0149], [-105.0932, 40.0147], [-105.1028, 40.0147]]]}}, {"type": "Feature", "properties": {"SchName": "Louisville", "SchCode": 157, "SchType": "Elementary", "StdtPop": 376, "BVSD_Neigh": " ", "Capacity": 572, "Enroll": 522, "Perc_Cap": 0.91, "layer": "Elementary", "Forecast_Capacity": 590, "Forecast_CapRounds": 4.0, "Forecast_Enroll_2025": 382, "Forecast_CapPct_2025": 65, "Forecast_Proj_2026-27": 373, "Forecast_CapPct_2026-27": 63, "Forecast_Proj_2027-28": 363, "Forecast_CapPct_2027-28": 62, "Forecast_Proj_2028-29": 360, "Forecast_CapPct_2028-29": 61, "Forecast_Proj_2029-30": 355, "Forecast_CapPct_2029-30": 60, "Forecast_Proj_2030-31": 343, "Forecast_CapPct_2030-31": 58}, "geometry": {"type": "Polygon", "coordinates": [[[-105.1397, 40.0002], [-105.1383, 40.0001], [-105.1382, 40.0001], [-105.1377, 40.0001], [-105.1373, 40.0001], [-105.1339, 40.0001], [-105.1339, 40], [-105.134, 40], [-105.1343, 39.9998], [-105.1343, 39.9997], [-105.1344, 39.9997], [-105.1344, 39.9996], [-105.1344, 39.9995], [-105.1344, 39.9994], [-105.1345, 39.9994], [-105.1361, 39.9982], [-105.1362, 39.9982], [-105.1363, 39.9982], [-105.1372, 39.9986], [-105.1373, 39.9986], [-105.1373, 39.9974], [-105.1373, 39.9964], [-105.1373, 39.9955], [-105.1373, 39.9945], [-105.1373, 39.9944], [-105.1372, 39.9942], [-105.1371, 39.9942], [-105.1313, 39.9942], [-105.1312, 39.9942], [-105.1309, 39.9942], [-105.1306, 39.9942], [-105.1305, 39.9942], [-105.1301, 39.9942], [-105.1283, 39.9942], [-105.1282, 39.9942], [-105.1281, 39.9942], [-105.128, 39.9942], [-105.1279, 39.9942], [-105.1279, 39.9958], [-105.1279, 39.9975], [-105.1248, 39.9975], [-105.1248, 39.9942], [-105.1247, 39.9942], [-105.1227, 39.9942], [-105.1227, 39.9941], [-105.1224, 39.9941], [-105.1224, 39.994], [-105.1224, 39.9939], [-105.1224, 39.9928], [-105.1224, 39.9924], [-105.1223, 39.9924], [-105.1213, 39.9924], [-105.1185, 39.9924], [-105.1185, 39.9916], [-105.1186, 39.9906], [-105.1186, 39.9889], [-105.1186, 39.9869], [-105.1174, 39.9869], [-105.1174, 39.9852], [-105.1174, 39.9849], [-105.1174, 39.9845], [-105.1174, 39.9841], [-105.1174, 39.9833], [-105.1173, 39.9833], [-105.1142, 39.9833], [-105.1141, 39.9833], [-105.114, 39.9801], [-105.114, 39.9777], [-105.1139, 39.9772], [-105.114, 39.9767], [-105.114, 39.9758], [-105.1141, 39.9735], [-105.1141, 39.9733], [-105.1141, 39.9731], [-105.1141, 39.973], [-105.1142, 39.9727], [-105.1142, 39.9726], [-105.1142, 39.9725], [-105.1143, 39.9725], [-105.1144, 39.9725], [-105.1145, 39.9725], [-105.1244, 39.9725], [-105.1288, 39.9725], [-105.1289, 39.9725], [-105.1289, 39.9724], [-105.1288, 39.9721], [-105.1288, 39.9718], [-105.1285, 39.9704], [-105.1273, 39.9688], [-105.1267, 39.9675], [-105.1265, 39.9669], [-105.1259, 39.9655], [-105.1259, 39.9654], [-105.1258, 39.9651], [-105.1261, 39.9651], [-105.1272, 39.9651], [-105.128, 39.9652], [-105.1317, 39.9652], [-105.1327, 39.9652], [-105.1423, 39.9652], [-105.1469, 39.9652], [-105.1469, 39.9653], [-105.1469, 39.9654], [-105.1468, 39.9675], [-105.1468, 39.9682], [-105.1468, 39.9688], [-105.1468, 39.9692], [-105.1468, 39.9699], [-105.1468, 39.9706], [-105.1468, 39.9716], [-105.1468, 39.9722], [-105.1468, 39.9723], [-105.1468, 39.9724], [-105.1468, 39.9725], [-105.1474, 39.9725], [-105.1474, 39.9729], [-105.1472, 39.9733], [-105.1471, 39.9734], [-105.1468, 39.9738], [-105.1468, 39.9741], [-105.1468, 39.9742], [-105.1468, 39.9745], [-105.1468, 39.9746], [-105.1467, 39.9748], [-105.1465, 39.9753], [-105.1466, 39.9753], [-105.1467, 39.9754], [-105.1468, 39.9755], [-105.1468, 39.976], [-105.1468, 39.9761], [-105.1469, 39.9763], [-105.1468, 39.977], [-105.1468, 39.9777], [-105.1468, 39.9783], [-105.1467, 39.9799], [-105.1468, 39.98], [-105.1468, 39.9818], [-105.1468, 39.987], [-105.1465, 39.987], [-105.1444, 39.987], [-105.138, 39.987], [-105.1339, 39.987], [-105.1334, 39.987], [-105.1332, 39.987], [-105.133, 39.987], [-105.1321, 39.987], [-105.1321, 39.9871], [-105.1325, 39.9882], [-105.1331, 39.9889], [-105.1336, 39.9895], [-105.1345, 39.9906], [-105.1366, 39.9932], [-105.1371, 39.9938], [-105.1376, 39.9945], [-105.139, 39.9962], [-105.1421, 40.0001], [-105.1421, 40.0002], [-105.142, 40.0002], [-105.1407, 40.0002], [-105.1406, 40.0002], [-105.1397, 40.0002]]]}}, {"type": "Feature", "properties": {"SchName": "Monarch", "SchCode": 502, "SchType": "Elementary", "StdtPop": 336, "BVSD_Neigh": " ", "Capacity": 423, "Enroll": 369, "Perc_Cap": 0.87, "layer": "Elementary", "Forecast_Capacity": 381, "Forecast_CapRounds": 2.5, "Forecast_Enroll_2025": 264, "Forecast_CapPct_2025": 69, "Forecast_Proj_2026-27": 270, "Forecast_CapPct_2026-27": 71, "Forecast_Proj_2027-28": 258, "Forecast_CapPct_2027-28": 68, "Forecast_Proj_2028-29": 258, "Forecast_CapPct_2028-29": 68, "Forecast_Proj_2029-30": 274, "Forecast_CapPct_2029-30": 72, "Forecast_Proj_2030-31": 264, "Forecast_CapPct_2030-31": 69}, "geometry": {"type": "Polygon", "coordinates": [[[-105.1142, 39.9725], [-105.1141, 39.9725], [-105.1107, 39.9725], [-105.1094, 39.9725], [-105.1094, 39.9723], [-105.1093, 39.9651], [-105.1094, 39.9621], [-105.1095, 39.9579], [-105.1095, 39.9566], [-105.1118, 39.9559], [-105.1144, 39.955], [-105.1174, 39.9539], [-105.12, 39.9524], [-105.1211, 39.9517], [-105.1215, 39.9515], [-105.1222, 39.9511], [-105.1224, 39.9509], [-105.1249, 39.9495], [-105.1251, 39.9492], [-105.1252, 39.9492], [-105.126, 39.9485], [-105.1262, 39.9483], [-105.1262, 39.9482], [-105.1265, 39.948], [-105.1274, 39.9467], [-105.1274, 39.9465], [-105.1275, 39.9463], [-105.1276, 39.9457], [-105.1277, 39.9453], [-105.1277, 39.9445], [-105.1278, 39.9433], [-105.1279, 39.9386], [-105.1281, 39.9353], [-105.1281, 39.9352], [-105.1282, 39.9353], [-105.1337, 39.9378], [-105.1375, 39.9395], [-105.1376, 39.9395], [-105.1376, 39.9394], [-105.1375, 39.9335], [-105.1376, 39.929], [-105.1376, 39.9289], [-105.1425, 39.9289], [-105.1433, 39.9289], [-105.147, 39.929], [-105.1473, 39.929], [-105.1473, 39.9294], [-105.1474, 39.9296], [-105.1473, 39.93], [-105.1473, 39.9301], [-105.1472, 39.9301], [-105.1472, 39.9303], [-105.1468, 39.9309], [-105.1466, 39.9313], [-105.1463, 39.9317], [-105.1458, 39.9324], [-105.1456, 39.9334], [-105.1456, 39.9345], [-105.1459, 39.9356], [-105.1466, 39.9366], [-105.145, 39.9373], [-105.145, 39.9393], [-105.1462, 39.9393], [-105.1466, 39.9393], [-105.1469, 39.9393], [-105.1472, 39.9399], [-105.147, 39.9439], [-105.147, 39.9457], [-105.1488, 39.9469], [-105.1491, 39.947], [-105.1496, 39.947], [-105.1515, 39.947], [-105.1555, 39.947], [-105.1641, 39.9469], [-105.1639, 39.9449], [-105.1631, 39.9432], [-105.171, 39.9432], [-105.1761, 39.9432], [-105.19, 39.9432], [-105.1988, 39.9432], [-105.2011, 39.9432], [-105.2034, 39.9432], [-105.2035, 39.9432], [-105.2035, 39.9433], [-105.2035, 39.9435], [-105.2035, 39.95], [-105.2035, 39.9503], [-105.2035, 39.9549], [-105.2035, 39.9572], [-105.1941, 39.9575], [-105.1941, 39.9608], [-105.1941, 39.9621], [-105.1941, 39.963], [-105.1941, 39.9642], [-105.1941, 39.9657], [-105.1941, 39.9664], [-105.1941, 39.9683], [-105.194, 39.969], [-105.1896, 39.9674], [-105.1868, 39.9664], [-105.1855, 39.9659], [-105.1844, 39.9655], [-105.1845, 39.9654], [-105.1845, 39.9653], [-105.1767, 39.9622], [-105.175, 39.9615], [-105.1748, 39.9615], [-105.1659, 39.9583], [-105.1657, 39.9593], [-105.1654, 39.9604], [-105.1649, 39.9612], [-105.1647, 39.9616], [-105.1643, 39.962], [-105.1641, 39.9623], [-105.1635, 39.9629], [-105.1635, 39.9642], [-105.1634, 39.9642], [-105.1633, 39.9642], [-105.1617, 39.9642], [-105.1593, 39.9651], [-105.1581, 39.9652], [-105.1573, 39.9652], [-105.1565, 39.9653], [-105.1528, 39.9652], [-105.1495, 39.9653], [-105.1471, 39.9653], [-105.1469, 39.9653], [-105.1469, 39.9652], [-105.1423, 39.9652], [-105.1327, 39.9652], [-105.1317, 39.9652], [-105.128, 39.9652], [-105.1272, 39.9651], [-105.1261, 39.9651], [-105.1258, 39.9651], [-105.1259, 39.9654], [-105.1259, 39.9655], [-105.1265, 39.9669], [-105.1267, 39.9675], [-105.1273, 39.9688], [-105.1285, 39.9704], [-105.1288, 39.9718], [-105.1288, 39.9721], [-105.1289, 39.9724], [-105.1289, 39.9725], [-105.1288, 39.9725], [-105.1244, 39.9725], [-105.1145, 39.9725], [-105.1144, 39.9725], [-105.1143, 39.9725], [-105.1142, 39.9725]]]}}, {"type": "Feature", "properties": {"SchName": "Nederland", "SchCode": 169, "SchType": "Elementary", "StdtPop": 320, "BVSD_Neigh": " ", "Capacity": 405, "Enroll": 265, "Perc_Cap": 0.61, "layer": "Elementary", "Forecast_Capacity": 467, "Forecast_CapRounds": 3.0, "Forecast_Enroll_2025": 166, "Forecast_CapPct_2025": 36, "Forecast_Proj_2026-27": 171, "Forecast_CapPct_2026-27": 37, "Forecast_Proj_2027-28": 166, "Forecast_CapPct_2027-28": 36, "Forecast_Proj_2028-29": 167, "Forecast_CapPct_2028-29": 36, "Forecast_Proj_2029-30": 169, "Forecast_CapPct_2029-30": 36, "Forecast_Proj_2030-31": 160, "Forecast_CapPct_2030-31": 34}, "geometry": {"type": "Polygon", "coordinates": [[[-105.4205, 40.1437], [-105.4107, 40.143], [-105.4062, 40.1431], [-105.4061, 40.1431], [-105.4062, 40.143], [-105.4063, 40.1428], [-105.4067, 40.1417], [-105.4068, 40.1416], [-105.4075, 40.1398], [-105.4083, 40.1379], [-105.4108, 40.132], [-105.4133, 40.127], [-105.4145, 40.125], [-105.4146, 40.1249], [-105.4164, 40.1218], [-105.419, 40.1172], [-105.4194, 40.1166], [-105.4198, 40.1159], [-105.4205, 40.1146], [-105.4216, 40.1127], [-105.4226, 40.111], [-105.4254, 40.1063], [-105.4275, 40.103], [-105.4282, 40.1018], [-105.4283, 40.1016], [-105.4287, 40.101], [-105.4321, 40.0941], [-105.4333, 40.0917], [-105.4357, 40.0871], [-105.4392, 40.0859], [-105.4437, 40.0841], [-105.4443, 40.0838], [-105.4444, 40.0838], [-105.4459, 40.0831], [-105.4479, 40.0823], [-105.448, 40.0822], [-105.4481, 40.0822], [-105.4486, 40.082], [-105.4487, 40.0819], [-105.4489, 40.0818], [-105.4576, 40.0776], [-105.4669, 40.0731], [-105.4671, 40.073], [-105.4673, 40.073], [-105.4761, 40.0711], [-105.4856, 40.068], [-105.4892, 40.067], [-105.4893, 40.0669], [-105.4894, 40.0669], [-105.4921, 40.0661], [-105.4937, 40.0656], [-105.4938, 40.0656], [-105.4946, 40.0654], [-105.4947, 40.0654], [-105.5047, 40.0655], [-105.5123, 40.0657], [-105.513, 40.0658], [-105.5126, 40.0654], [-105.5067, 40.0597], [-105.5041, 40.0572], [-105.504, 40.0571], [-105.4992, 40.0514], [-105.4992, 40.0513], [-105.4991, 40.0512], [-105.4951, 40.047], [-105.4938, 40.0456], [-105.4924, 40.0442], [-105.4922, 40.044], [-105.4914, 40.0433], [-105.4907, 40.0425], [-105.4903, 40.0421], [-105.4896, 40.0415], [-105.4892, 40.0411], [-105.4893, 40.0411], [-105.4869, 40.0386], [-105.4787, 40.0303], [-105.4775, 40.029], [-105.4753, 40.0268], [-105.4698, 40.0212], [-105.4668, 40.0212], [-105.4493, 40.0213], [-105.4477, 40.0203], [-105.4462, 40.0195], [-105.4447, 40.0186], [-105.4398, 40.016], [-105.4333, 40.0124], [-105.4324, 40.0119], [-105.4315, 40.0115], [-105.4258, 40.0089], [-105.4257, 40.0089], [-105.4253, 40.0089], [-105.4204, 40.0089], [-105.4069, 40.0089], [-105.4068, 40.0089], [-105.4067, 40.0088], [-105.4066, 40.0087], [-105.4065, 40.0087], [-105.4063, 40.0086], [-105.4004, 40.005], [-105.3979, 40.0034], [-105.3952, 40.0017], [-105.3706, 39.9857], [-105.3702, 39.9855], [-105.3702, 39.9783], [-105.3702, 39.9658], [-105.3702, 39.9566], [-105.3702, 39.9562], [-105.3676, 39.9541], [-105.3562, 39.9448], [-105.3516, 39.941], [-105.3444, 39.9373], [-105.3434, 39.9368], [-105.3401, 39.9351], [-105.3366, 39.9334], [-105.3359, 39.933], [-105.3354, 39.9328], [-105.3327, 39.9318], [-105.3313, 39.9313], [-105.3242, 39.9285], [-105.3242, 39.9284], [-105.3242, 39.9283], [-105.3241, 39.9283], [-105.3239, 39.9245], [-105.324, 39.9226], [-105.3239, 39.9221], [-105.324, 39.9194], [-105.3239, 39.914], [-105.3279, 39.914], [-105.3325, 39.914], [-105.336, 39.914], [-105.3419, 39.9139], [-105.3465, 39.9139], [-105.3513, 39.9138], [-105.3609, 39.9137], [-105.3681, 39.9136], [-105.3701, 39.9135], [-105.3935, 39.9133], [-105.3965, 39.9132], [-105.3985, 39.9132], [-105.3981, 39.8546], [-105.5374, 39.8535], [-105.5378, 39.8824], [-105.7008, 39.879], [-105.6987, 39.8814], [-105.6984, 39.8836], [-105.698, 39.8844], [-105.6998, 39.8855], [-105.6998, 39.8877], [-105.7002, 39.8912], [-105.6977, 39.8951], [-105.6952, 39.8961], [-105.6924, 39.8975], [-105.6913, 39.8994], [-105.6906, 39.9024], [-105.6882, 39.9043], [-105.6885, 39.9071], [-105.6889, 39.9092], [-105.6889, 39.9122], [-105.6864, 39.9136], [-105.6861, 39.9163], [-105.6833, 39.918], [-105.6826, 39.9221], [-105.6811, 39.9237], [-105.6801, 39.9272], [-105.6769, 39.9289], [-105.6783, 39.93], [-105.6758, 39.9327], [-105.6754, 39.933], [-105.6752, 39.9334], [-105.6753, 39.9335], [-105.6757, 39.9335], [-105.6763, 39.9335], [-105.6771, 39.9333], [-105.6784, 39.9332], [-105.6795, 39.9332], [-105.6801, 39.9334], [-105.6807, 39.9336], [-105.6814, 39.9337], [-105.6817, 39.9337], [-105.6822, 39.9338], [-105.6831, 39.9341], [-105.6835, 39.9344], [-105.6837, 39.9346], [-105.6843, 39.9354], [-105.6852, 39.9363], [-105.6865, 39.9376], [-105.6868, 39.9378], [-105.6871, 39.938], [-105.6874, 39.9382], [-105.6879, 39.9383], [-105.6894, 39.9388], [-105.6901, 39.9391], [-105.6903, 39.9395], [-105.6905, 39.94], [-105.6907, 39.9402], [-105.691, 39.9404], [-105.6917, 39.9408], [-105.6922, 39.9411], [-105.6933, 39.9416], [-105.6937, 39.942], [-105.6939, 39.9426], [-105.6937, 39.9437], [-105.6935, 39.9444], [-105.6932, 39.9449], [-105.6929, 39.9453], [-105.6926, 39.9458], [-105.6921, 39.9463], [-105.6919, 39.9465], [-105.6919, 39.9467], [-105.692, 39.9468], [-105.6921, 39.9469], [-105.6926, 39.9475], [-105.6929, 39.9481], [-105.693, 39.9485], [-105.6936, 39.9486], [-105.6939, 39.9488], [-105.6941, 39.9491], [-105.6944, 39.9496], [-105.6945, 39.9499], [-105.6943, 39.9506], [-105.6941, 39.9511], [-105.6936, 39.9516], [-105.6932, 39.952], [-105.6923, 39.9526], [-105.6917, 39.953], [-105.691, 39.9534], [-105.6903, 39.9536], [-105.6895, 39.9538], [-105.689, 39.9541], [-105.6888, 39.9548], [-105.6887, 39.9551], [-105.6886, 39.9553], [-105.6887, 39.9562], [-105.6886, 39.9567], [-105.6881, 39.9572], [-105.6876, 39.9575], [-105.6865, 39.9581], [-105.6858, 39.9586], [-105.6855, 39.9588], [-105.6852, 39.959], [-105.6855, 39.9591], [-105.6866, 39.9595], [-105.6875, 39.9598], [-105.6881, 39.9599], [-105.6884, 39.96], [-105.6885, 39.9604], [-105.6885, 39.9608], [-105.6884, 39.9615], [-105.6884, 39.9621], [-105.6886, 39.9626], [-105.6885, 39.9631], [-105.6887, 39.9633], [-105.689, 39.9636], [-105.6893, 39.964], [-105.6894, 39.9648], [-105.6887, 39.967], [-105.6888, 39.9676], [-105.689, 39.968], [-105.6895, 39.9688], [-105.69, 39.9695], [-105.6902, 39.9698], [-105.6904, 39.97], [-105.69, 39.971], [-105.6897, 39.9716], [-105.6895, 39.9723], [-105.689, 39.9743], [-105.6887, 39.9749], [-105.6885, 39.9756], [-105.6882, 39.976], [-105.6879, 39.9763], [-105.6873, 39.9772], [-105.6866, 39.9778], [-105.6862, 39.9787], [-105.6855, 39.9791], [-105.685, 39.9797], [-105.685, 39.9799], [-105.6851, 39.9801], [-105.6854, 39.9805], [-105.6855, 39.9808], [-105.6854, 39.9815], [-105.6853, 39.982], [-105.6851, 39.983], [-105.6852, 39.9833], [-105.6855, 39.9837], [-105.6862, 39.9844], [-105.6866, 39.9848], [-105.6872, 39.9853], [-105.6874, 39.9855], [-105.6874, 39.9857], [-105.6874, 39.9859], [-105.6872, 39.9861], [-105.6869, 39.9864], [-105.6864, 39.9869], [-105.6862, 39.9872], [-105.6862, 39.9875], [-105.6861, 39.9879], [-105.6862, 39.9893], [-105.6861, 39.9898], [-105.6857, 39.9902], [-105.6849, 39.991], [-105.684, 39.9917], [-105.6832, 39.9927], [-105.6829, 39.993], [-105.6828, 39.9934], [-105.6828, 39.9938], [-105.6829, 39.9944], [-105.6829, 39.9948], [-105.6833, 39.9949], [-105.6843, 39.9949], [-105.6853, 39.9951], [-105.6863, 39.995], [-105.6874, 39.9952], [-105.6891, 39.9957], [-105.6901, 39.9961], [-105.6906, 39.9965], [-105.6912, 39.9975], [-105.6914, 39.9982], [-105.6912, 39.9992], [-105.6911, 39.9998], [-105.6905, 40.0005], [-105.6903, 40.0009], [-105.6902, 40.0012], [-105.6902, 40.0016], [-105.6902, 40.0018], [-105.6903, 40.0023], [-105.6903, 40.0026], [-105.6903, 40.0029], [-105.6908, 40.0033], [-105.6909, 40.0036], [-105.6907, 40.0041], [-105.6902, 40.0047], [-105.6899, 40.0051], [-105.6896, 40.0058], [-105.6893, 40.0062], [-105.689, 40.0064], [-105.6882, 40.0071], [-105.6893, 40.0081], [-105.6895, 40.0084], [-105.6897, 40.0088], [-105.6898, 40.0093], [-105.6897, 40.0097], [-105.6895, 40.0104], [-105.6893, 40.0109], [-105.6893, 40.0112], [-105.6894, 40.0115], [-105.6896, 40.012], [-105.6895, 40.0124], [-105.6895, 40.0129], [-105.6896, 40.0135], [-105.6895, 40.014], [-105.6892, 40.0145], [-105.6887, 40.0151], [-105.6882, 40.0154], [-105.6879, 40.0156], [-105.6874, 40.0156], [-105.6871, 40.0156], [-105.6869, 40.0155], [-105.6866, 40.0154], [-105.6864, 40.0152], [-105.686, 40.015], [-105.6856, 40.0147], [-105.6847, 40.0147], [-105.684, 40.0145], [-105.6832, 40.0143], [-105.6826, 40.0142], [-105.6817, 40.0142], [-105.6808, 40.0142], [-105.6804, 40.0141], [-105.6797, 40.0142], [-105.6788, 40.0145], [-105.6778, 40.0146], [-105.6769, 40.0152], [-105.6756, 40.0159], [-105.6752, 40.0161], [-105.6746, 40.0163], [-105.6735, 40.0164], [-105.6722, 40.0166], [-105.6711, 40.0167], [-105.6699, 40.0169], [-105.6695, 40.0169], [-105.6688, 40.0167], [-105.6681, 40.0165], [-105.6672, 40.0164], [-105.6662, 40.0165], [-105.6633, 40.0166], [-105.6623, 40.0165], [-105.6615, 40.0167], [-105.661, 40.017], [-105.6605, 40.0176], [-105.6602, 40.0183], [-105.6601, 40.0185], [-105.6597, 40.0186], [-105.6591, 40.0191], [-105.6583, 40.0194], [-105.6576, 40.0197], [-105.6563, 40.0198], [-105.6553, 40.02], [-105.6541, 40.0204], [-105.6528, 40.0207], [-105.6523, 40.0209], [-105.6519, 40.0211], [-105.652, 40.0213], [-105.6521, 40.0214], [-105.6525, 40.0217], [-105.6528, 40.0219], [-105.6528, 40.0222], [-105.6528, 40.0225], [-105.6527, 40.023], [-105.6525, 40.0236], [-105.6525, 40.0243], [-105.6521, 40.025], [-105.6517, 40.0256], [-105.6513, 40.0262], [-105.6506, 40.0266], [-105.6502, 40.0268], [-105.6497, 40.0275], [-105.6498, 40.028], [-105.6495, 40.028], [-105.6492, 40.0286], [-105.6488, 40.029], [-105.6482, 40.0295], [-105.6472, 40.0306], [-105.6461, 40.0315], [-105.6452, 40.0326], [-105.6426, 40.0335], [-105.6408, 40.0343], [-105.6407, 40.0353], [-105.6408, 40.036], [-105.6406, 40.0363], [-105.6406, 40.0366], [-105.6394, 40.0385], [-105.6389, 40.0399], [-105.639, 40.0412], [-105.639, 40.0421], [-105.6386, 40.0424], [-105.6384, 40.0427], [-105.6383, 40.0431], [-105.6386, 40.0437], [-105.6385, 40.0441], [-105.6381, 40.0446], [-105.6375, 40.0451], [-105.6374, 40.0453], [-105.6374, 40.0455], [-105.6374, 40.0458], [-105.6375, 40.046], [-105.6391, 40.0471], [-105.6408, 40.0476], [-105.6414, 40.048], [-105.6421, 40.0482], [-105.6425, 40.0484], [-105.643, 40.049], [-105.6432, 40.0495], [-105.6452, 40.0509], [-105.6457, 40.0531], [-105.6459, 40.0534], [-105.6462, 40.0535], [-105.6471, 40.0539], [-105.6482, 40.0541], [-105.6485, 40.0543], [-105.6487, 40.0544], [-105.6489, 40.0552], [-105.6493, 40.0559], [-105.6503, 40.0571], [-105.6507, 40.0576], [-105.6509, 40.0582], [-105.651, 40.0585], [-105.6508, 40.0588], [-105.6503, 40.0594], [-105.6498, 40.0598], [-105.6495, 40.0602], [-105.6492, 40.0606], [-105.6492, 40.0609], [-105.6489, 40.0614], [-105.6485, 40.0623], [-105.6483, 40.0627], [-105.6483, 40.063], [-105.6479, 40.0636], [-105.6476, 40.0638], [-105.6475, 40.0643], [-105.6475, 40.0645], [-105.6472, 40.0647], [-105.6469, 40.0648], [-105.6467, 40.0654], [-105.6465, 40.0656], [-105.6459, 40.0658], [-105.645, 40.0663], [-105.6443, 40.0666], [-105.6437, 40.0669], [-105.6429, 40.0671], [-105.6421, 40.0678], [-105.6416, 40.0679], [-105.6412, 40.0679], [-105.639, 40.0672], [-105.6396, 40.068], [-105.6402, 40.0693], [-105.6408, 40.0702], [-105.641, 40.0713], [-105.641, 40.0723], [-105.6409, 40.0727], [-105.6411, 40.0731], [-105.641, 40.0733], [-105.6402, 40.0732], [-105.6391, 40.0735], [-105.6387, 40.0744], [-105.6373, 40.0746], [-105.6369, 40.0748], [-105.6365, 40.0748], [-105.6358, 40.075], [-105.6353, 40.0752], [-105.6351, 40.0756], [-105.6349, 40.0761], [-105.6347, 40.0772], [-105.6347, 40.0777], [-105.6347, 40.0781], [-105.6348, 40.0793], [-105.6347, 40.0797], [-105.6346, 40.08], [-105.6342, 40.0806], [-105.6338, 40.081], [-105.6331, 40.0814], [-105.6325, 40.0816], [-105.6334, 40.0816], [-105.6339, 40.0816], [-105.6342, 40.0817], [-105.6346, 40.0822], [-105.6352, 40.0826], [-105.6356, 40.083], [-105.636, 40.0844], [-105.636, 40.0848], [-105.6358, 40.085], [-105.6354, 40.085], [-105.6351, 40.0851], [-105.6348, 40.0853], [-105.6349, 40.0855], [-105.6353, 40.0862], [-105.6354, 40.0867], [-105.6353, 40.087], [-105.6353, 40.0873], [-105.6352, 40.0875], [-105.6349, 40.0875], [-105.6343, 40.0879], [-105.634, 40.0881], [-105.6337, 40.0884], [-105.6336, 40.0887], [-105.6336, 40.0893], [-105.6338, 40.0896], [-105.6339, 40.0898], [-105.6342, 40.0902], [-105.6343, 40.0907], [-105.6345, 40.0911], [-105.6345, 40.0916], [-105.6345, 40.0922], [-105.6345, 40.0925], [-105.6344, 40.0929], [-105.6346, 40.0934], [-105.6348, 40.0942], [-105.6347, 40.0949], [-105.6347, 40.0955], [-105.6344, 40.0957], [-105.6339, 40.0956], [-105.6334, 40.0956], [-105.6329, 40.0958], [-105.6324, 40.0961], [-105.6321, 40.0964], [-105.6319, 40.0968], [-105.6319, 40.0973], [-105.632, 40.0975], [-105.6322, 40.0977], [-105.6331, 40.0983], [-105.6336, 40.0987], [-105.6338, 40.0991], [-105.6339, 40.0994], [-105.6341, 40.0996], [-105.6347, 40.1], [-105.6351, 40.1004], [-105.6355, 40.1006], [-105.6358, 40.1009], [-105.6359, 40.1012], [-105.636, 40.1015], [-105.6361, 40.1017], [-105.6365, 40.1025], [-105.6364, 40.103], [-105.6362, 40.1035], [-105.6361, 40.1043], [-105.6361, 40.1048], [-105.6364, 40.1061], [-105.6366, 40.1067], [-105.6366, 40.1073], [-105.6364, 40.1078], [-105.6362, 40.1081], [-105.6357, 40.1083], [-105.6356, 40.1086], [-105.636, 40.109], [-105.636, 40.1094], [-105.6357, 40.1098], [-105.6356, 40.1102], [-105.6355, 40.1113], [-105.6352, 40.1121], [-105.6349, 40.113], [-105.6345, 40.1135], [-105.6341, 40.1137], [-105.6334, 40.1137], [-105.6329, 40.1136], [-105.6322, 40.1136], [-105.6317, 40.1136], [-105.631, 40.1138], [-105.6303, 40.1141], [-105.6299, 40.1143], [-105.6298, 40.1146], [-105.6299, 40.1152], [-105.6299, 40.1155], [-105.6297, 40.1157], [-105.6294, 40.1163], [-105.6291, 40.117], [-105.6287, 40.1174], [-105.6282, 40.1178], [-105.6278, 40.1183], [-105.6276, 40.1186], [-105.627, 40.1187], [-105.6265, 40.1188], [-105.6268, 40.1191], [-105.6275, 40.1197], [-105.628, 40.1201], [-105.6281, 40.1206], [-105.6282, 40.121], [-105.628, 40.1214], [-105.6277, 40.1217], [-105.6275, 40.1219], [-105.6275, 40.1222], [-105.6279, 40.1226], [-105.6283, 40.1228], [-105.6286, 40.1233], [-105.6287, 40.1237], [-105.6286, 40.124], [-105.6284, 40.1246], [-105.6282, 40.1252], [-105.6269, 40.1252], [-105.6234, 40.1252], [-105.6181, 40.1252], [-105.6062, 40.1254], [-105.5924, 40.1256], [-105.5803, 40.1259], [-105.5698, 40.1261], [-105.5573, 40.1263], [-105.5525, 40.1264], [-105.5432, 40.1265], [-105.5317, 40.1267], [-105.5231, 40.1268], [-105.5117, 40.1268], [-105.5042, 40.1268], [-105.4997, 40.1265], [-105.4953, 40.1262], [-105.4906, 40.126], [-105.486, 40.126], [-105.4795, 40.126], [-105.4773, 40.1259], [-105.4768, 40.1259], [-105.4762, 40.126], [-105.4717, 40.1262], [-105.447, 40.1271], [-105.4463, 40.1299], [-105.4461, 40.1335], [-105.4459, 40.1364], [-105.4459, 40.1383], [-105.4458, 40.1406], [-105.4457, 40.1431], [-105.4457, 40.1442], [-105.43, 40.1437], [-105.4205, 40.1437]]]}}, {"type": "Feature", "properties": {"SchName": "Ryan", "SchCode": 154, "SchType": "Elementary", "StdtPop": 516, "BVSD_Neigh": " ", "Capacity": 512, "Enroll": 422, "Perc_Cap": 0.82, "layer": "Elementary", "Forecast_Capacity": 467, "Forecast_CapRounds": 3.0, "Forecast_Enroll_2025": 393, "Forecast_CapPct_2025": 84, "Forecast_Proj_2026-27": 381, "Forecast_CapPct_2026-27": 82, "Forecast_Proj_2027-28": 365, "Forecast_CapPct_2027-28": 78, "Forecast_Proj_2028-29": 348, "Forecast_CapPct_2028-29": 75, "Forecast_Proj_2029-30": 337, "Forecast_CapPct_2029-30": 72, "Forecast_Proj_2030-31": 346, "Forecast_CapPct_2030-31": 74}, "geometry": {"type": "Polygon", "coordinates": [[[-105.1086, 39.9906], [-105.1025, 39.9905], [-105.099, 39.9905], [-105.0979, 39.9903], [-105.0976, 39.9902], [-105.0967, 39.9902], [-105.0952, 39.9902], [-105.0952, 39.9903], [-105.0906, 39.9903], [-105.0905, 39.9903], [-105.0905, 39.9881], [-105.0905, 39.987], [-105.0905, 39.9869], [-105.0901, 39.9869], [-105.0881, 39.9869], [-105.0806, 39.9868], [-105.0799, 39.9868], [-105.0791, 39.9868], [-105.073, 39.9867], [-105.0718, 39.9867], [-105.0618, 39.9866], [-105.0602, 39.9867], [-105.053, 39.9871], [-105.053, 39.9867], [-105.053, 39.9772], [-105.0601, 39.9741], [-105.0611, 39.9737], [-105.0618, 39.9734], [-105.0622, 39.9732], [-105.0652, 39.9719], [-105.0661, 39.9714], [-105.0674, 39.9709], [-105.068, 39.9704], [-105.0688, 39.9699], [-105.0702, 39.9687], [-105.0711, 39.9678], [-105.0719, 39.9671], [-105.0728, 39.9663], [-105.0745, 39.9648], [-105.0748, 39.9645], [-105.0769, 39.9628], [-105.0787, 39.9616], [-105.0795, 39.9612], [-105.0815, 39.9603], [-105.0835, 39.9597], [-105.0841, 39.9595], [-105.0858, 39.9592], [-105.0877, 39.9589], [-105.0903, 39.9587], [-105.0929, 39.9586], [-105.0958, 39.9584], [-105.0991, 39.9583], [-105.1034, 39.9581], [-105.1043, 39.9579], [-105.1068, 39.9574], [-105.1082, 39.9569], [-105.1093, 39.9566], [-105.1094, 39.9566], [-105.1095, 39.9566], [-105.1095, 39.9579], [-105.1094, 39.9621], [-105.1093, 39.9651], [-105.1094, 39.9723], [-105.1094, 39.9725], [-105.1107, 39.9725], [-105.1141, 39.9725], [-105.1142, 39.9725], [-105.1142, 39.9726], [-105.1142, 39.9727], [-105.1141, 39.973], [-105.1141, 39.9731], [-105.1141, 39.9733], [-105.1141, 39.9735], [-105.114, 39.9758], [-105.114, 39.9767], [-105.1139, 39.9772], [-105.114, 39.9777], [-105.114, 39.9801], [-105.1141, 39.9833], [-105.1142, 39.9833], [-105.1173, 39.9833], [-105.1174, 39.9833], [-105.1174, 39.9841], [-105.1174, 39.9845], [-105.1174, 39.9849], [-105.1174, 39.9852], [-105.1174, 39.9869], [-105.1186, 39.9869], [-105.1186, 39.9889], [-105.1186, 39.9907], [-105.1161, 39.9906], [-105.1151, 39.9906], [-105.115, 39.9906], [-105.1148, 39.9906], [-105.1086, 39.9906]]]}}, {"type": "Feature", "properties": {"SchName": "Sanchez", "SchCode": 131, "SchType": "Elementary", "StdtPop": 510, "BVSD_Neigh": " ", "Capacity": 301, "Enroll": 284, "Perc_Cap": 0.94, "layer": "Elementary", "Forecast_Capacity": 418, "Forecast_CapRounds": 3.0, "Forecast_Enroll_2025": 276, "Forecast_CapPct_2025": 66, "Forecast_Proj_2026-27": 286, "Forecast_CapPct_2026-27": 68, "Forecast_Proj_2027-28": 284, "Forecast_CapPct_2027-28": 68, "Forecast_Proj_2028-29": 278, "Forecast_CapPct_2028-29": 67, "Forecast_Proj_2029-30": 289, "Forecast_CapPct_2029-30": 69, "Forecast_Proj_2030-31": 298, "Forecast_CapPct_2030-31": 71}, "geometry": {"type": "Polygon", "coordinates": [[[-105.0555, 40.0148], [-105.0553, 40.0148], [-105.0552, 40.0005], [-105.053, 40.0005], [-105.053, 39.9871], [-105.0602, 39.9867], [-105.0618, 39.9866], [-105.0718, 39.9867], [-105.073, 39.9867], [-105.0792, 39.9868], [-105.0799, 39.9868], [-105.0806, 39.9868], [-105.0881, 39.9869], [-105.0901, 39.9869], [-105.0905, 39.9869], [-105.0905, 39.987], [-105.0905, 39.9881], [-105.0905, 39.9903], [-105.0905, 39.9907], [-105.0905, 39.9923], [-105.0905, 39.9943], [-105.0905, 39.9972], [-105.0905, 39.9991], [-105.0905, 40.0002], [-105.095, 40.0003], [-105.0969, 40.0002], [-105.1004, 40.0002], [-105.1027, 40.0002], [-105.1028, 40.0002], [-105.1028, 40.0003], [-105.1028, 40.0004], [-105.1027, 40.0038], [-105.1028, 40.006], [-105.1028, 40.0104], [-105.1028, 40.0146], [-105.1028, 40.0147], [-105.0932, 40.0147], [-105.0745, 40.0149], [-105.0583, 40.0148], [-105.0555, 40.0148]]]}}, {"type": "Feature", "properties": {"SchName": "Superior", "SchCode": 185, "SchType": "Elementary", "StdtPop": 700, "BVSD_Neigh": " ", "Capacity": 521, "Enroll": 573, "Perc_Cap": 1.1, "layer": "Elementary", "Forecast_Capacity": 467, "Forecast_CapRounds": 3.0, "Forecast_Enroll_2025": 433, "Forecast_CapPct_2025": 93, "Forecast_Proj_2026-27": 425, "Forecast_CapPct_2026-27": 91, "Forecast_Proj_2027-28": 430, "Forecast_CapPct_2027-28": 92, "Forecast_Proj_2028-29": 434, "Forecast_CapPct_2028-29": 93, "Forecast_Proj_2029-30": 420, "Forecast_CapPct_2029-30": 90, "Forecast_Proj_2030-31": 433, "Forecast_CapPct_2030-31": 93}, "geometry": {"type": "Polygon", "coordinates": [[[-105.147, 39.9439], [-105.1472, 39.9399], [-105.1469, 39.9393], [-105.1466, 39.9393], [-105.1462, 39.9393], [-105.145, 39.9393], [-105.145, 39.9373], [-105.1466, 39.9366], [-105.1459, 39.9356], [-105.1456, 39.9345], [-105.1456, 39.9334], [-105.1458, 39.9324], [-105.1463, 39.9317], [-105.1466, 39.9313], [-105.1468, 39.9309], [-105.1472, 39.9303], [-105.1472, 39.9301], [-105.1473, 39.9301], [-105.1473, 39.93], [-105.1474, 39.9296], [-105.1473, 39.9294], [-105.1473, 39.929], [-105.1475, 39.929], [-105.1494, 39.929], [-105.1503, 39.929], [-105.1504, 39.929], [-105.1517, 39.9293], [-105.153, 39.9292], [-105.156, 39.9293], [-105.1598, 39.9293], [-105.1609, 39.9291], [-105.1622, 39.9287], [-105.1649, 39.9287], [-105.1658, 39.9287], [-105.1677, 39.9287], [-105.1804, 39.9287], [-105.1897, 39.9287], [-105.1952, 39.9287], [-105.2045, 39.9286], [-105.2171, 39.9286], [-105.2174, 39.9286], [-105.2175, 39.9286], [-105.2175, 39.936], [-105.2035, 39.936], [-105.2035, 39.9432], [-105.2034, 39.9432], [-105.2011, 39.9432], [-105.1988, 39.9432], [-105.19, 39.9432], [-105.1761, 39.9432], [-105.171, 39.9432], [-105.1631, 39.9432], [-105.1639, 39.9449], [-105.1641, 39.9469], [-105.1555, 39.947], [-105.1515, 39.947], [-105.1496, 39.947], [-105.1491, 39.947], [-105.1488, 39.9469], [-105.147, 39.9457], [-105.147, 39.9439]]]}}, {"type": "Feature", "properties": {"SchName": "Whittier", "SchCode": 196, "SchType": "Elementary", "StdtPop": 354, "BVSD_Neigh": "Boulder", "Capacity": 371, "Enroll": 394, "Perc_Cap": 1.06, "layer": "Elementary", "Forecast_Capacity": 442, "Forecast_CapRounds": 3.0, "Forecast_Enroll_2025": 257, "Forecast_CapPct_2025": 58, "Forecast_Proj_2026-27": 256, "Forecast_CapPct_2026-27": 58, "Forecast_Proj_2027-28": 256, "Forecast_CapPct_2027-28": 58, "Forecast_Proj_2028-29": 247, "Forecast_CapPct_2028-29": 56, "Forecast_Proj_2029-30": 236, "Forecast_CapPct_2029-30": 53, "Forecast_Proj_2030-31": 232, "Forecast_CapPct_2030-31": 52}, "geometry": {"type": "MultiPolygon", "coordinates": [[[[-105.2536, 40.0275], [-105.2536, 40.0254], [-105.2536, 40.0234], [-105.2536, 40.0233], [-105.2537, 40.0233], [-105.2584, 40.0223], [-105.2584, 40.0148], [-105.2584, 40.0145], [-105.2586, 40.0136], [-105.2587, 40.0129], [-105.2587, 40.0082], [-105.2588, 40.0082], [-105.2591, 40.0083], [-105.2594, 40.0083], [-105.2596, 40.0083], [-105.2607, 40.0083], [-105.2613, 40.0081], [-105.2629, 40.0082], [-105.2639, 40.0082], [-105.2648, 40.0082], [-105.2661, 40.0082], [-105.2667, 40.0082], [-105.2692, 40.0082], [-105.2695, 40.0082], [-105.2695, 40.0081], [-105.2719, 40.0104], [-105.2721, 40.0105], [-105.2734, 40.0105], [-105.2768, 40.0105], [-105.2777, 40.0119], [-105.2783, 40.0129], [-105.2786, 40.0138], [-105.2787, 40.0141], [-105.279, 40.015], [-105.2807, 40.0147], [-105.2808, 40.0147], [-105.2831, 40.0142], [-105.2835, 40.0139], [-105.2837, 40.0139], [-105.2853, 40.0138], [-105.2872, 40.0137], [-105.2892, 40.0136], [-105.2901, 40.0135], [-105.2903, 40.0135], [-105.2904, 40.0135], [-105.2914, 40.0138], [-105.2921, 40.0137], [-105.2923, 40.0137], [-105.2928, 40.0137], [-105.294, 40.0136], [-105.2953, 40.0136], [-105.2953, 40.0141], [-105.2951, 40.0144], [-105.295, 40.0145], [-105.2949, 40.0145], [-105.2942, 40.0151], [-105.2941, 40.0151], [-105.2941, 40.0154], [-105.294, 40.016], [-105.2941, 40.0167], [-105.294, 40.0167], [-105.2936, 40.0167], [-105.2936, 40.0169], [-105.293, 40.0167], [-105.2927, 40.0171], [-105.2925, 40.0173], [-105.2924, 40.0174], [-105.2924, 40.0175], [-105.2924, 40.0176], [-105.2922, 40.0178], [-105.2922, 40.0183], [-105.2922, 40.0184], [-105.2921, 40.0184], [-105.292, 40.0186], [-105.292, 40.0188], [-105.292, 40.0189], [-105.2921, 40.0189], [-105.2922, 40.0195], [-105.2927, 40.02], [-105.2933, 40.0205], [-105.2932, 40.0205], [-105.2925, 40.0205], [-105.2915, 40.0205], [-105.2915, 40.0246], [-105.2916, 40.0246], [-105.2918, 40.0246], [-105.2924, 40.0246], [-105.2926, 40.0246], [-105.2926, 40.0255], [-105.2924, 40.0255], [-105.2916, 40.0256], [-105.2914, 40.0256], [-105.2902, 40.0255], [-105.2894, 40.0255], [-105.2887, 40.0255], [-105.288, 40.0255], [-105.2879, 40.0255], [-105.2878, 40.0255], [-105.2877, 40.0255], [-105.2868, 40.0255], [-105.2864, 40.0255], [-105.2859, 40.0255], [-105.2856, 40.0255], [-105.2821, 40.0255], [-105.282, 40.0255], [-105.2784, 40.0255], [-105.2766, 40.0255], [-105.2748, 40.0255], [-105.2727, 40.0255], [-105.2726, 40.0255], [-105.2726, 40.026], [-105.2726, 40.0262], [-105.2714, 40.0267], [-105.271, 40.0269], [-105.2705, 40.0271], [-105.2704, 40.0271], [-105.2703, 40.0271], [-105.2704, 40.0272], [-105.2699, 40.0274], [-105.2698, 40.0274], [-105.2696, 40.0274], [-105.2695, 40.0274], [-105.2695, 40.0275], [-105.2692, 40.0275], [-105.2691, 40.0275], [-105.2691, 40.0272], [-105.2688, 40.0272], [-105.2686, 40.0273], [-105.2685, 40.0273], [-105.2683, 40.0273], [-105.268, 40.0273], [-105.2678, 40.0274], [-105.2654, 40.0273], [-105.2632, 40.0274], [-105.2631, 40.0274], [-105.2628, 40.0275], [-105.2626, 40.0275], [-105.262, 40.0276], [-105.2619, 40.0276], [-105.2617, 40.0274], [-105.2615, 40.0274], [-105.2614, 40.0274], [-105.2613, 40.0274], [-105.2612, 40.0274], [-105.2608, 40.0272], [-105.2606, 40.0272], [-105.2604, 40.0271], [-105.2594, 40.0271], [-105.2584, 40.0271], [-105.2584, 40.0272], [-105.2583, 40.0272], [-105.2584, 40.0272], [-105.2583, 40.0274], [-105.2582, 40.0274], [-105.256, 40.0273], [-105.256, 40.0274], [-105.256, 40.0277], [-105.2539, 40.0277], [-105.2538, 40.0277], [-105.2536, 40.0276], [-105.2536, 40.0275]]], [[[-105.2249, 40.0292], [-105.2254, 40.0292], [-105.2255, 40.0292], [-105.2259, 40.0293], [-105.226, 40.0293], [-105.2259, 40.0335], [-105.225, 40.0337], [-105.2242, 40.0339], [-105.2237, 40.0341], [-105.2235, 40.0341], [-105.2233, 40.0343], [-105.2229, 40.0344], [-105.2226, 40.0346], [-105.2224, 40.0343], [-105.2227, 40.0342], [-105.2227, 40.0323], [-105.2232, 40.0319], [-105.2234, 40.0316], [-105.2237, 40.0309], [-105.2239, 40.0302], [-105.2241, 40.03], [-105.2242, 40.0296], [-105.2239, 40.0292], [-105.2244, 40.0292], [-105.2248, 40.0292], [-105.2249, 40.0292]]], [[[-105.238, 40.0352], [-105.2371, 40.0349], [-105.2363, 40.0349], [-105.2358, 40.035], [-105.2348, 40.0355], [-105.2348, 40.0335], [-105.2348, 40.031], [-105.2348, 40.0298], [-105.2365, 40.0296], [-105.2371, 40.0297], [-105.2371, 40.031], [-105.2371, 40.0322], [-105.2372, 40.0335], [-105.2395, 40.0335], [-105.2395, 40.0364], [-105.2388, 40.0359], [-105.2386, 40.0358], [-105.238, 40.0352]]]]}}, {"type": "Feature", "properties": {"SchName": "Mesa", "SchCode": 166, "SchType": "Elementary", "StdtPop": 258, "BVSD_Neigh": "Boulder", "Capacity": 485, "Enroll": 371, "Perc_Cap": 0.76, "layer": "Elementary", "Forecast_Capacity": 418, "Forecast_CapRounds": 3.0, "Forecast_Enroll_2025": 224, "Forecast_CapPct_2025": 54, "Forecast_Proj_2026-27": 217, "Forecast_CapPct_2026-27": 52, "Forecast_Proj_2027-28": 203, "Forecast_CapPct_2027-28": 49, "Forecast_Proj_2028-29": 203, "Forecast_CapPct_2028-29": 49, "Forecast_Proj_2029-30": 202, "Forecast_CapPct_2029-30": 48, "Forecast_Proj_2030-31": 201, "Forecast_CapPct_2030-31": 48}, "geometry": {"type": "Polygon", "coordinates": [[[-105.2673, 39.9857], [-105.2674, 39.9805], [-105.2674, 39.9751], [-105.266, 39.9752], [-105.2658, 39.9752], [-105.2657, 39.975], [-105.2655, 39.9749], [-105.2651, 39.9749], [-105.2649, 39.975], [-105.2647, 39.9751], [-105.2601, 39.9751], [-105.2587, 39.9751], [-105.2566, 39.9751], [-105.2561, 39.9751], [-105.2536, 39.9751], [-105.2508, 39.9751], [-105.2506, 39.9751], [-105.2505, 39.9751], [-105.2504, 39.9751], [-105.25, 39.975], [-105.2499, 39.9749], [-105.2497, 39.9748], [-105.2498, 39.9748], [-105.2497, 39.9748], [-105.2509, 39.9736], [-105.2519, 39.9727], [-105.2521, 39.9724], [-105.2522, 39.9721], [-105.2522, 39.9712], [-105.252, 39.971], [-105.2519, 39.971], [-105.2505, 39.9705], [-105.2504, 39.9705], [-105.2494, 39.9701], [-105.2492, 39.9701], [-105.2491, 39.9701], [-105.2489, 39.9702], [-105.2483, 39.9703], [-105.2481, 39.9704], [-105.2478, 39.9705], [-105.2477, 39.9705], [-105.247, 39.9703], [-105.2469, 39.9706], [-105.2469, 39.9707], [-105.2468, 39.9708], [-105.2467, 39.9709], [-105.2463, 39.9706], [-105.2419, 39.9706], [-105.241, 39.9706], [-105.2388, 39.9706], [-105.2369, 39.9706], [-105.2369, 39.9709], [-105.237, 39.9712], [-105.2371, 39.9715], [-105.2351, 39.9715], [-105.2339, 39.9715], [-105.2319, 39.9714], [-105.2317, 39.9714], [-105.2296, 39.9753], [-105.2283, 39.9777], [-105.2257, 39.9824], [-105.2258, 39.9825], [-105.2267, 39.9829], [-105.2269, 39.983], [-105.2272, 39.9831], [-105.2272, 39.9834], [-105.2272, 39.9839], [-105.2272, 39.9843], [-105.2272, 39.9847], [-105.2272, 39.9853], [-105.2272, 39.9857], [-105.2272, 39.986], [-105.2266, 39.986], [-105.2254, 39.986], [-105.2245, 39.9859], [-105.2209, 39.9858], [-105.2154, 39.986], [-105.2141, 39.9861], [-105.213, 39.9861], [-105.2128, 39.9861], [-105.2127, 39.9859], [-105.2124, 39.9854], [-105.2121, 39.985], [-105.2119, 39.9848], [-105.2118, 39.9845], [-105.2112, 39.9837], [-105.2103, 39.9824], [-105.2098, 39.9817], [-105.2093, 39.9809], [-105.2091, 39.9807], [-105.2083, 39.9795], [-105.2082, 39.9794], [-105.2078, 39.9788], [-105.2073, 39.9781], [-105.2068, 39.9773], [-105.2066, 39.977], [-105.206, 39.9763], [-105.2053, 39.9753], [-105.2049, 39.9746], [-105.2047, 39.9743], [-105.204, 39.9734], [-105.2039, 39.9732], [-105.2038, 39.973], [-105.2036, 39.9728], [-105.1976, 39.9704], [-105.1953, 39.9695], [-105.194, 39.969], [-105.1941, 39.9683], [-105.1941, 39.9646], [-105.1941, 39.9621], [-105.1941, 39.9605], [-105.1941, 39.9575], [-105.2035, 39.9572], [-105.2035, 39.9549], [-105.2035, 39.9503], [-105.2035, 39.95], [-105.2035, 39.9435], [-105.2035, 39.9433], [-105.2035, 39.9432], [-105.2035, 39.936], [-105.2175, 39.936], [-105.2175, 39.9286], [-105.2174, 39.9286], [-105.2174, 39.9285], [-105.2174, 39.9209], [-105.2174, 39.9207], [-105.2174, 39.9174], [-105.2174, 39.9142], [-105.2602, 39.9142], [-105.2765, 39.9139], [-105.2956, 39.9139], [-105.3048, 39.9141], [-105.3141, 39.9141], [-105.3227, 39.914], [-105.3233, 39.914], [-105.3239, 39.914], [-105.324, 39.9194], [-105.3239, 39.9221], [-105.324, 39.9226], [-105.3239, 39.9245], [-105.3241, 39.9283], [-105.3242, 39.9283], [-105.3242, 39.9284], [-105.3242, 39.9285], [-105.3313, 39.9313], [-105.3327, 39.9318], [-105.3354, 39.9328], [-105.3359, 39.933], [-105.3352, 39.9338], [-105.3347, 39.9342], [-105.3342, 39.9347], [-105.3341, 39.9349], [-105.3334, 39.9355], [-105.3326, 39.9363], [-105.332, 39.937], [-105.3288, 39.9401], [-105.3282, 39.9407], [-105.3277, 39.9412], [-105.3273, 39.9416], [-105.3269, 39.942], [-105.3263, 39.9426], [-105.3261, 39.9428], [-105.3259, 39.943], [-105.3258, 39.9431], [-105.3257, 39.9432], [-105.3251, 39.9438], [-105.3247, 39.9442], [-105.3205, 39.9482], [-105.3187, 39.95], [-105.3168, 39.9519], [-105.3143, 39.9543], [-105.3136, 39.9549], [-105.3114, 39.9572], [-105.3095, 39.9591], [-105.3075, 39.961], [-105.3056, 39.963], [-105.3037, 39.9648], [-105.3036, 39.965], [-105.3034, 39.9651], [-105.3033, 39.9652], [-105.3032, 39.9653], [-105.3032, 39.9654], [-105.3031, 39.9654], [-105.3031, 39.9655], [-105.3029, 39.9657], [-105.3027, 39.9658], [-105.3025, 39.966], [-105.3005, 39.968], [-105.2982, 39.9701], [-105.2967, 39.9716], [-105.2949, 39.9733], [-105.2931, 39.975], [-105.293, 39.9752], [-105.2927, 39.9754], [-105.2927, 39.9755], [-105.2916, 39.9765], [-105.2905, 39.9776], [-105.2893, 39.9788], [-105.2862, 39.9819], [-105.2841, 39.9839], [-105.2823, 39.9858], [-105.281, 39.9858], [-105.2797, 39.9858], [-105.2782, 39.9858], [-105.2777, 39.9858], [-105.2773, 39.9858], [-105.2772, 39.9857], [-105.2771, 39.9857], [-105.277, 39.9857], [-105.2769, 39.9857], [-105.276, 39.9858], [-105.2733, 39.9857], [-105.2725, 39.9857], [-105.2674, 39.9858], [-105.2674, 39.9857], [-105.2673, 39.9857]]]}}, {"type": "Feature", "properties": {"SchName": "Lafayette", "SchCode": 153, "SchType": "Elementary", "StdtPop": 1061, "BVSD_Neigh": " ", "Capacity": 623, "Enroll": 589, "Perc_Cap": 0.95, "layer": "Elementary", "Forecast_Capacity": 565, "Forecast_CapRounds": 4.0, "Forecast_Enroll_2025": 450, "Forecast_CapPct_2025": 80, "Forecast_Proj_2026-27": 454, "Forecast_CapPct_2026-27": 80, "Forecast_Proj_2027-28": 435, "Forecast_CapPct_2027-28": 77, "Forecast_Proj_2028-29": 420, "Forecast_CapPct_2028-29": 74, "Forecast_Proj_2029-30": 411, "Forecast_CapPct_2029-30": 73, "Forecast_Proj_2030-31": 392, "Forecast_CapPct_2030-31": 69}, "geometry": {"type": "Polygon", "coordinates": [[[-105.1123, 40.0401], [-105.1115, 40.0401], [-105.1095, 40.0401], [-105.1075, 40.0401], [-105.1028, 40.04], [-105.1029, 40.0387], [-105.1029, 40.0382], [-105.103, 40.0375], [-105.103, 40.0366], [-105.1031, 40.0359], [-105.1031, 40.0349], [-105.103, 40.0339], [-105.103, 40.0329], [-105.1029, 40.032], [-105.1028, 40.031], [-105.1027, 40.0301], [-105.1027, 40.029], [-105.1027, 40.0284], [-105.1027, 40.023], [-105.1028, 40.0217], [-105.1028, 40.0212], [-105.1029, 40.02], [-105.1029, 40.0195], [-105.1029, 40.0166], [-105.1029, 40.015], [-105.1029, 40.0147], [-105.1028, 40.0147], [-105.1028, 40.0146], [-105.1028, 40.0104], [-105.1028, 40.006], [-105.1027, 40.0038], [-105.1028, 40.0004], [-105.1028, 40.0003], [-105.1028, 40.0002], [-105.1027, 40.0002], [-105.1004, 40.0002], [-105.0969, 40.0002], [-105.095, 40.0003], [-105.0905, 40.0002], [-105.0905, 39.9991], [-105.0905, 39.9972], [-105.0905, 39.9943], [-105.0905, 39.9923], [-105.0905, 39.9907], [-105.0905, 39.9903], [-105.0906, 39.9903], [-105.0952, 39.9903], [-105.0952, 39.9902], [-105.0967, 39.9902], [-105.0976, 39.9902], [-105.0979, 39.9903], [-105.099, 39.9905], [-105.1025, 39.9905], [-105.1086, 39.9906], [-105.1148, 39.9906], [-105.115, 39.9906], [-105.1151, 39.9906], [-105.1161, 39.9906], [-105.1162, 39.9906], [-105.1165, 39.9906], [-105.1171, 39.9906], [-105.1179, 39.9907], [-105.1186, 39.9907], [-105.1185, 39.9916], [-105.1185, 39.9924], [-105.1213, 39.9924], [-105.1223, 39.9924], [-105.1224, 39.9924], [-105.1224, 39.9928], [-105.1224, 39.9939], [-105.1224, 39.994], [-105.1224, 39.9941], [-105.1227, 39.9941], [-105.1227, 39.9942], [-105.1247, 39.9942], [-105.1248, 39.9942], [-105.1248, 39.9975], [-105.1279, 39.9975], [-105.1279, 39.9958], [-105.1279, 39.9942], [-105.128, 39.9942], [-105.1281, 39.9942], [-105.1282, 39.9942], [-105.1283, 39.9942], [-105.1301, 39.9942], [-105.1305, 39.9942], [-105.1306, 39.9942], [-105.1309, 39.9942], [-105.1312, 39.9942], [-105.1313, 39.9942], [-105.1371, 39.9942], [-105.1372, 39.9942], [-105.1373, 39.9944], [-105.1373, 39.9945], [-105.1373, 39.9955], [-105.1373, 39.9964], [-105.1373, 39.9974], [-105.1373, 39.9986], [-105.1372, 39.9986], [-105.1363, 39.9982], [-105.1362, 39.9982], [-105.1361, 39.9982], [-105.1345, 39.9994], [-105.1344, 39.9994], [-105.1344, 39.9995], [-105.1344, 39.9996], [-105.1344, 39.9997], [-105.1343, 39.9997], [-105.1343, 39.9998], [-105.134, 40], [-105.1339, 40], [-105.1339, 40.0001], [-105.1311, 40.0001], [-105.131, 40.0001], [-105.131, 40.0002], [-105.1311, 40.0044], [-105.1311, 40.0071], [-105.1311, 40.0079], [-105.131, 40.0128], [-105.1311, 40.0137], [-105.1311, 40.0147], [-105.131, 40.0237], [-105.131, 40.0285], [-105.131, 40.0293], [-105.131, 40.0319], [-105.1311, 40.0327], [-105.1311, 40.0356], [-105.1312, 40.0401], [-105.1312, 40.0402], [-105.1311, 40.0402], [-105.1216, 40.0402], [-105.1175, 40.0402], [-105.1169, 40.0402], [-105.1124, 40.0401], [-105.1123, 40.0401]]]}}, {"type": "Feature", "properties": {"SchName": "Angevine", "SchCode": 252, "SchType": "Middle", "StdtPop": 0, "layer": "Middle School"}, "geometry": {"type": "Polygon", "coordinates": [[[-105.1123, 40.0401], [-105.1119, 40.0401], [-105.1117, 40.0401], [-105.1075, 40.0401], [-105.1063, 40.0401], [-105.1028, 40.04], [-105.1028, 40.0396], [-105.1028, 40.0391], [-105.1029, 40.0384], [-105.1029, 40.038], [-105.103, 40.0375], [-105.103, 40.0369], [-105.1031, 40.0363], [-105.1031, 40.0349], [-105.103, 40.0339], [-105.103, 40.0329], [-105.1029, 40.032], [-105.1028, 40.0308], [-105.1027, 40.0294], [-105.1027, 40.0287], [-105.1027, 40.026], [-105.1027, 40.0256], [-105.1027, 40.0248], [-105.1027, 40.0227], [-105.1028, 40.022], [-105.1028, 40.0208], [-105.1029, 40.02], [-105.1029, 40.0195], [-105.1029, 40.0158], [-105.1029, 40.0155], [-105.1029, 40.0149], [-105.1029, 40.0147], [-105.1028, 40.0147], [-105.0999, 40.0147], [-105.0971, 40.0146], [-105.0933, 40.0147], [-105.092, 40.0147], [-105.0898, 40.0148], [-105.0881, 40.0148], [-105.0864, 40.0147], [-105.0838, 40.0148], [-105.0816, 40.0149], [-105.0765, 40.0149], [-105.0745, 40.0149], [-105.0669, 40.0149], [-105.0664, 40.0148], [-105.0555, 40.0148], [-105.0553, 40.0148], [-105.0552, 40.0005], [-105.053, 40.0005], [-105.053, 39.9871], [-105.053, 39.9867], [-105.053, 39.9772], [-105.0601, 39.9741], [-105.0611, 39.9737], [-105.0618, 39.9734], [-105.0622, 39.9732], [-105.0652, 39.9719], [-105.0661, 39.9714], [-105.0674, 39.9709], [-105.068, 39.9704], [-105.0688, 39.9699], [-105.0702, 39.9687], [-105.0711, 39.9678], [-105.0719, 39.9671], [-105.0728, 39.9663], [-105.0745, 39.9648], [-105.0748, 39.9645], [-105.0769, 39.9628], [-105.0787, 39.9616], [-105.0795, 39.9612], [-105.0815, 39.9603], [-105.0835, 39.9597], [-105.0841, 39.9595], [-105.0858, 39.9592], [-105.0877, 39.9589], [-105.0903, 39.9587], [-105.0929, 39.9586], [-105.0958, 39.9584], [-105.0991, 39.9583], [-105.1034, 39.9581], [-105.1043, 39.9579], [-105.1068, 39.9574], [-105.1082, 39.9569], [-105.1093, 39.9566], [-105.1094, 39.9566], [-105.1095, 39.9566], [-105.1095, 39.9579], [-105.1094, 39.9621], [-105.1093, 39.9651], [-105.1094, 39.9723], [-105.1094, 39.9725], [-105.1107, 39.9725], [-105.1141, 39.9725], [-105.1142, 39.9725], [-105.1142, 39.9726], [-105.1142, 39.9727], [-105.1142, 39.9728], [-105.1141, 39.9729], [-105.1141, 39.973], [-105.1141, 39.9731], [-105.1141, 39.9733], [-105.1141, 39.9735], [-105.114, 39.9758], [-105.114, 39.9767], [-105.1139, 39.9772], [-105.114, 39.9777], [-105.114, 39.9801], [-105.1141, 39.9833], [-105.1142, 39.9833], [-105.1173, 39.9833], [-105.1174, 39.9833], [-105.1174, 39.9841], [-105.1174, 39.9845], [-105.1174, 39.9849], [-105.1174, 39.9852], [-105.1174, 39.9869], [-105.1186, 39.9869], [-105.1186, 39.9879], [-105.1186, 39.9895], [-105.1186, 39.9907], [-105.1185, 39.9916], [-105.1185, 39.9924], [-105.1213, 39.9924], [-105.1223, 39.9924], [-105.1224, 39.9924], [-105.1224, 39.9928], [-105.1224, 39.9939], [-105.1224, 39.994], [-105.1224, 39.9941], [-105.1227, 39.9941], [-105.1248, 39.9942], [-105.1248, 39.9975], [-105.1279, 39.9975], [-105.1279, 39.9958], [-105.1279, 39.9942], [-105.128, 39.9942], [-105.1281, 39.9942], [-105.1282, 39.9942], [-105.1283, 39.9942], [-105.1284, 39.9942], [-105.1285, 39.9942], [-105.1287, 39.9942], [-105.1288, 39.9942], [-105.1289, 39.9942], [-105.1291, 39.9942], [-105.1292, 39.9942], [-105.1293, 39.9942], [-105.13, 39.9942], [-105.1301, 39.9942], [-105.1305, 39.9942], [-105.1306, 39.9942], [-105.1309, 39.9942], [-105.1312, 39.9942], [-105.1313, 39.9942], [-105.1314, 39.9942], [-105.1315, 39.9942], [-105.1316, 39.9942], [-105.1317, 39.9942], [-105.1318, 39.9942], [-105.1319, 39.9942], [-105.132, 39.9942], [-105.1371, 39.9942], [-105.1372, 39.9942], [-105.1373, 39.9944], [-105.1373, 39.9945], [-105.1373, 39.9955], [-105.1373, 39.9964], [-105.1373, 39.9974], [-105.1373, 39.9986], [-105.1372, 39.9986], [-105.1363, 39.9982], [-105.1362, 39.9982], [-105.1361, 39.9982], [-105.1348, 39.9991], [-105.1348, 39.9992], [-105.1347, 39.9992], [-105.1346, 39.9993], [-105.1345, 39.9993], [-105.1345, 39.9994], [-105.1344, 39.9994], [-105.1344, 39.9995], [-105.1344, 39.9996], [-105.1344, 39.9997], [-105.1343, 39.9997], [-105.1343, 39.9998], [-105.134, 40], [-105.1339, 40], [-105.1339, 40.0001], [-105.1311, 40.0001], [-105.131, 40.0001], [-105.131, 40.0002], [-105.1311, 40.0044], [-105.1311, 40.0071], [-105.1311, 40.0079], [-105.131, 40.0128], [-105.1311, 40.0137], [-105.1311, 40.0147], [-105.131, 40.0237], [-105.131, 40.0285], [-105.131, 40.0293], [-105.131, 40.0319], [-105.1311, 40.0327], [-105.1311, 40.0356], [-105.1312, 40.0401], [-105.1312, 40.0402], [-105.1311, 40.0402], [-105.1216, 40.0402], [-105.1175, 40.0402], [-105.1169, 40.0402], [-105.1124, 40.0401], [-105.1123, 40.0401]]]}}, {"type": "Feature", "properties": {"SchName": "Aspen Creek", "SchCode": 505, "SchType": "Middle", "StdtPop": 0, "layer": "Middle School", "Forecast_Capacity": 440, "Forecast_CapRounds": 3.0, "Forecast_Enroll_2025": 472, "Forecast_CapPct_2025": 107, "Forecast_Proj_2026-27": 490, "Forecast_CapPct_2026-27": 111, "Forecast_Proj_2027-28": 503, "Forecast_CapPct_2027-28": 114, "Forecast_Proj_2028-29": 510, "Forecast_CapPct_2028-29": 116, "Forecast_Proj_2029-30": 511, "Forecast_CapPct_2029-30": 116, "Forecast_Proj_2030-31": 504, "Forecast_CapPct_2030-31": 115}, "geometry": {"type": "Polygon", "coordinates": [[[-105.053, 39.9767], [-105.053, 39.944], [-105.053, 39.9435], [-105.053, 39.9251], [-105.0536, 39.9251], [-105.0555, 39.9251], [-105.0573, 39.9251], [-105.0581, 39.9251], [-105.0619, 39.9252], [-105.0635, 39.9252], [-105.0642, 39.925], [-105.0651, 39.9248], [-105.0666, 39.9246], [-105.0667, 39.9245], [-105.0674, 39.9244], [-105.0682, 39.9243], [-105.0686, 39.9243], [-105.069, 39.9244], [-105.07, 39.9247], [-105.0704, 39.9248], [-105.0709, 39.925], [-105.071, 39.925], [-105.0711, 39.9251], [-105.0714, 39.9251], [-105.0718, 39.9251], [-105.0719, 39.9251], [-105.0718, 39.9275], [-105.0718, 39.9288], [-105.0718, 39.9289], [-105.0718, 39.9327], [-105.0718, 39.9385], [-105.0718, 39.9389], [-105.0719, 39.9431], [-105.0719, 39.9432], [-105.0906, 39.9433], [-105.0907, 39.9433], [-105.0907, 39.9422], [-105.0907, 39.9344], [-105.0907, 39.9326], [-105.0907, 39.9314], [-105.0907, 39.9289], [-105.0907, 39.9287], [-105.0908, 39.9287], [-105.0911, 39.9287], [-105.0934, 39.9287], [-105.1039, 39.9287], [-105.115, 39.9287], [-105.1165, 39.9287], [-105.1186, 39.9304], [-105.1191, 39.9308], [-105.1193, 39.9309], [-105.1195, 39.931], [-105.1201, 39.9314], [-105.1225, 39.9327], [-105.1255, 39.934], [-105.1276, 39.9349], [-105.1281, 39.9351], [-105.1281, 39.9352], [-105.1281, 39.9353], [-105.1279, 39.9386], [-105.1278, 39.9433], [-105.1277, 39.9445], [-105.1277, 39.9453], [-105.1276, 39.9457], [-105.1275, 39.9463], [-105.1274, 39.9465], [-105.1274, 39.9467], [-105.1265, 39.948], [-105.1262, 39.9482], [-105.1262, 39.9483], [-105.126, 39.9485], [-105.1252, 39.9492], [-105.1251, 39.9492], [-105.1249, 39.9495], [-105.1224, 39.9509], [-105.1222, 39.9511], [-105.1215, 39.9515], [-105.1211, 39.9517], [-105.12, 39.9524], [-105.1174, 39.9539], [-105.1144, 39.955], [-105.1118, 39.9559], [-105.1095, 39.9566], [-105.1094, 39.9566], [-105.1093, 39.9566], [-105.1082, 39.9569], [-105.1068, 39.9574], [-105.1043, 39.9579], [-105.1034, 39.9581], [-105.0991, 39.9583], [-105.0958, 39.9584], [-105.0929, 39.9586], [-105.0903, 39.9587], [-105.0877, 39.9589], [-105.0858, 39.9592], [-105.0841, 39.9595], [-105.0835, 39.9597], [-105.0815, 39.9603], [-105.0795, 39.9612], [-105.0787, 39.9616], [-105.0769, 39.9628], [-105.0748, 39.9645], [-105.0745, 39.9648], [-105.0728, 39.9663], [-105.0719, 39.9671], [-105.0711, 39.9678], [-105.0702, 39.9687], [-105.0688, 39.9699], [-105.068, 39.9704], [-105.0674, 39.9709], [-105.0661, 39.9714], [-105.0652, 39.9719], [-105.0622, 39.9732], [-105.0618, 39.9734], [-105.0611, 39.9737], [-105.0601, 39.9741], [-105.053, 39.9772], [-105.053, 39.9767]]]}}, {"type": "Feature", "properties": {"SchName": "Broomfield Heights", "SchCode": 225, "SchType": "Middle", "StdtPop": 0, "layer": "Middle School"}, "geometry": {"type": "Polygon", "coordinates": [[[-105.0718, 39.9288], [-105.0718, 39.9275], [-105.0719, 39.9251], [-105.0718, 39.9251], [-105.0714, 39.9251], [-105.0711, 39.9251], [-105.071, 39.925], [-105.0709, 39.925], [-105.0704, 39.9248], [-105.07, 39.9247], [-105.069, 39.9244], [-105.0686, 39.9243], [-105.0682, 39.9243], [-105.0674, 39.9244], [-105.0667, 39.9245], [-105.0666, 39.9246], [-105.0651, 39.9248], [-105.0642, 39.925], [-105.0635, 39.9252], [-105.0619, 39.9252], [-105.0581, 39.9251], [-105.0573, 39.9251], [-105.0555, 39.9251], [-105.0536, 39.9251], [-105.053, 39.9252], [-105.053, 39.9145], [-105.0902, 39.9143], [-105.1117, 39.9144], [-105.1322, 39.9142], [-105.1469, 39.9142], [-105.1469, 39.9143], [-105.1471, 39.9214], [-105.1471, 39.9266], [-105.1471, 39.9288], [-105.147, 39.9289], [-105.147, 39.929], [-105.1433, 39.9289], [-105.1425, 39.9289], [-105.1376, 39.9289], [-105.1376, 39.929], [-105.1375, 39.9335], [-105.1376, 39.9394], [-105.1376, 39.9395], [-105.1375, 39.9395], [-105.1337, 39.9378], [-105.1282, 39.9353], [-105.1281, 39.9352], [-105.1281, 39.9351], [-105.1276, 39.9349], [-105.1255, 39.934], [-105.1225, 39.9327], [-105.1201, 39.9314], [-105.1195, 39.931], [-105.1193, 39.9309], [-105.1191, 39.9308], [-105.1186, 39.9304], [-105.1165, 39.9287], [-105.115, 39.9287], [-105.1039, 39.9287], [-105.0934, 39.9287], [-105.0911, 39.9287], [-105.0908, 39.9287], [-105.0907, 39.9287], [-105.0907, 39.9289], [-105.0907, 39.9314], [-105.0907, 39.9326], [-105.0907, 39.9344], [-105.0907, 39.9422], [-105.0907, 39.9433], [-105.0906, 39.9433], [-105.0719, 39.9432], [-105.0719, 39.9431], [-105.0718, 39.9389], [-105.0718, 39.9385], [-105.0718, 39.9327], [-105.0718, 39.9289], [-105.0718, 39.9288]]]}}, {"type": "Feature", "properties": {"SchName": "Centennial", "SchCode": 250, "SchType": "Middle", "StdtPop": 0, "layer": "Middle School"}, "geometry": {"type": "Polygon", "coordinates": [[[-105.3566, 40.1307], [-105.3567, 40.1236], [-105.3476, 40.1236], [-105.3383, 40.1239], [-105.3286, 40.1238], [-105.3287, 40.1163], [-105.3286, 40.1066], [-105.3286, 40.1054], [-105.3286, 40.102], [-105.3289, 40.102], [-105.3286, 40.1018], [-105.3196, 40.1019], [-105.3138, 40.102], [-105.3119, 40.102], [-105.3095, 40.102], [-105.3065, 40.1021], [-105.3057, 40.1021], [-105.3061, 40.1093], [-105.3012, 40.1142], [-105.3014, 40.1093], [-105.3012, 40.1019], [-105.2822, 40.1018], [-105.2821, 40.0874], [-105.2821, 40.0873], [-105.2819, 40.0873], [-105.2795, 40.0874], [-105.2635, 40.0874], [-105.2068, 40.0872], [-105.2068, 40.0945], [-105.1973, 40.0946], [-105.1974, 40.0873], [-105.1974, 40.0826], [-105.1975, 40.0826], [-105.2014, 40.0791], [-105.2046, 40.0764], [-105.2052, 40.0759], [-105.2069, 40.0745], [-105.2069, 40.0744], [-105.2069, 40.0734], [-105.2133, 40.0675], [-105.227, 40.0551], [-105.2334, 40.0502], [-105.2377, 40.047], [-105.2424, 40.0401], [-105.2444, 40.0378], [-105.2535, 40.0375], [-105.2585, 40.0361], [-105.2632, 40.0365], [-105.2726, 40.0361], [-105.2763, 40.0361], [-105.3159, 40.0365], [-105.3198, 40.0401], [-105.3223, 40.0424], [-105.3235, 40.0436], [-105.3255, 40.0456], [-105.3256, 40.0457], [-105.3338, 40.0539], [-105.3361, 40.0562], [-105.3364, 40.0565], [-105.3376, 40.0577], [-105.3382, 40.0576], [-105.3384, 40.0576], [-105.3394, 40.0576], [-105.3395, 40.0576], [-105.3405, 40.0576], [-105.3409, 40.0576], [-105.343, 40.0576], [-105.3432, 40.0576], [-105.3471, 40.0575], [-105.3517, 40.0645], [-105.3526, 40.0658], [-105.3536, 40.0672], [-105.3565, 40.0714], [-105.3626, 40.0776], [-105.3626, 40.0777], [-105.3627, 40.0777], [-105.3627, 40.0778], [-105.3628, 40.0777], [-105.363, 40.0777], [-105.3716, 40.076], [-105.372, 40.0759], [-105.3736, 40.0756], [-105.3765, 40.075], [-105.3772, 40.0749], [-105.3789, 40.0746], [-105.381, 40.0741], [-105.3827, 40.0738], [-105.3835, 40.0737], [-105.3836, 40.0737], [-105.3838, 40.0736], [-105.392, 40.0727], [-105.4018, 40.0715], [-105.4111, 40.0705], [-105.4273, 40.0683], [-105.4299, 40.0679], [-105.4474, 40.0644], [-105.459, 40.0615], [-105.4624, 40.0606], [-105.4668, 40.0595], [-105.4671, 40.0594], [-105.4789, 40.0573], [-105.4914, 40.0548], [-105.4921, 40.0545], [-105.4991, 40.0514], [-105.4992, 40.0514], [-105.504, 40.0571], [-105.5041, 40.0572], [-105.5067, 40.0597], [-105.5126, 40.0654], [-105.513, 40.0658], [-105.5123, 40.0657], [-105.5047, 40.0655], [-105.4946, 40.0654], [-105.4938, 40.0656], [-105.4937, 40.0656], [-105.4921, 40.0661], [-105.4894, 40.0669], [-105.4893, 40.0669], [-105.4892, 40.067], [-105.4856, 40.068], [-105.4761, 40.0711], [-105.4673, 40.073], [-105.4671, 40.073], [-105.4669, 40.0731], [-105.4576, 40.0776], [-105.4489, 40.0818], [-105.4487, 40.0819], [-105.4486, 40.082], [-105.4481, 40.0822], [-105.448, 40.0822], [-105.4479, 40.0823], [-105.4459, 40.0831], [-105.4444, 40.0838], [-105.4443, 40.0838], [-105.4437, 40.0841], [-105.4392, 40.0859], [-105.4357, 40.0871], [-105.4333, 40.0917], [-105.4321, 40.0941], [-105.4287, 40.101], [-105.4283, 40.1016], [-105.4282, 40.1018], [-105.4275, 40.103], [-105.4254, 40.1063], [-105.4226, 40.111], [-105.4216, 40.1127], [-105.4205, 40.1146], [-105.4198, 40.1159], [-105.4194, 40.1166], [-105.419, 40.1172], [-105.4164, 40.1218], [-105.4146, 40.1249], [-105.4145, 40.125], [-105.4133, 40.127], [-105.4108, 40.132], [-105.4083, 40.1379], [-105.4075, 40.1398], [-105.4068, 40.1416], [-105.4067, 40.1417], [-105.4063, 40.1428], [-105.4062, 40.143], [-105.4061, 40.1431], [-105.3923, 40.1434], [-105.3749, 40.1451], [-105.3567, 40.1451], [-105.3566, 40.1355], [-105.3566, 40.1335], [-105.3566, 40.1307]]]}}, {"type": "Feature", "properties": {"SchName": "Eldorado", "SchCode": 506, "SchType": "Middle", "StdtPop": 0, "layer": "Middle School", "Forecast_Capacity": 568, "Forecast_CapRounds": 4.0, "Forecast_Enroll_2025": 252, "Forecast_CapPct_2025": 44, "Forecast_Proj_2026-27": 253, "Forecast_CapPct_2026-27": 45, "Forecast_Proj_2027-28": 247, "Forecast_CapPct_2027-28": 43, "Forecast_Proj_2028-29": 248, "Forecast_CapPct_2028-29": 44, "Forecast_Proj_2029-30": 250, "Forecast_CapPct_2029-30": 44, "Forecast_Proj_2030-31": 249, "Forecast_CapPct_2030-31": 44}, "geometry": {"type": "Polygon", "coordinates": [[[-105.147, 39.9439], [-105.1472, 39.9399], [-105.1469, 39.9393], [-105.1466, 39.9393], [-105.1462, 39.9393], [-105.145, 39.9393], [-105.145, 39.9373], [-105.1466, 39.9366], [-105.1459, 39.9356], [-105.1456, 39.9345], [-105.1456, 39.9334], [-105.1458, 39.9324], [-105.1463, 39.9317], [-105.1466, 39.9313], [-105.1468, 39.9309], [-105.1472, 39.9303], [-105.1472, 39.9301], [-105.1473, 39.9301], [-105.1473, 39.93], [-105.1474, 39.9296], [-105.1473, 39.9294], [-105.1473, 39.929], [-105.147, 39.929], [-105.147, 39.9289], [-105.1471, 39.9288], [-105.1471, 39.9266], [-105.1471, 39.9214], [-105.1469, 39.9143], [-105.1469, 39.9142], [-105.1471, 39.9142], [-105.2168, 39.9142], [-105.2174, 39.9142], [-105.2174, 39.9174], [-105.2174, 39.9207], [-105.2174, 39.9209], [-105.2174, 39.9285], [-105.2174, 39.9286], [-105.2175, 39.9286], [-105.2175, 39.936], [-105.2035, 39.936], [-105.2035, 39.9432], [-105.2034, 39.9432], [-105.2011, 39.9432], [-105.1988, 39.9432], [-105.19, 39.9432], [-105.1761, 39.9432], [-105.171, 39.9432], [-105.1631, 39.9432], [-105.1639, 39.9449], [-105.1641, 39.9469], [-105.1555, 39.947], [-105.1515, 39.947], [-105.1496, 39.947], [-105.1491, 39.947], [-105.1488, 39.9469], [-105.147, 39.9457], [-105.147, 39.9439]]]}}, {"type": "Feature", "properties": {"SchName": "Louisville", "SchCode": 254, "SchType": "Middle", "StdtPop": 0, "layer": "Middle School", "Forecast_Capacity": 590, "Forecast_CapRounds": 4.0, "Forecast_Enroll_2025": 382, "Forecast_CapPct_2025": 65, "Forecast_Proj_2026-27": 373, "Forecast_CapPct_2026-27": 63, "Forecast_Proj_2027-28": 363, "Forecast_CapPct_2027-28": 62, "Forecast_Proj_2028-29": 360, "Forecast_CapPct_2028-29": 61, "Forecast_Proj_2029-30": 355, "Forecast_CapPct_2029-30": 60, "Forecast_Proj_2030-31": 343, "Forecast_CapPct_2030-31": 58}, "geometry": {"type": "Polygon", "coordinates": [[[-105.1397, 40.0002], [-105.1383, 40.0001], [-105.1382, 40.0001], [-105.1377, 40.0001], [-105.1339, 40.0001], [-105.1339, 40], [-105.134, 40], [-105.1343, 39.9998], [-105.1343, 39.9997], [-105.1344, 39.9997], [-105.1344, 39.9996], [-105.1344, 39.9995], [-105.1344, 39.9994], [-105.1345, 39.9994], [-105.1345, 39.9993], [-105.1346, 39.9993], [-105.1347, 39.9992], [-105.1348, 39.9992], [-105.1348, 39.9991], [-105.1361, 39.9982], [-105.1362, 39.9982], [-105.1363, 39.9982], [-105.1372, 39.9986], [-105.1373, 39.9986], [-105.1373, 39.9974], [-105.1373, 39.9964], [-105.1373, 39.9955], [-105.1373, 39.9945], [-105.1373, 39.9944], [-105.1372, 39.9942], [-105.1371, 39.9942], [-105.132, 39.9942], [-105.1319, 39.9942], [-105.1318, 39.9942], [-105.1317, 39.9942], [-105.1316, 39.9942], [-105.1315, 39.9942], [-105.1314, 39.9942], [-105.1313, 39.9942], [-105.1312, 39.9942], [-105.1309, 39.9942], [-105.1306, 39.9942], [-105.1305, 39.9942], [-105.1301, 39.9942], [-105.13, 39.9942], [-105.1293, 39.9942], [-105.1292, 39.9942], [-105.1291, 39.9942], [-105.1289, 39.9942], [-105.1288, 39.9942], [-105.1287, 39.9942], [-105.1285, 39.9942], [-105.1284, 39.9942], [-105.1283, 39.9942], [-105.1282, 39.9942], [-105.1281, 39.9942], [-105.128, 39.9942], [-105.1279, 39.9942], [-105.1279, 39.9958], [-105.1279, 39.9975], [-105.1248, 39.9975], [-105.1248, 39.9942], [-105.1227, 39.9941], [-105.1224, 39.9941], [-105.1224, 39.994], [-105.1224, 39.9939], [-105.1224, 39.9928], [-105.1224, 39.9924], [-105.1223, 39.9924], [-105.1213, 39.9924], [-105.1185, 39.9924], [-105.1185, 39.9916], [-105.1186, 39.9907], [-105.1186, 39.989], [-105.1186, 39.9869], [-105.1174, 39.9869], [-105.1174, 39.9852], [-105.1174, 39.9849], [-105.1174, 39.9845], [-105.1174, 39.9841], [-105.1174, 39.9833], [-105.1173, 39.9833], [-105.1142, 39.9833], [-105.1141, 39.9833], [-105.114, 39.9801], [-105.114, 39.9777], [-105.1139, 39.9772], [-105.114, 39.9767], [-105.114, 39.9758], [-105.1141, 39.9735], [-105.1141, 39.9733], [-105.1141, 39.9731], [-105.1141, 39.973], [-105.1141, 39.9729], [-105.1142, 39.9728], [-105.1142, 39.9727], [-105.1142, 39.9726], [-105.1142, 39.9725], [-105.1143, 39.9725], [-105.1144, 39.9725], [-105.1145, 39.9725], [-105.1244, 39.9725], [-105.1288, 39.9725], [-105.1289, 39.9725], [-105.1289, 39.9724], [-105.1288, 39.9721], [-105.1288, 39.9718], [-105.1285, 39.9704], [-105.1273, 39.9688], [-105.1267, 39.9675], [-105.1265, 39.9669], [-105.1259, 39.9655], [-105.1259, 39.9654], [-105.1258, 39.9651], [-105.1261, 39.9651], [-105.1272, 39.9651], [-105.128, 39.9652], [-105.1317, 39.9652], [-105.1327, 39.9652], [-105.1423, 39.9652], [-105.1469, 39.9652], [-105.1469, 39.9653], [-105.1469, 39.9654], [-105.1468, 39.9675], [-105.1468, 39.9682], [-105.1468, 39.9688], [-105.1468, 39.9692], [-105.1468, 39.9699], [-105.1468, 39.9706], [-105.1468, 39.9716], [-105.1468, 39.9722], [-105.1468, 39.9723], [-105.1468, 39.9724], [-105.1468, 39.9725], [-105.1474, 39.9725], [-105.1474, 39.9729], [-105.1472, 39.9733], [-105.1471, 39.9734], [-105.1468, 39.9738], [-105.1468, 39.9741], [-105.1468, 39.9742], [-105.1468, 39.9745], [-105.1468, 39.9746], [-105.1467, 39.9748], [-105.1465, 39.9753], [-105.1466, 39.9753], [-105.1467, 39.9754], [-105.1468, 39.9755], [-105.1468, 39.976], [-105.1468, 39.9761], [-105.1469, 39.9763], [-105.1468, 39.977], [-105.1468, 39.9777], [-105.1468, 39.9783], [-105.1467, 39.9799], [-105.1468, 39.98], [-105.1487, 39.9789], [-105.1504, 39.978], [-105.1521, 39.9774], [-105.1536, 39.9769], [-105.1538, 39.9768], [-105.1562, 39.976], [-105.1573, 39.9756], [-105.1581, 39.9754], [-105.1582, 39.9754], [-105.1595, 39.9749], [-105.1601, 39.9745], [-105.1606, 39.9743], [-105.1619, 39.974], [-105.163, 39.9735], [-105.1638, 39.9729], [-105.1643, 39.9725], [-105.1653, 39.9734], [-105.1655, 39.9737], [-105.1656, 39.9739], [-105.1658, 39.9743], [-105.1658, 39.9753], [-105.1658, 39.9755], [-105.1658, 39.9759], [-105.1658, 39.9767], [-105.1658, 39.9775], [-105.1658, 39.9787], [-105.1659, 39.9787], [-105.1658, 39.9787], [-105.1659, 39.9803], [-105.1659, 39.9807], [-105.166, 39.9823], [-105.166, 39.9831], [-105.166, 39.9842], [-105.166, 39.9851], [-105.166, 39.9862], [-105.166, 39.9868], [-105.166, 39.9869], [-105.166, 39.9872], [-105.1661, 39.9878], [-105.1661, 39.9896], [-105.1661, 39.9903], [-105.1661, 39.9905], [-105.166, 39.9906], [-105.1652, 39.9915], [-105.1642, 39.9932], [-105.1627, 39.9959], [-105.1615, 40.0001], [-105.1527, 40.0001], [-105.152, 40.0001], [-105.1519, 40.0001], [-105.1513, 40.0001], [-105.1503, 40.0001], [-105.1493, 40.0001], [-105.1484, 40.0001], [-105.1483, 40.0001], [-105.1479, 40.0001], [-105.1474, 40.0001], [-105.1473, 40.0001], [-105.1467, 40.0002], [-105.1466, 40.0002], [-105.1461, 40.0002], [-105.1458, 40.0002], [-105.1455, 40.0002], [-105.1453, 40.0002], [-105.145, 40.0002], [-105.1447, 40.0002], [-105.1432, 40.0002], [-105.1421, 40.0002], [-105.142, 40.0002], [-105.1406, 40.0002], [-105.1397, 40.0002]]]}}, {"type": "Feature", "properties": {"SchName": "Monarch", "SchCode": 502, "SchType": "Middle", "StdtPop": 0, "layer": "Middle School", "Forecast_Capacity": 381, "Forecast_CapRounds": 2.5, "Forecast_Enroll_2025": 264, "Forecast_CapPct_2025": 69, "Forecast_Proj_2026-27": 270, "Forecast_CapPct_2026-27": 71, "Forecast_Proj_2027-28": 258, "Forecast_CapPct_2027-28": 68, "Forecast_Proj_2028-29": 258, "Forecast_CapPct_2028-29": 68, "Forecast_Proj_2029-30": 274, "Forecast_CapPct_2029-30": 72, "Forecast_Proj_2030-31": 264, "Forecast_CapPct_2030-31": 69}, "geometry": {"type": "Polygon", "coordinates": [[[-105.1468, 39.9724], [-105.1468, 39.9723], [-105.1468, 39.9722], [-105.1468, 39.9716], [-105.1468, 39.9706], [-105.1468, 39.9699], [-105.1468, 39.9692], [-105.1468, 39.9688], [-105.1468, 39.9682], [-105.1468, 39.9675], [-105.1469, 39.9654], [-105.1469, 39.9653], [-105.1469, 39.9652], [-105.1423, 39.9652], [-105.1327, 39.9652], [-105.1317, 39.9652], [-105.128, 39.9652], [-105.1272, 39.9651], [-105.1261, 39.9651], [-105.1258, 39.9651], [-105.1259, 39.9654], [-105.1259, 39.9655], [-105.1265, 39.9669], [-105.1267, 39.9675], [-105.1273, 39.9688], [-105.1285, 39.9704], [-105.1288, 39.9718], [-105.1288, 39.9721], [-105.1289, 39.9724], [-105.1289, 39.9725], [-105.1288, 39.9725], [-105.1244, 39.9725], [-105.1145, 39.9725], [-105.1144, 39.9725], [-105.1143, 39.9725], [-105.1142, 39.9725], [-105.1141, 39.9725], [-105.1107, 39.9725], [-105.1094, 39.9725], [-105.1094, 39.9723], [-105.1093, 39.9651], [-105.1094, 39.9621], [-105.1095, 39.9579], [-105.1095, 39.9566], [-105.1118, 39.9559], [-105.1144, 39.955], [-105.1174, 39.9539], [-105.12, 39.9524], [-105.1211, 39.9517], [-105.1215, 39.9515], [-105.1222, 39.9511], [-105.1224, 39.9509], [-105.1249, 39.9495], [-105.1251, 39.9492], [-105.1252, 39.9492], [-105.126, 39.9485], [-105.1262, 39.9483], [-105.1262, 39.9482], [-105.1265, 39.948], [-105.1274, 39.9467], [-105.1274, 39.9465], [-105.1275, 39.9463], [-105.1276, 39.9457], [-105.1277, 39.9453], [-105.1277, 39.9445], [-105.1278, 39.9433], [-105.1279, 39.9386], [-105.1281, 39.9353], [-105.1281, 39.9352], [-105.1282, 39.9353], [-105.1337, 39.9378], [-105.1375, 39.9395], [-105.1376, 39.9395], [-105.1376, 39.9394], [-105.1375, 39.9335], [-105.1376, 39.929], [-105.1376, 39.9289], [-105.1425, 39.9289], [-105.1433, 39.9289], [-105.147, 39.929], [-105.1473, 39.929], [-105.1473, 39.9294], [-105.1474, 39.9296], [-105.1473, 39.93], [-105.1473, 39.9301], [-105.1472, 39.9301], [-105.1472, 39.9303], [-105.1468, 39.9309], [-105.1466, 39.9313], [-105.1463, 39.9317], [-105.1458, 39.9324], [-105.1456, 39.9334], [-105.1456, 39.9345], [-105.1459, 39.9356], [-105.1466, 39.9366], [-105.145, 39.9373], [-105.145, 39.9393], [-105.1462, 39.9393], [-105.1466, 39.9393], [-105.1469, 39.9393], [-105.1472, 39.9399], [-105.147, 39.9439], [-105.147, 39.9457], [-105.1488, 39.9469], [-105.1491, 39.947], [-105.1496, 39.947], [-105.1515, 39.947], [-105.1555, 39.947], [-105.1641, 39.9469], [-105.1639, 39.9449], [-105.1631, 39.9432], [-105.171, 39.9432], [-105.1761, 39.9432], [-105.19, 39.9432], [-105.1988, 39.9432], [-105.2011, 39.9432], [-105.2034, 39.9432], [-105.2035, 39.9432], [-105.2035, 39.9433], [-105.2035, 39.9435], [-105.2035, 39.95], [-105.2035, 39.9503], [-105.2035, 39.9549], [-105.2035, 39.9572], [-105.1941, 39.9575], [-105.1941, 39.9608], [-105.1941, 39.962], [-105.1941, 39.963], [-105.1941, 39.9642], [-105.1941, 39.965], [-105.1941, 39.9664], [-105.1941, 39.9683], [-105.194, 39.969], [-105.1855, 39.9659], [-105.1844, 39.9655], [-105.1844, 39.9673], [-105.1844, 39.9681], [-105.1828, 39.9682], [-105.1827, 39.9701], [-105.1827, 39.9721], [-105.1827, 39.9723], [-105.1753, 39.9723], [-105.1753, 39.9742], [-105.1753, 39.9787], [-105.1718, 39.9787], [-105.1691, 39.9787], [-105.1663, 39.9787], [-105.166, 39.9787], [-105.1659, 39.9787], [-105.1658, 39.9787], [-105.1658, 39.9775], [-105.1658, 39.9767], [-105.1658, 39.9759], [-105.1658, 39.9755], [-105.1658, 39.9753], [-105.1658, 39.9743], [-105.1656, 39.9739], [-105.1655, 39.9737], [-105.1653, 39.9734], [-105.1643, 39.9725], [-105.1638, 39.9729], [-105.163, 39.9735], [-105.1619, 39.974], [-105.1606, 39.9743], [-105.1601, 39.9745], [-105.1595, 39.9749], [-105.1582, 39.9754], [-105.1581, 39.9754], [-105.1573, 39.9756], [-105.1562, 39.976], [-105.1538, 39.9768], [-105.1536, 39.9769], [-105.1521, 39.9774], [-105.1504, 39.978], [-105.1487, 39.9789], [-105.1468, 39.98], [-105.1467, 39.9799], [-105.1468, 39.9783], [-105.1468, 39.9777], [-105.1468, 39.977], [-105.1469, 39.9763], [-105.1468, 39.9761], [-105.1468, 39.976], [-105.1468, 39.9755], [-105.1467, 39.9754], [-105.1466, 39.9753], [-105.1465, 39.9753], [-105.1467, 39.9748], [-105.1468, 39.9746], [-105.1468, 39.9745], [-105.1468, 39.9742], [-105.1468, 39.9741], [-105.1468, 39.9738], [-105.1471, 39.9734], [-105.1472, 39.9733], [-105.1474, 39.9729], [-105.1474, 39.9725], [-105.1468, 39.9725], [-105.1468, 39.9724]]]}}, {"type": "Feature", "properties": {"SchName": "Nederland", "SchCode": 503, "SchType": "Middle", "StdtPop": 0, "layer": "Middle School", "Forecast_Capacity": 467, "Forecast_CapRounds": 3.0, "Forecast_Enroll_2025": 166, "Forecast_CapPct_2025": 36, "Forecast_Proj_2026-27": 171, "Forecast_CapPct_2026-27": 37, "Forecast_Proj_2027-28": 166, "Forecast_CapPct_2027-28": 36, "Forecast_Proj_2028-29": 167, "Forecast_CapPct_2028-29": 36, "Forecast_Proj_2029-30": 169, "Forecast_CapPct_2029-30": 36, "Forecast_Proj_2030-31": 160, "Forecast_CapPct_2030-31": 34}, "geometry": {"type": "Polygon", "coordinates": [[[0, 0], [1, 0], [1, 1], [0, 1], [0, 0]]]}}, {"type": "Feature", "properties": {"SchName": "Platt", "SchCode": 260, "SchType": "Middle", "StdtPop": 0, "layer": "Middle School"}, "geometry": {"type": "Polygon", "coordinates": [[[0, 0], [1, 0], [1, 1], [0, 1], [0, 0]]]}}, {"type": "Feature", "properties": {"SchName": "Southern Hills", "SchCode": 270, "SchType": "Middle", "StdtPop": 0, "layer": "Middle School"}, "geometry": {"type": "Polygon", "coordinates": [[[0, 0], [1, 0], [1, 1], [0, 1], [0, 0]]]}}, {"type": "Feature", "properties": {"SchName": "Manhattan", "SchCode": 230, "SchType": "Middle", "StdtPop": 0, "layer": "Middle School"}, "geometry": {"type": "Polygon", "coordinates": [[[0, 0], [1, 0], [1, 1], [0, 1], [0, 0]]]}}, {"type": "Feature", "properties": {"SchName": "Casey", "SchCode": 240, "SchType": "Middle", "StdtPop": 0, "layer": "Middle School"}, "geometry": {"type": "Polygon", "coordinates": [[[0, 0], [1, 0], [1, 1], [0, 1], [0, 0]]]}}, {"type": "Feature", "properties": {"SchName": "Meadowlark", "SchCode": 252, "SchType": "Middle", "StdtPop": 0, "layer": "Middle School", "Forecast_Capacity": 441, "Forecast_CapRounds": 3.0, "Forecast_Enroll_2025": 471, "Forecast_CapPct_2025": 107, "Forecast_Proj_2026-27": 479, "Forecast_CapPct_2026-27": 109, "Forecast_Proj_2027-28": 511, "Forecast_CapPct_2027-28": 116, "Forecast_Proj_2028-29": 544, "Forecast_CapPct_2028-29": 123, "Forecast_Proj_2029-30": 577, "Forecast_CapPct_2029-30": 131, "Forecast_Proj_2030-31": 605, "Forecast_CapPct_2030-31": 137}, "geometry": {"type": "Polygon", "coordinates": [[[0, 0], [1, 0], [1, 1], [0, 1], [0, 0]]]}}, {"type": "Feature", "properties": {"SchName": "Boulder High", "SchCode": 310, "SchType": "High", "StdtPop": 0, "layer": "High School"}, "geometry": {"type": "Polygon", "coordinates": [[[-105.3566, 40.1307], [-105.3567, 40.1236], [-105.3476, 40.1236], [-105.3383, 40.1239], [-105.3286, 40.1238], [-105.3287, 40.1163], [-105.3286, 40.1066], [-105.3286, 40.1054], [-105.3286, 40.102], [-105.3289, 40.102], [-105.3286, 40.1018], [-105.3196, 40.1019], [-105.3138, 40.102], [-105.3119, 40.102], [-105.3095, 40.102], [-105.3065, 40.1021], [-105.3057, 40.1021], [-105.3061, 40.1093], [-105.3012, 40.1142], [-105.3014, 40.1093], [-105.3012, 40.1019], [-105.2822, 40.1018], [-105.2821, 40.0874], [-105.2821, 40.0873], [-105.2819, 40.0873], [-105.2819, 40.0874], [-105.2795, 40.0874], [-105.2635, 40.0874], [-105.2068, 40.0872], [-105.2068, 40.0945], [-105.1973, 40.0946], [-105.1974, 40.0873], [-105.1974, 40.0826], [-105.1975, 40.0826], [-105.2014, 40.0791], [-105.2046, 40.0764], [-105.2052, 40.0759], [-105.2069, 40.0745], [-105.2069, 40.0744], [-105.2068, 40.0712], [-105.2068, 40.0672], [-105.2068, 40.0622], [-105.2068, 40.0618], [-105.2068, 40.0611], [-105.2069, 40.0566], [-105.2069, 40.0542], [-105.2069, 40.051], [-105.1688, 40.0511], [-105.1688, 40.0437], [-105.1689, 40.0145], [-105.1795, 40.0147], [-105.213, 40.0146], [-105.2156, 40.0146], [-105.2191, 40.0146], [-105.2205, 40.0146], [-105.2406, 40.0146], [-105.2443, 40.0146], [-105.2561, 40.0146], [-105.2561, 40.0109], [-105.2586, 40.0109], [-105.2584, 40.0005], [-105.2584, 40.0003], [-105.2601, 40.0004], [-105.2602, 40.0004], [-105.2603, 39.9976], [-105.2613, 39.9977], [-105.2617, 39.9974], [-105.2565, 39.9895], [-105.2563, 39.9893], [-105.2571, 39.9893], [-105.2576, 39.9893], [-105.2581, 39.9893], [-105.263, 39.9893], [-105.2635, 39.9893], [-105.2699, 39.9893], [-105.2705, 39.9899], [-105.2714, 39.9894], [-105.2715, 39.9893], [-105.2719, 39.9893], [-105.272, 39.9893], [-105.272, 39.9892], [-105.2721, 39.9892], [-105.2723, 39.9892], [-105.2725, 39.9892], [-105.2725, 39.9858], [-105.2725, 39.9857], [-105.276, 39.9858], [-105.2771, 39.9858], [-105.2772, 39.9858], [-105.2823, 39.9858], [-105.2927, 39.9754], [-105.293, 39.9751], [-105.2931, 39.975], [-105.2949, 39.9733], [-105.2967, 39.9716], [-105.2982, 39.9701], [-105.3005, 39.968], [-105.3025, 39.966], [-105.3027, 39.9658], [-105.3029, 39.9657], [-105.3031, 39.9655], [-105.3031, 39.9654], [-105.3032, 39.9654], [-105.3032, 39.9653], [-105.3136, 39.9549], [-105.3258, 39.9431], [-105.3359, 39.933], [-105.3366, 39.9334], [-105.3401, 39.9351], [-105.3434, 39.9368], [-105.3444, 39.9373], [-105.3516, 39.941], [-105.3562, 39.9448], [-105.3676, 39.9541], [-105.3702, 39.9562], [-105.3702, 39.9566], [-105.3702, 39.9658], [-105.3702, 39.9783], [-105.3702, 39.9855], [-105.3706, 39.9857], [-105.3952, 40.0017], [-105.3979, 40.0034], [-105.4004, 40.005], [-105.4063, 40.0086], [-105.4065, 40.0087], [-105.4066, 40.0087], [-105.4067, 40.0088], [-105.4068, 40.0089], [-105.4069, 40.0089], [-105.4204, 40.0089], [-105.4253, 40.0089], [-105.4257, 40.0089], [-105.4258, 40.0089], [-105.4315, 40.0115], [-105.4324, 40.0119], [-105.4333, 40.0124], [-105.4398, 40.016], [-105.4447, 40.0186], [-105.4462, 40.0195], [-105.4477, 40.0203], [-105.4493, 40.0213], [-105.4668, 40.0212], [-105.4698, 40.0212], [-105.4753, 40.0268], [-105.4775, 40.029], [-105.4787, 40.0303], [-105.4869, 40.0386], [-105.4893, 40.0411], [-105.4892, 40.0411], [-105.4893, 40.0412], [-105.4894, 40.0413], [-105.4924, 40.0442], [-105.4938, 40.0456], [-105.4951, 40.047], [-105.4991, 40.0512], [-105.4992, 40.0513], [-105.4991, 40.0514], [-105.4992, 40.0514], [-105.504, 40.0571], [-105.5041, 40.0572], [-105.5067, 40.0597], [-105.5126, 40.0654], [-105.513, 40.0658], [-105.5123, 40.0657], [-105.5047, 40.0655], [-105.4947, 40.0654], [-105.4946, 40.0654], [-105.4938, 40.0656], [-105.4937, 40.0656], [-105.4921, 40.0661], [-105.4894, 40.0669], [-105.4893, 40.0669], [-105.4892, 40.067], [-105.4856, 40.068], [-105.4761, 40.0711], [-105.4673, 40.073], [-105.4671, 40.073], [-105.4669, 40.0731], [-105.4576, 40.0776], [-105.4489, 40.0818], [-105.4487, 40.0819], [-105.4486, 40.082], [-105.4481, 40.0822], [-105.448, 40.0822], [-105.4479, 40.0823], [-105.4459, 40.0831], [-105.4444, 40.0838], [-105.4443, 40.0838], [-105.4437, 40.0841], [-105.4392, 40.0859], [-105.4357, 40.0871], [-105.4333, 40.0917], [-105.4321, 40.0941], [-105.4287, 40.101], [-105.4283, 40.1016], [-105.4282, 40.1018], [-105.4275, 40.103], [-105.4254, 40.1063], [-105.4226, 40.111], [-105.4216, 40.1127], [-105.4205, 40.1146], [-105.4198, 40.1159], [-105.4194, 40.1166], [-105.419, 40.1172], [-105.4164, 40.1218], [-105.4146, 40.1249], [-105.4145, 40.125], [-105.4133, 40.127], [-105.4108, 40.132], [-105.4083, 40.1379], [-105.4075, 40.1398], [-105.4068, 40.1416], [-105.4067, 40.1417], [-105.4063, 40.1428], [-105.4062, 40.143], [-105.4061, 40.1431], [-105.3923, 40.1434], [-105.3749, 40.1451], [-105.3567, 40.1451], [-105.3566, 40.1355], [-105.3566, 40.1335], [-105.3566, 40.1307]]]}}, {"type": "Feature", "properties": {"SchName": "Boulder-Fairview", "SchCode": 3, "SchType": "High", "StdtPop": 0, "layer": "High School"}, "geometry": {"type": "Polygon", "coordinates": [[[-105.1979, 40.0737], [-105.1979, 40.0728], [-105.1939, 40.0728], [-105.1885, 40.0728], [-105.1881, 40.0728], [-105.183, 40.0728], [-105.1808, 40.0728], [-105.1785, 40.0728], [-105.176, 40.0728], [-105.1596, 40.0727], [-105.1594, 40.051], [-105.1688, 40.0511], [-105.2069, 40.051], [-105.2069, 40.0542], [-105.2069, 40.0566], [-105.2068, 40.0611], [-105.2068, 40.0618], [-105.2068, 40.0622], [-105.2068, 40.0672], [-105.2068, 40.0712], [-105.2069, 40.0744], [-105.2069, 40.0745], [-105.2052, 40.0759], [-105.2046, 40.0764], [-105.2014, 40.0791], [-105.1975, 40.0826], [-105.1974, 40.0826], [-105.1974, 40.0772], [-105.1974, 40.077], [-105.1975, 40.0762], [-105.1972, 40.0761], [-105.1973, 40.0757], [-105.1974, 40.0756], [-105.1975, 40.0755], [-105.1977, 40.075], [-105.1978, 40.075], [-105.198, 40.0748], [-105.1976, 40.0746], [-105.1974, 40.0745], [-105.1978, 40.074], [-105.1979, 40.0737]]]}}, {"type": "Feature", "properties": {"SchName": "Broomfield High", "SchCode": 315, "SchType": "High", "StdtPop": 0, "layer": "High School"}, "geometry": {"type": "Polygon", "coordinates": [[[-105.053, 39.9767], [-105.053, 39.944], [-105.053, 39.9435], [-105.053, 39.9251], [-105.0536, 39.9251], [-105.053, 39.9251], [-105.053, 39.9145], [-105.0902, 39.9143], [-105.1117, 39.9144], [-105.1322, 39.9142], [-105.1469, 39.9142], [-105.1469, 39.9143], [-105.1471, 39.9214], [-105.1471, 39.9266], [-105.1471, 39.9288], [-105.147, 39.9289], [-105.147, 39.929], [-105.1433, 39.9289], [-105.1425, 39.9289], [-105.1376, 39.9289], [-105.1376, 39.929], [-105.1375, 39.9335], [-105.1376, 39.9394], [-105.1376, 39.9395], [-105.1375, 39.9395], [-105.1337, 39.9378], [-105.1282, 39.9353], [-105.1281, 39.9352], [-105.1281, 39.9353], [-105.1279, 39.9386], [-105.1278, 39.9433], [-105.1277, 39.9445], [-105.1277, 39.9453], [-105.1276, 39.9457], [-105.1275, 39.9463], [-105.1274, 39.9465], [-105.1274, 39.9467], [-105.1265, 39.948], [-105.1262, 39.9482], [-105.1262, 39.9483], [-105.126, 39.9485], [-105.1252, 39.9492], [-105.1251, 39.9492], [-105.1249, 39.9495], [-105.1224, 39.9509], [-105.1222, 39.9511], [-105.1215, 39.9515], [-105.1211, 39.9517], [-105.12, 39.9524], [-105.1174, 39.9539], [-105.1144, 39.955], [-105.1118, 39.9559], [-105.1095, 39.9566], [-105.1094, 39.9566], [-105.1093, 39.9566], [-105.1082, 39.9569], [-105.1068, 39.9574], [-105.1043, 39.9579], [-105.1034, 39.9581], [-105.0991, 39.9583], [-105.0958, 39.9584], [-105.0929, 39.9586], [-105.0903, 39.9587], [-105.0877, 39.9589], [-105.0858, 39.9592], [-105.0841, 39.9595], [-105.0835, 39.9597], [-105.0815, 39.9603], [-105.0795, 39.9612], [-105.0787, 39.9616], [-105.0769, 39.9628], [-105.0748, 39.9645], [-105.0745, 39.9648], [-105.0728, 39.9663], [-105.0719, 39.9671], [-105.0711, 39.9678], [-105.0702, 39.9687], [-105.0688, 39.9699], [-105.068, 39.9704], [-105.0674, 39.9709], [-105.0661, 39.9714], [-105.0652, 39.9719], [-105.0622, 39.9732], [-105.0618, 39.9734], [-105.0611, 39.9737], [-105.0601, 39.9741], [-105.053, 39.9772], [-105.053, 39.9767]]]}}, {"type": "Feature", "properties": {"SchName": "Centaurus", "SchCode": 320, "SchType": "High", "StdtPop": 0, "layer": "High School"}, "geometry": {"type": "Polygon", "coordinates": [[[-105.1315, 40.0872], [-105.1314, 40.0836], [-105.1218, 40.0837], [-105.1218, 40.0801], [-105.113, 40.0802], [-105.1131, 40.0799], [-105.1122, 40.0799], [-105.1119, 40.0795], [-105.1119, 40.0799], [-105.1029, 40.08], [-105.1023, 40.0801], [-105.0933, 40.0801], [-105.0839, 40.0803], [-105.0821, 40.0804], [-105.0798, 40.0804], [-105.0798, 40.0792], [-105.0744, 40.0792], [-105.0744, 40.0771], [-105.0745, 40.0733], [-105.0745, 40.0698], [-105.0745, 40.0661], [-105.084, 40.066], [-105.0908, 40.0658], [-105.0908, 40.0635], [-105.091, 40.0586], [-105.091, 40.055], [-105.0911, 40.0516], [-105.0934, 40.0514], [-105.0932, 40.0503], [-105.0939, 40.0502], [-105.0933, 40.0496], [-105.0937, 40.0494], [-105.0934, 40.0491], [-105.0934, 40.049], [-105.0932, 40.0489], [-105.0932, 40.0487], [-105.0932, 40.0457], [-105.0932, 40.0439], [-105.0745, 40.0443], [-105.0745, 40.0399], [-105.0745, 40.037], [-105.0745, 40.0336], [-105.0745, 40.0297], [-105.0555, 40.0295], [-105.0553, 40.0149], [-105.0553, 40.0148], [-105.0552, 40.0005], [-105.053, 40.0005], [-105.053, 39.9871], [-105.053, 39.9867], [-105.053, 39.9772], [-105.0601, 39.9741], [-105.0611, 39.9737], [-105.0618, 39.9734], [-105.0622, 39.9732], [-105.0652, 39.9719], [-105.0661, 39.9714], [-105.0674, 39.9709], [-105.068, 39.9704], [-105.0688, 39.9699], [-105.0702, 39.9687], [-105.0711, 39.9678], [-105.0719, 39.9671], [-105.0728, 39.9663], [-105.0745, 39.9648], [-105.0748, 39.9645], [-105.0769, 39.9628], [-105.0787, 39.9616], [-105.0795, 39.9612], [-105.0815, 39.9603], [-105.0835, 39.9597], [-105.0841, 39.9595], [-105.0858, 39.9592], [-105.0877, 39.9589], [-105.0903, 39.9587], [-105.0929, 39.9586], [-105.0958, 39.9584], [-105.0991, 39.9583], [-105.1034, 39.9581], [-105.1043, 39.9579], [-105.1068, 39.9574], [-105.1082, 39.9569], [-105.1093, 39.9566], [-105.1094, 39.9566], [-105.1095, 39.9566], [-105.1095, 39.9579], [-105.1094, 39.9621], [-105.1093, 39.9651], [-105.1094, 39.9723], [-105.1094, 39.9725], [-105.1107, 39.9725], [-105.1141, 39.9725], [-105.1142, 39.9725], [-105.1141, 39.973], [-105.1141, 39.9731], [-105.1141, 39.9733], [-105.1141, 39.9735], [-105.114, 39.9758], [-105.114, 39.9767], [-105.1139, 39.9772], [-105.114, 39.9777], [-105.114, 39.9801], [-105.1141, 39.9833], [-105.1142, 39.9833], [-105.1174, 39.9832], [-105.1174, 39.9833], [-105.1174, 39.9841], [-105.1174, 39.9845], [-105.1174, 39.9849], [-105.1174, 39.9852], [-105.1174, 39.987], [-105.1186, 39.987], [-105.1185, 39.9888], [-105.1185, 39.9903], [-105.1185, 39.9916], [-105.1185, 39.9924], [-105.1213, 39.9924], [-105.1224, 39.9924], [-105.1224, 39.9928], [-105.1224, 39.9941], [-105.1224, 39.9942], [-105.1247, 39.9942], [-105.1248, 39.9942], [-105.1248, 39.9975], [-105.1279, 39.9975], [-105.1279, 39.9958], [-105.1279, 39.9942], [-105.128, 39.9942], [-105.1281, 39.9942], [-105.1282, 39.9942], [-105.1283, 39.9942], [-105.1284, 39.9942], [-105.1285, 39.9942], [-105.1287, 39.9942], [-105.1288, 39.9942], [-105.1289, 39.9942], [-105.1291, 39.9942], [-105.1292, 39.9942], [-105.1293, 39.9942], [-105.13, 39.9942], [-105.1301, 39.9942], [-105.1305, 39.9942], [-105.1306, 39.9942], [-105.1309, 39.9942], [-105.1312, 39.9942], [-105.1313, 39.9942], [-105.1314, 39.9942], [-105.1315, 39.9942], [-105.1316, 39.9942], [-105.1317, 39.9942], [-105.1318, 39.9942], [-105.1319, 39.9942], [-105.132, 39.9942], [-105.1371, 39.9942], [-105.1372, 39.9942], [-105.1373, 39.9944], [-105.1373, 39.9945], [-105.1373, 39.9955], [-105.1373, 39.9964], [-105.1373, 39.9974], [-105.1373, 39.9986], [-105.1372, 39.9986], [-105.1363, 39.9982], [-105.1362, 39.9982], [-105.1361, 39.9982], [-105.1348, 39.9991], [-105.1348, 39.9992], [-105.1347, 39.9992], [-105.1346, 39.9993], [-105.1345, 39.9993], [-105.1345, 39.9994], [-105.1344, 39.9994], [-105.1344, 39.9995], [-105.1344, 39.9996], [-105.1344, 39.9997], [-105.1343, 39.9998], [-105.134, 40], [-105.1339, 40], [-105.1339, 40.0001], [-105.1339, 40.0002], [-105.1373, 40.0001], [-105.1377, 40.0001], [-105.1382, 40.0001], [-105.1383, 40.0001], [-105.1397, 40.0002], [-105.1406, 40.0002], [-105.1407, 40.0002], [-105.142, 40.0002], [-105.1421, 40.0002], [-105.1432, 40.0002], [-105.1447, 40.0002], [-105.1455, 40.0002], [-105.1458, 40.0002], [-105.1461, 40.0002], [-105.1466, 40.0002], [-105.1467, 40.0002], [-105.1473, 40.0001], [-105.1474, 40.0001], [-105.1479, 40.0001], [-105.1483, 40.0001], [-105.1484, 40.0001], [-105.1493, 40.0001], [-105.1503, 40.0001], [-105.1513, 40.0001], [-105.1514, 40.0001], [-105.1519, 40.0001], [-105.152, 40.0001], [-105.1527, 40.0001], [-105.1602, 40.0001], [-105.1655, 40.0001], [-105.1663, 40.0002], [-105.1664, 40.0146], [-105.1689, 40.0145], [-105.1688, 40.0437], [-105.1688, 40.0511], [-105.1594, 40.051], [-105.1596, 40.0727], [-105.1502, 40.0727], [-105.1501, 40.0727], [-105.1502, 40.0727], [-105.1502, 40.0786], [-105.1501, 40.083], [-105.1501, 40.0854], [-105.15, 40.0866], [-105.15, 40.0871], [-105.1315, 40.0872]]]}}, {"type": "Feature", "properties": {"SchName": "Fairview", "SchCode": 330, "SchType": "High", "StdtPop": 0, "layer": "High School"}, "geometry": {"type": "Polygon", "coordinates": [[[-105.1795, 40.0147], [-105.1689, 40.0145], [-105.1664, 40.0146], [-105.1663, 40.0002], [-105.1655, 40.0001], [-105.1659, 39.9968], [-105.1661, 39.9946], [-105.1661, 39.9905], [-105.1661, 39.9903], [-105.1661, 39.9896], [-105.1661, 39.9878], [-105.166, 39.9872], [-105.166, 39.9869], [-105.166, 39.9868], [-105.166, 39.9862], [-105.166, 39.9851], [-105.166, 39.9842], [-105.166, 39.9831], [-105.166, 39.9823], [-105.1659, 39.9807], [-105.1659, 39.9803], [-105.1658, 39.9787], [-105.1659, 39.9787], [-105.166, 39.9787], [-105.1663, 39.9787], [-105.1691, 39.9787], [-105.1718, 39.9787], [-105.1753, 39.9787], [-105.1753, 39.9742], [-105.1753, 39.9723], [-105.1827, 39.9723], [-105.1827, 39.9701], [-105.1828, 39.9682], [-105.1844, 39.9681], [-105.1844, 39.9673], [-105.1844, 39.9655], [-105.1848, 39.9656], [-105.1858, 39.966], [-105.1864, 39.9662], [-105.1885, 39.967], [-105.191, 39.9679], [-105.194, 39.969], [-105.1941, 39.9683], [-105.1941, 39.9664], [-105.1941, 39.9657], [-105.1941, 39.965], [-105.1941, 39.9642], [-105.1941, 39.963], [-105.1941, 39.962], [-105.1941, 39.9608], [-105.1941, 39.9575], [-105.2035, 39.9572], [-105.2035, 39.9549], [-105.2035, 39.9503], [-105.2035, 39.95], [-105.2035, 39.9435], [-105.2035, 39.9433], [-105.2035, 39.9432], [-105.2035, 39.936], [-105.2175, 39.936], [-105.2175, 39.9286], [-105.2174, 39.9286], [-105.2174, 39.9285], [-105.2174, 39.9209], [-105.2174, 39.9207], [-105.2174, 39.9174], [-105.2174, 39.9142], [-105.2602, 39.9142], [-105.2765, 39.9139], [-105.2956, 39.9139], [-105.3048, 39.9141], [-105.3141, 39.9141], [-105.3227, 39.914], [-105.3233, 39.914], [-105.3239, 39.914], [-105.324, 39.9194], [-105.3239, 39.9221], [-105.324, 39.9226], [-105.3239, 39.9245], [-105.3241, 39.9283], [-105.3242, 39.9283], [-105.3242, 39.9284], [-105.3242, 39.9285], [-105.3313, 39.9313], [-105.3327, 39.9318], [-105.3354, 39.9328], [-105.3359, 39.933], [-105.3352, 39.9338], [-105.3359, 39.933], [-105.3258, 39.9431], [-105.3136, 39.9549], [-105.3032, 39.9653], [-105.3032, 39.9654], [-105.3031, 39.9654], [-105.3031, 39.9655], [-105.3029, 39.9657], [-105.3027, 39.9658], [-105.3025, 39.966], [-105.3005, 39.968], [-105.2982, 39.9701], [-105.2967, 39.9716], [-105.2949, 39.9733], [-105.2931, 39.975], [-105.293, 39.9751], [-105.2927, 39.9754], [-105.2823, 39.9858], [-105.2772, 39.9858], [-105.2771, 39.9858], [-105.276, 39.9858], [-105.2725, 39.9857], [-105.2725, 39.9858], [-105.2725, 39.9892], [-105.2723, 39.9892], [-105.2721, 39.9892], [-105.272, 39.9892], [-105.272, 39.9893], [-105.2719, 39.9893], [-105.2715, 39.9893], [-105.2714, 39.9894], [-105.2705, 39.9899], [-105.2699, 39.9893], [-105.2635, 39.9893], [-105.263, 39.9893], [-105.2581, 39.9893], [-105.2576, 39.9893], [-105.2571, 39.9893], [-105.2563, 39.9893], [-105.2565, 39.9895], [-105.2617, 39.9974], [-105.2613, 39.9977], [-105.2603, 39.9976], [-105.2602, 40.0004], [-105.2601, 40.0004], [-105.2584, 40.0003], [-105.2584, 40.0005], [-105.2586, 40.0109], [-105.2561, 40.0109], [-105.2561, 40.0146], [-105.2443, 40.0146], [-105.2406, 40.0146], [-105.2205, 40.0146], [-105.2191, 40.0146], [-105.2156, 40.0146], [-105.213, 40.0146], [-105.1795, 40.0147]]]}}, {"type": "Feature", "properties": {"SchName": "Monarch", "SchCode": 360, "SchType": "High", "StdtPop": 0, "layer": "High School", "Forecast_Capacity": 381, "Forecast_CapRounds": 2.5, "Forecast_Enroll_2025": 264, "Forecast_CapPct_2025": 69, "Forecast_Proj_2026-27": 270, "Forecast_CapPct_2026-27": 71, "Forecast_Proj_2027-28": 258, "Forecast_CapPct_2027-28": 68, "Forecast_Proj_2028-29": 258, "Forecast_CapPct_2028-29": 68, "Forecast_Proj_2029-30": 274, "Forecast_CapPct_2029-30": 72, "Forecast_Proj_2030-31": 264, "Forecast_CapPct_2030-31": 69}, "geometry": {"type": "Polygon", "coordinates": [[[-105.1397, 40.0002], [-105.1383, 40.0001], [-105.1382, 40.0001], [-105.1377, 40.0001], [-105.1373, 40.0001], [-105.1339, 40.0002], [-105.1339, 40.0001], [-105.1339, 40], [-105.134, 40], [-105.1343, 39.9998], [-105.1344, 39.9997], [-105.1344, 39.9996], [-105.1344, 39.9995], [-105.1344, 39.9994], [-105.1345, 39.9994], [-105.1345, 39.9993], [-105.1346, 39.9993], [-105.1347, 39.9992], [-105.1348, 39.9992], [-105.1348, 39.9991], [-105.1361, 39.9982], [-105.1362, 39.9982], [-105.1363, 39.9982], [-105.1372, 39.9986], [-105.1373, 39.9986], [-105.1373, 39.9974], [-105.1373, 39.9964], [-105.1373, 39.9955], [-105.1373, 39.9945], [-105.1373, 39.9944], [-105.1372, 39.9942], [-105.1371, 39.9942], [-105.132, 39.9942], [-105.1319, 39.9942], [-105.1318, 39.9942], [-105.1317, 39.9942], [-105.1316, 39.9942], [-105.1315, 39.9942], [-105.1314, 39.9942], [-105.1313, 39.9942], [-105.1312, 39.9942], [-105.1309, 39.9942], [-105.1306, 39.9942], [-105.1305, 39.9942], [-105.1301, 39.9942], [-105.13, 39.9942], [-105.1293, 39.9942], [-105.1292, 39.9942], [-105.1291, 39.9942], [-105.1289, 39.9942], [-105.1288, 39.9942], [-105.1287, 39.9942], [-105.1285, 39.9942], [-105.1284, 39.9942], [-105.1283, 39.9942], [-105.1282, 39.9942], [-105.1281, 39.9942], [-105.128, 39.9942], [-105.1279, 39.9942], [-105.1279, 39.9958], [-105.1279, 39.9975], [-105.1248, 39.9975], [-105.1248, 39.9942], [-105.1247, 39.9942], [-105.1224, 39.9942], [-105.1224, 39.9941], [-105.1224, 39.9928], [-105.1224, 39.9924], [-105.1213, 39.9924], [-105.1185, 39.9924], [-105.1185, 39.9916], [-105.1185, 39.9907], [-105.1185, 39.9906], [-105.1186, 39.987], [-105.1174, 39.987], [-105.1174, 39.9849], [-105.1174, 39.9845], [-105.1174, 39.9841], [-105.1174, 39.9833], [-105.1174, 39.9832], [-105.1142, 39.9833], [-105.1141, 39.9833], [-105.114, 39.9801], [-105.114, 39.9777], [-105.1139, 39.9772], [-105.114, 39.9767], [-105.114, 39.9758], [-105.1141, 39.9735], [-105.1141, 39.9733], [-105.1141, 39.9731], [-105.1141, 39.973], [-105.1142, 39.9725], [-105.1141, 39.9725], [-105.1107, 39.9725], [-105.1094, 39.9725], [-105.1094, 39.9723], [-105.1093, 39.9651], [-105.1094, 39.9621], [-105.1095, 39.9579], [-105.1095, 39.9566], [-105.1118, 39.9559], [-105.1144, 39.955], [-105.1174, 39.9539], [-105.12, 39.9524], [-105.1211, 39.9517], [-105.1215, 39.9515], [-105.1222, 39.9511], [-105.1224, 39.9509], [-105.1249, 39.9495], [-105.1251, 39.9492], [-105.1252, 39.9492], [-105.126, 39.9485], [-105.1262, 39.9483], [-105.1262, 39.9482], [-105.1265, 39.948], [-105.1274, 39.9467], [-105.1274, 39.9465], [-105.1275, 39.9463], [-105.1276, 39.9457], [-105.1277, 39.9453], [-105.1277, 39.9445], [-105.1278, 39.9433], [-105.1279, 39.9386], [-105.1281, 39.9353], [-105.1281, 39.9352], [-105.1282, 39.9353], [-105.1337, 39.9378], [-105.1375, 39.9395], [-105.1376, 39.9395], [-105.1376, 39.9394], [-105.1375, 39.9335], [-105.1376, 39.929], [-105.1376, 39.9289], [-105.1425, 39.9289], [-105.1433, 39.9289], [-105.147, 39.929], [-105.147, 39.9289], [-105.1471, 39.9288], [-105.1471, 39.9266], [-105.1471, 39.9214], [-105.1469, 39.9143], [-105.1469, 39.9142], [-105.1471, 39.9142], [-105.2168, 39.9142], [-105.2174, 39.9142], [-105.2174, 39.9174], [-105.2174, 39.9207], [-105.2174, 39.9209], [-105.2174, 39.9285], [-105.2174, 39.9286], [-105.2175, 39.9286], [-105.2175, 39.936], [-105.2035, 39.936], [-105.2035, 39.9432], [-105.2035, 39.9433], [-105.2035, 39.9435], [-105.2035, 39.95], [-105.2035, 39.9503], [-105.2035, 39.9549], [-105.2035, 39.9572], [-105.1941, 39.9575], [-105.1941, 39.9608], [-105.1941, 39.9621], [-105.1941, 39.963], [-105.1941, 39.9642], [-105.1941, 39.9657], [-105.1941, 39.9683], [-105.194, 39.969], [-105.1896, 39.9674], [-105.1873, 39.9666], [-105.1868, 39.9664], [-105.1862, 39.9661], [-105.1844, 39.9655], [-105.1844, 39.9673], [-105.1844, 39.9681], [-105.1828, 39.9682], [-105.1827, 39.9701], [-105.1827, 39.9723], [-105.1753, 39.9723], [-105.1753, 39.9742], [-105.1753, 39.9787], [-105.1718, 39.9787], [-105.1691, 39.9787], [-105.1663, 39.9787], [-105.166, 39.9787], [-105.1659, 39.9787], [-105.1658, 39.9787], [-105.1659, 39.9803], [-105.1659, 39.9807], [-105.166, 39.9823], [-105.166, 39.9831], [-105.166, 39.9842], [-105.166, 39.9851], [-105.166, 39.9862], [-105.166, 39.9868], [-105.166, 39.9869], [-105.166, 39.9872], [-105.1661, 39.9878], [-105.1661, 39.9896], [-105.1661, 39.9903], [-105.1661, 39.9905], [-105.1661, 39.9946], [-105.1659, 39.9968], [-105.1655, 40.0001], [-105.1602, 40.0001], [-105.1527, 40.0001], [-105.152, 40.0001], [-105.1519, 40.0001], [-105.1514, 40.0001], [-105.1513, 40.0001], [-105.1503, 40.0001], [-105.1493, 40.0001], [-105.1484, 40.0001], [-105.1483, 40.0001], [-105.1479, 40.0001], [-105.1474, 40.0001], [-105.1473, 40.0001], [-105.1467, 40.0002], [-105.1466, 40.0002], [-105.1461, 40.0002], [-105.1458, 40.0002], [-105.1455, 40.0002], [-105.1447, 40.0002], [-105.1432, 40.0002], [-105.1421, 40.0002], [-105.142, 40.0002], [-105.1407, 40.0002], [-105.1406, 40.0002], [-105.1397, 40.0002]]]}}, {"type": "Feature", "properties": {"SchName": "Nederland", "SchCode": 503, "SchType": "High", "StdtPop": 0, "layer": "High School", "Forecast_Capacity": 467, "Forecast_CapRounds": 3.0, "Forecast_Enroll_2025": 166, "Forecast_CapPct_2025": 36, "Forecast_Proj_2026-27": 171, "Forecast_CapPct_2026-27": 37, "Forecast_Proj_2027-28": 166, "Forecast_CapPct_2027-28": 36, "Forecast_Proj_2028-29": 167, "Forecast_CapPct_2028-29": 36, "Forecast_Proj_2029-30": 169, "Forecast_CapPct_2029-30": 36, "Forecast_Proj_2030-31": 160, "Forecast_CapPct_2030-31": 34}, "geometry": {"type": "Polygon", "coordinates": [[[-105.4205, 40.1437], [-105.4107, 40.143], [-105.4062, 40.1431], [-105.4061, 40.1431], [-105.4062, 40.143], [-105.4063, 40.1428], [-105.4067, 40.1417], [-105.4068, 40.1416], [-105.4075, 40.1398], [-105.4083, 40.1379], [-105.4108, 40.132], [-105.4133, 40.127], [-105.4145, 40.125], [-105.4146, 40.1249], [-105.4164, 40.1218], [-105.419, 40.1172], [-105.4194, 40.1166], [-105.4198, 40.1159], [-105.4205, 40.1146], [-105.4216, 40.1127], [-105.4226, 40.111], [-105.4254, 40.1063], [-105.4275, 40.103], [-105.4282, 40.1018], [-105.4283, 40.1016], [-105.4287, 40.101], [-105.4321, 40.0941], [-105.4333, 40.0917], [-105.4357, 40.0871], [-105.4392, 40.0859], [-105.4437, 40.0841], [-105.4443, 40.0838], [-105.4444, 40.0838], [-105.4459, 40.0831], [-105.4479, 40.0823], [-105.448, 40.0822], [-105.4481, 40.0822], [-105.4486, 40.082], [-105.4487, 40.0819], [-105.4489, 40.0818], [-105.4576, 40.0776], [-105.4669, 40.0731], [-105.4671, 40.073], [-105.4673, 40.073], [-105.4761, 40.0711], [-105.4856, 40.068], [-105.4892, 40.067], [-105.4893, 40.0669], [-105.4894, 40.0669], [-105.4921, 40.0661], [-105.4937, 40.0656], [-105.4938, 40.0656], [-105.4946, 40.0654], [-105.4947, 40.0654], [-105.5047, 40.0655], [-105.5123, 40.0657], [-105.513, 40.0658], [-105.5126, 40.0654], [-105.5067, 40.0597], [-105.5041, 40.0572], [-105.504, 40.0571], [-105.4992, 40.0514], [-105.4991, 40.0514], [-105.4992, 40.0513], [-105.4991, 40.0512], [-105.4951, 40.047], [-105.4938, 40.0456], [-105.4924, 40.0442], [-105.4894, 40.0413], [-105.4893, 40.0412], [-105.4892, 40.0411], [-105.4893, 40.0411], [-105.4869, 40.0386], [-105.4787, 40.0303], [-105.4775, 40.029], [-105.4753, 40.0268], [-105.4698, 40.0212], [-105.4668, 40.0212], [-105.4493, 40.0213], [-105.4477, 40.0203], [-105.4462, 40.0195], [-105.4447, 40.0186], [-105.4398, 40.016], [-105.4333, 40.0124], [-105.4324, 40.0119], [-105.4315, 40.0115], [-105.4258, 40.0089], [-105.4257, 40.0089], [-105.4253, 40.0089], [-105.4204, 40.0089], [-105.4069, 40.0089], [-105.4068, 40.0089], [-105.4067, 40.0088], [-105.4066, 40.0087], [-105.4065, 40.0087], [-105.4063, 40.0086], [-105.4004, 40.005], [-105.3979, 40.0034], [-105.3952, 40.0017], [-105.3706, 39.9857], [-105.3702, 39.9855], [-105.3702, 39.9783], [-105.3702, 39.9658], [-105.3702, 39.9566], [-105.3702, 39.9562], [-105.3676, 39.9541], [-105.3562, 39.9448], [-105.3516, 39.941], [-105.3444, 39.9373], [-105.3434, 39.9368], [-105.3401, 39.9351], [-105.3366, 39.9334], [-105.3359, 39.933], [-105.3352, 39.9338], [-105.3359, 39.933], [-105.3354, 39.9328], [-105.3327, 39.9318], [-105.3313, 39.9313], [-105.3242, 39.9285], [-105.3242, 39.9284], [-105.3242, 39.9283], [-105.3241, 39.9283], [-105.3239, 39.9245], [-105.324, 39.9226], [-105.3239, 39.9221], [-105.324, 39.9194], [-105.3239, 39.914], [-105.3279, 39.914], [-105.3325, 39.914], [-105.336, 39.914], [-105.3419, 39.9139], [-105.3465, 39.9139], [-105.3513, 39.9138], [-105.3609, 39.9137], [-105.3681, 39.9136], [-105.3701, 39.9135], [-105.3935, 39.9133], [-105.3965, 39.9132], [-105.3985, 39.9132], [-105.3981, 39.8546], [-105.5374, 39.8535], [-105.5378, 39.8824], [-105.7008, 39.879], [-105.6987, 39.8814], [-105.6984, 39.8836], [-105.698, 39.8844], [-105.6998, 39.8855], [-105.6998, 39.8877], [-105.7002, 39.8912], [-105.6977, 39.8951], [-105.6952, 39.8961], [-105.6924, 39.8975], [-105.6913, 39.8994], [-105.6906, 39.9024], [-105.6882, 39.9043], [-105.6885, 39.9071], [-105.6889, 39.9092], [-105.6889, 39.9122], [-105.6864, 39.9136], [-105.6861, 39.9163], [-105.6833, 39.918], [-105.6826, 39.9221], [-105.6811, 39.9237], [-105.6801, 39.9272], [-105.6769, 39.9289], [-105.6783, 39.93], [-105.6758, 39.9327], [-105.6754, 39.933], [-105.6752, 39.9334], [-105.6753, 39.9335], [-105.6757, 39.9335], [-105.6763, 39.9335], [-105.6771, 39.9333], [-105.6784, 39.9332], [-105.6795, 39.9332], [-105.6801, 39.9334], [-105.6807, 39.9336], [-105.6814, 39.9337], [-105.6817, 39.9337], [-105.6822, 39.9338], [-105.6831, 39.9341], [-105.6835, 39.9344], [-105.6837, 39.9346], [-105.6843, 39.9354], [-105.6852, 39.9363], [-105.6865, 39.9376], [-105.6868, 39.9378], [-105.6871, 39.938], [-105.6874, 39.9382], [-105.6879, 39.9383], [-105.6894, 39.9388], [-105.6901, 39.9391], [-105.6903, 39.9395], [-105.6905, 39.94], [-105.6907, 39.9402], [-105.691, 39.9404], [-105.6917, 39.9408], [-105.6922, 39.9411], [-105.6933, 39.9416], [-105.6937, 39.942], [-105.6939, 39.9426], [-105.6937, 39.9437], [-105.6935, 39.9444], [-105.6932, 39.9449], [-105.6929, 39.9453], [-105.6926, 39.9458], [-105.6921, 39.9463], [-105.6919, 39.9465], [-105.6919, 39.9467], [-105.692, 39.9468], [-105.6921, 39.9469], [-105.6926, 39.9475], [-105.6929, 39.9481], [-105.693, 39.9485], [-105.6936, 39.9486], [-105.6939, 39.9488], [-105.6941, 39.9491], [-105.6944, 39.9496], [-105.6945, 39.9499], [-105.6943, 39.9506], [-105.6941, 39.9511], [-105.6936, 39.9516], [-105.6932, 39.952], [-105.6923, 39.9526], [-105.6917, 39.953], [-105.691, 39.9534], [-105.6903, 39.9536], [-105.6895, 39.9538], [-105.689, 39.9541], [-105.6888, 39.9548], [-105.6887, 39.9551], [-105.6886, 39.9553], [-105.6887, 39.9562], [-105.6886, 39.9567], [-105.6881, 39.9572], [-105.6876, 39.9575], [-105.6865, 39.9581], [-105.6858, 39.9586], [-105.6855, 39.9588], [-105.6852, 39.959], [-105.6855, 39.9591], [-105.6866, 39.9595], [-105.6875, 39.9598], [-105.6881, 39.9599], [-105.6884, 39.96], [-105.6885, 39.9604], [-105.6885, 39.9608], [-105.6884, 39.9615], [-105.6884, 39.9621], [-105.6886, 39.9626], [-105.6885, 39.9631], [-105.6887, 39.9633], [-105.689, 39.9636], [-105.6893, 39.964], [-105.6894, 39.9648], [-105.6887, 39.967], [-105.6888, 39.9676], [-105.689, 39.968], [-105.6895, 39.9688], [-105.69, 39.9695], [-105.6902, 39.9698], [-105.6904, 39.97], [-105.69, 39.971], [-105.6897, 39.9716], [-105.6895, 39.9723], [-105.689, 39.9743], [-105.6887, 39.9749], [-105.6885, 39.9756], [-105.6882, 39.976], [-105.6879, 39.9763], [-105.6873, 39.9772], [-105.6866, 39.9778], [-105.6862, 39.9787], [-105.6855, 39.9791], [-105.685, 39.9797], [-105.685, 39.9799], [-105.6851, 39.9801], [-105.6854, 39.9805], [-105.6855, 39.9808], [-105.6854, 39.9815], [-105.6853, 39.982], [-105.6851, 39.983], [-105.6852, 39.9833], [-105.6855, 39.9837], [-105.6862, 39.9844], [-105.6866, 39.9848], [-105.6872, 39.9853], [-105.6874, 39.9855], [-105.6874, 39.9857], [-105.6874, 39.9859], [-105.6872, 39.9861], [-105.6869, 39.9864], [-105.6864, 39.9869], [-105.6862, 39.9872], [-105.6862, 39.9875], [-105.6861, 39.9879], [-105.6862, 39.9893], [-105.6861, 39.9898], [-105.6857, 39.9902], [-105.6849, 39.991], [-105.684, 39.9917], [-105.6832, 39.9927], [-105.6829, 39.993], [-105.6828, 39.9934], [-105.6828, 39.9938], [-105.6829, 39.9944], [-105.6829, 39.9948], [-105.6833, 39.9949], [-105.6843, 39.9949], [-105.6853, 39.9951], [-105.6863, 39.995], [-105.6874, 39.9952], [-105.6891, 39.9957], [-105.6901, 39.9961], [-105.6906, 39.9965], [-105.6912, 39.9975], [-105.6914, 39.9982], [-105.6912, 39.9992], [-105.6911, 39.9998], [-105.6905, 40.0005], [-105.6903, 40.0009], [-105.6902, 40.0012], [-105.6902, 40.0016], [-105.6902, 40.0018], [-105.6903, 40.0023], [-105.6903, 40.0026], [-105.6903, 40.0029], [-105.6908, 40.0033], [-105.6909, 40.0036], [-105.6907, 40.0041], [-105.6902, 40.0047], [-105.6899, 40.0051], [-105.6896, 40.0058], [-105.6893, 40.0062], [-105.689, 40.0064], [-105.6882, 40.0071], [-105.6893, 40.0081], [-105.6895, 40.0084], [-105.6897, 40.0088], [-105.6898, 40.0093], [-105.6897, 40.0097], [-105.6895, 40.0104], [-105.6893, 40.0109], [-105.6893, 40.0112], [-105.6894, 40.0115], [-105.6896, 40.012], [-105.6895, 40.0124], [-105.6895, 40.0129], [-105.6896, 40.0135], [-105.6895, 40.014], [-105.6892, 40.0145], [-105.6887, 40.0151], [-105.6882, 40.0154], [-105.6879, 40.0156], [-105.6874, 40.0156], [-105.6871, 40.0156], [-105.6869, 40.0155], [-105.6866, 40.0154], [-105.6864, 40.0152], [-105.686, 40.015], [-105.6856, 40.0147], [-105.6847, 40.0147], [-105.684, 40.0145], [-105.6832, 40.0143], [-105.6826, 40.0142], [-105.6817, 40.0142], [-105.6808, 40.0142], [-105.6804, 40.0141], [-105.6797, 40.0142], [-105.6788, 40.0145], [-105.6778, 40.0146], [-105.6769, 40.0152], [-105.6756, 40.0159], [-105.6752, 40.0161], [-105.6746, 40.0163], [-105.6735, 40.0164], [-105.6722, 40.0166], [-105.6711, 40.0167], [-105.6699, 40.0169], [-105.6695, 40.0169], [-105.6688, 40.0167], [-105.6681, 40.0165], [-105.6672, 40.0164], [-105.6662, 40.0165], [-105.6633, 40.0166], [-105.6623, 40.0165], [-105.6615, 40.0167], [-105.661, 40.017], [-105.6605, 40.0176], [-105.6602, 40.0183], [-105.6601, 40.0185], [-105.6597, 40.0186], [-105.6591, 40.0191], [-105.6583, 40.0194], [-105.6576, 40.0197], [-105.6563, 40.0198], [-105.6553, 40.02], [-105.6541, 40.0204], [-105.6528, 40.0207], [-105.6523, 40.0209], [-105.6519, 40.0211], [-105.652, 40.0213], [-105.6521, 40.0214], [-105.6525, 40.0217], [-105.6528, 40.0219], [-105.6528, 40.0222], [-105.6528, 40.0225], [-105.6527, 40.023], [-105.6525, 40.0236], [-105.6525, 40.0243], [-105.6521, 40.025], [-105.6517, 40.0256], [-105.6513, 40.0262], [-105.6506, 40.0266], [-105.6502, 40.0268], [-105.6497, 40.0275], [-105.6498, 40.028], [-105.6495, 40.028], [-105.6492, 40.0286], [-105.6488, 40.029], [-105.6482, 40.0295], [-105.6472, 40.0306], [-105.6461, 40.0315], [-105.6452, 40.0326], [-105.6426, 40.0335], [-105.6408, 40.0343], [-105.6407, 40.0353], [-105.6408, 40.036], [-105.6406, 40.0363], [-105.6406, 40.0366], [-105.6394, 40.0385], [-105.6389, 40.0399], [-105.639, 40.0412], [-105.639, 40.0421], [-105.6386, 40.0424], [-105.6384, 40.0427], [-105.6383, 40.0431], [-105.6386, 40.0437], [-105.6385, 40.0441], [-105.6381, 40.0446], [-105.6375, 40.0451], [-105.6374, 40.0453], [-105.6374, 40.0455], [-105.6374, 40.0458], [-105.6375, 40.046], [-105.6391, 40.0471], [-105.6408, 40.0476], [-105.6414, 40.048], [-105.6421, 40.0482], [-105.6425, 40.0484], [-105.643, 40.049], [-105.6432, 40.0495], [-105.6452, 40.0509], [-105.6457, 40.0531], [-105.6459, 40.0534], [-105.6462, 40.0535], [-105.6471, 40.0539], [-105.6482, 40.0541], [-105.6485, 40.0543], [-105.6487, 40.0544], [-105.6489, 40.0552], [-105.6493, 40.0559], [-105.6503, 40.0571], [-105.6507, 40.0576], [-105.6509, 40.0582], [-105.651, 40.0585], [-105.6508, 40.0588], [-105.6503, 40.0594], [-105.6498, 40.0598], [-105.6495, 40.0602], [-105.6492, 40.0606], [-105.6492, 40.0609], [-105.6489, 40.0614], [-105.6485, 40.0623], [-105.6483, 40.0627], [-105.6483, 40.063], [-105.6479, 40.0636], [-105.6476, 40.0638], [-105.6475, 40.0643], [-105.6475, 40.0645], [-105.6472, 40.0647], [-105.6469, 40.0648], [-105.6467, 40.0654], [-105.6465, 40.0656], [-105.6459, 40.0658], [-105.645, 40.0663], [-105.6443, 40.0666], [-105.6437, 40.0669], [-105.6429, 40.0671], [-105.6421, 40.0678], [-105.6416, 40.0679], [-105.6412, 40.0679], [-105.639, 40.0672], [-105.6396, 40.068], [-105.6402, 40.0693], [-105.6408, 40.0702], [-105.641, 40.0713], [-105.641, 40.0723], [-105.6409, 40.0727], [-105.6411, 40.0731], [-105.641, 40.0733], [-105.6402, 40.0732], [-105.6391, 40.0735], [-105.6387, 40.0744], [-105.6373, 40.0746], [-105.6369, 40.0748], [-105.6365, 40.0748], [-105.6358, 40.075], [-105.6353, 40.0752], [-105.6351, 40.0756], [-105.6349, 40.0761], [-105.6347, 40.0772], [-105.6347, 40.0777], [-105.6347, 40.0781], [-105.6348, 40.0793], [-105.6347, 40.0797], [-105.6346, 40.08], [-105.6342, 40.0806], [-105.6338, 40.081], [-105.6331, 40.0814], [-105.6325, 40.0816], [-105.6334, 40.0816], [-105.6339, 40.0816], [-105.6342, 40.0817], [-105.6346, 40.0822], [-105.6352, 40.0826], [-105.6356, 40.083], [-105.636, 40.0844], [-105.636, 40.0848], [-105.6358, 40.085], [-105.6354, 40.085], [-105.6351, 40.0851], [-105.6348, 40.0853], [-105.6349, 40.0855], [-105.6353, 40.0862], [-105.6354, 40.0867], [-105.6353, 40.087], [-105.6353, 40.0873], [-105.6352, 40.0875], [-105.6349, 40.0875], [-105.6343, 40.0879], [-105.634, 40.0881], [-105.6337, 40.0884], [-105.6336, 40.0887], [-105.6336, 40.0893], [-105.6338, 40.0896], [-105.6339, 40.0898], [-105.6342, 40.0902], [-105.6343, 40.0907], [-105.6345, 40.0911], [-105.6345, 40.0916], [-105.6345, 40.0922], [-105.6345, 40.0925], [-105.6344, 40.0929], [-105.6346, 40.0934], [-105.6348, 40.0942], [-105.6347, 40.0949], [-105.6347, 40.0955], [-105.6344, 40.0957], [-105.6339, 40.0956], [-105.6334, 40.0956], [-105.6329, 40.0958], [-105.6324, 40.0961], [-105.6321, 40.0964], [-105.6319, 40.0968], [-105.6319, 40.0973], [-105.632, 40.0975], [-105.6322, 40.0977], [-105.6331, 40.0983], [-105.6336, 40.0987], [-105.6338, 40.0991], [-105.6339, 40.0994], [-105.6341, 40.0996], [-105.6347, 40.1], [-105.6351, 40.1004], [-105.6355, 40.1006], [-105.6358, 40.1009], [-105.6359, 40.1012], [-105.636, 40.1015], [-105.6361, 40.1017], [-105.6365, 40.1025], [-105.6364, 40.103], [-105.6362, 40.1035], [-105.6361, 40.1043], [-105.6361, 40.1048], [-105.6364, 40.1061], [-105.6366, 40.1067], [-105.6366, 40.1073], [-105.6364, 40.1078], [-105.6362, 40.1081], [-105.6357, 40.1083], [-105.6356, 40.1086], [-105.636, 40.109], [-105.636, 40.1094], [-105.6357, 40.1098], [-105.6356, 40.1102], [-105.6355, 40.1113], [-105.6352, 40.1121], [-105.6349, 40.113], [-105.6345, 40.1135], [-105.6341, 40.1137], [-105.6334, 40.1137], [-105.6329, 40.1136], [-105.6322, 40.1136], [-105.6317, 40.1136], [-105.631, 40.1138], [-105.6303, 40.1141], [-105.6299, 40.1143], [-105.6298, 40.1146], [-105.6299, 40.1152], [-105.6299, 40.1155], [-105.6297, 40.1157], [-105.6294, 40.1163], [-105.6291, 40.117], [-105.6287, 40.1174], [-105.6282, 40.1178], [-105.6278, 40.1183], [-105.6276, 40.1186], [-105.627, 40.1187], [-105.6265, 40.1188], [-105.6268, 40.1191], [-105.6275, 40.1197], [-105.628, 40.1201], [-105.6281, 40.1206], [-105.6282, 40.121], [-105.628, 40.1214], [-105.6277, 40.1217], [-105.6275, 40.1219], [-105.6275, 40.1222], [-105.6279, 40.1226], [-105.6283, 40.1228], [-105.6286, 40.1233], [-105.6287, 40.1237], [-105.6286, 40.124], [-105.6284, 40.1246], [-105.6282, 40.1252], [-105.6269, 40.1252], [-105.6234, 40.1252], [-105.6181, 40.1252], [-105.6062, 40.1254], [-105.5924, 40.1256], [-105.5803, 40.1259], [-105.5698, 40.1261], [-105.5573, 40.1263], [-105.5525, 40.1264], [-105.5432, 40.1265], [-105.5317, 40.1267], [-105.5231, 40.1268], [-105.5117, 40.1268], [-105.5042, 40.1268], [-105.4997, 40.1265], [-105.4953, 40.1262], [-105.4906, 40.126], [-105.486, 40.126], [-105.4795, 40.126], [-105.4773, 40.1259], [-105.4768, 40.1259], [-105.4762, 40.126], [-105.4717, 40.1262], [-105.447, 40.1271], [-105.4463, 40.1299], [-105.4461, 40.1335], [-105.4459, 40.1364], [-105.4459, 40.1383], [-105.4458, 40.1406], [-105.4457, 40.1431], [-105.4457, 40.1442], [-105.43, 40.1437], [-105.4205, 40.1437]]]}}, {"type": "Feature", "properties": {"layer": "District"}, "geometry": {"type": "Polygon", "coordinates": [[[-105.3567, 40.1451], [-105.3566, 40.1355], [-105.3566, 40.1335], [-105.3566, 40.1307], [-105.3567, 40.1236], [-105.3476, 40.1236], [-105.3383, 40.1239], [-105.3286, 40.1238], [-105.3287, 40.1163], [-105.3286, 40.1066], [-105.3286, 40.1054], [-105.3286, 40.102], [-105.3289, 40.102], [-105.3286, 40.1018], [-105.3196, 40.1019], [-105.3138, 40.102], [-105.3119, 40.102], [-105.3095, 40.102], [-105.3065, 40.1021], [-105.3057, 40.1021], [-105.3061, 40.1093], [-105.3012, 40.1142], [-105.3014, 40.1093], [-105.3012, 40.1019], [-105.2822, 40.1018], [-105.2821, 40.0874], [-105.2821, 40.0873], [-105.2819, 40.0873], [-105.2819, 40.0874], [-105.2795, 40.0874], [-105.2635, 40.0874], [-105.2068, 40.0872], [-105.2068, 40.0945], [-105.1973, 40.0946], [-105.1974, 40.0873], [-105.1974, 40.0826], [-105.1974, 40.0772], [-105.1974, 40.077], [-105.1975, 40.0762], [-105.1972, 40.0761], [-105.1973, 40.0757], [-105.1974, 40.0756], [-105.1975, 40.0755], [-105.1977, 40.075], [-105.1978, 40.075], [-105.198, 40.0748], [-105.1976, 40.0746], [-105.1974, 40.0745], [-105.1978, 40.074], [-105.1979, 40.0737], [-105.1979, 40.0728], [-105.1939, 40.0728], [-105.1885, 40.0728], [-105.1881, 40.0728], [-105.183, 40.0728], [-105.1808, 40.0728], [-105.1785, 40.0728], [-105.176, 40.0728], [-105.1596, 40.0727], [-105.1502, 40.0727], [-105.1501, 40.0727], [-105.1502, 40.0727], [-105.1502, 40.0786], [-105.1501, 40.083], [-105.1501, 40.0854], [-105.15, 40.0866], [-105.15, 40.0871], [-105.1315, 40.0872], [-105.1314, 40.0836], [-105.1218, 40.0837], [-105.1218, 40.0801], [-105.113, 40.0802], [-105.1131, 40.0799], [-105.1122, 40.0799], [-105.1119, 40.0795], [-105.1119, 40.0799], [-105.1029, 40.08], [-105.1023, 40.0801], [-105.0933, 40.0801], [-105.0839, 40.0803], [-105.0821, 40.0804], [-105.0798, 40.0804], [-105.0798, 40.0792], [-105.0744, 40.0792], [-105.0744, 40.0771], [-105.0745, 40.0733], [-105.0745, 40.0698], [-105.0745, 40.0661], [-105.084, 40.066], [-105.0908, 40.0658], [-105.0908, 40.0635], [-105.091, 40.0586], [-105.091, 40.055], [-105.0911, 40.0516], [-105.0934, 40.0514], [-105.0932, 40.0503], [-105.0939, 40.0502], [-105.0933, 40.0496], [-105.0937, 40.0494], [-105.0934, 40.0491], [-105.0934, 40.049], [-105.0932, 40.0489], [-105.0932, 40.0487], [-105.0932, 40.0457], [-105.0932, 40.0439], [-105.0745, 40.0443], [-105.0745, 40.0399], [-105.0745, 40.037], [-105.0745, 40.0336], [-105.0745, 40.0297], [-105.0555, 40.0295], [-105.0553, 40.0149], [-105.0553, 40.0148], [-105.0552, 40.0005], [-105.053, 40.0005], [-105.053, 39.9871], [-105.053, 39.9867], [-105.053, 39.9772], [-105.053, 39.9767], [-105.053, 39.944], [-105.053, 39.9435], [-105.053, 39.9251], [-105.0536, 39.9251], [-105.053, 39.9251], [-105.053, 39.9145], [-105.0902, 39.9143], [-105.1117, 39.9144], [-105.1322, 39.9142], [-105.1469, 39.9142], [-105.1469, 39.9143], [-105.1469, 39.9142], [-105.1471, 39.9142], [-105.2168, 39.9142], [-105.2174, 39.9142], [-105.2602, 39.9142], [-105.2765, 39.9139], [-105.2956, 39.9139], [-105.3048, 39.9141], [-105.3141, 39.9141], [-105.3227, 39.914], [-105.3233, 39.914], [-105.3239, 39.914], [-105.3279, 39.914], [-105.3325, 39.914], [-105.336, 39.914], [-105.3419, 39.9139], [-105.3465, 39.9139], [-105.3513, 39.9138], [-105.3609, 39.9137], [-105.3681, 39.9136], [-105.3701, 39.9135], [-105.3935, 39.9133], [-105.3965, 39.9132], [-105.3985, 39.9132], [-105.3981, 39.8546], [-105.5374, 39.8535], [-105.5378, 39.8824], [-105.7008, 39.879], [-105.6987, 39.8814], [-105.6984, 39.8836], [-105.698, 39.8844], [-105.6998, 39.8855], [-105.6998, 39.8877], [-105.7002, 39.8912], [-105.6977, 39.8951], [-105.6952, 39.8961], [-105.6924, 39.8975], [-105.6913, 39.8994], [-105.6906, 39.9024], [-105.6882, 39.9043], [-105.6885, 39.9071], [-105.6889, 39.9092], [-105.6889, 39.9122], [-105.6864, 39.9136], [-105.6861, 39.9163], [-105.6833, 39.918], [-105.6826, 39.9221], [-105.6811, 39.9237], [-105.6801, 39.9272], [-105.6769, 39.9289], [-105.6783, 39.93], [-105.6758, 39.9327], [-105.6754, 39.933], [-105.6752, 39.9334], [-105.6753, 39.9335], [-105.6757, 39.9335], [-105.6763, 39.9335], [-105.6771, 39.9333], [-105.6784, 39.9332], [-105.6795, 39.9332], [-105.6801, 39.9334], [-105.6807, 39.9336], [-105.6814, 39.9337], [-105.6817, 39.9337], [-105.6822, 39.9338], [-105.6831, 39.9341], [-105.6835, 39.9344], [-105.6837, 39.9346], [-105.6843, 39.9354], [-105.6852, 39.9363], [-105.6865, 39.9376], [-105.6868, 39.9378], [-105.6871, 39.938], [-105.6874, 39.9382], [-105.6879, 39.9383], [-105.6894, 39.9388], [-105.6901, 39.9391], [-105.6903, 39.9395], [-105.6905, 39.94], [-105.6907, 39.9402], [-105.691, 39.9404], [-105.6917, 39.9408], [-105.6922, 39.9411], [-105.6933, 39.9416], [-105.6937, 39.942], [-105.6939, 39.9426], [-105.6937, 39.9437], [-105.6935, 39.9444], [-105.6932, 39.9449], [-105.6929, 39.9453], [-105.6926, 39.9458], [-105.6921, 39.9463], [-105.6919, 39.9465], [-105.6919, 39.9467], [-105.692, 39.9468], [-105.6921, 39.9469], [-105.6926, 39.9475], [-105.6929, 39.9481], [-105.693, 39.9485], [-105.6936, 39.9486], [-105.6939, 39.9488], [-105.6941, 39.9491], [-105.6944, 39.9496], [-105.6945, 39.9499], [-105.6943, 39.9506], [-105.6941, 39.9511], [-105.6936, 39.9516], [-105.6932, 39.952], [-105.6923, 39.9526], [-105.6917, 39.953], [-105.691, 39.9534], [-105.6903, 39.9536], [-105.6895, 39.9538], [-105.689, 39.9541], [-105.6888, 39.9548], [-105.6887, 39.9551], [-105.6886, 39.9553], [-105.6887, 39.9562], [-105.6886, 39.9567], [-105.6881, 39.9572], [-105.6876, 39.9575], [-105.6865, 39.9581], [-105.6858, 39.9586], [-105.6855, 39.9588], [-105.6852, 39.959], [-105.6855, 39.9591], [-105.6866, 39.9595], [-105.6875, 39.9598], [-105.6881, 39.9599], [-105.6884, 39.96], [-105.6885, 39.9604], [-105.6885, 39.9608], [-105.6884, 39.9615], [-105.6884, 39.9621], [-105.6886, 39.9626], [-105.6885, 39.9631], [-105.6887, 39.9633], [-105.689, 39.9636], [-105.6893, 39.964], [-105.6894, 39.9648], [-105.6887, 39.967], [-105.6888, 39.9676], [-105.689, 39.968], [-105.6895, 39.9688], [-105.69, 39.9695], [-105.6902, 39.9698], [-105.6904, 39.97], [-105.69, 39.971], [-105.6897, 39.9716], [-105.6895, 39.9723], [-105.689, 39.9743], [-105.6887, 39.9749], [-105.6885, 39.9756], [-105.6882, 39.976], [-105.6879, 39.9763], [-105.6873, 39.9772], [-105.6866, 39.9778], [-105.6862, 39.9787], [-105.6855, 39.9791], [-105.685, 39.9797], [-105.685, 39.9799], [-105.6851, 39.9801], [-105.6854, 39.9805], [-105.6855, 39.9808], [-105.6854, 39.9815], [-105.6853, 39.982], [-105.6851, 39.983], [-105.6852, 39.9833], [-105.6855, 39.9837], [-105.6862, 39.9844], [-105.6866, 39.9848], [-105.6872, 39.9853], [-105.6874, 39.9855], [-105.6874, 39.9857], [-105.6874, 39.9859], [-105.6872, 39.9861], [-105.6869, 39.9864], [-105.6864, 39.9869], [-105.6862, 39.9872], [-105.6862, 39.9875], [-105.6861, 39.9879], [-105.6862, 39.9893], [-105.6861, 39.9898], [-105.6857, 39.9902], [-105.6849, 39.991], [-105.684, 39.9917], [-105.6832, 39.9927], [-105.6829, 39.993], [-105.6828, 39.9934], [-105.6828, 39.9938], [-105.6829, 39.9944], [-105.6829, 39.9948], [-105.6833, 39.9949], [-105.6843, 39.9949], [-105.6853, 39.9951], [-105.6863, 39.995], [-105.6874, 39.9952], [-105.6891, 39.9957], [-105.6901, 39.9961], [-105.6906, 39.9965], [-105.6912, 39.9975], [-105.6914, 39.9982], [-105.6912, 39.9992], [-105.6911, 39.9998], [-105.6905, 40.0005], [-105.6903, 40.0009], [-105.6902, 40.0012], [-105.6902, 40.0016], [-105.6902, 40.0018], [-105.6903, 40.0023], [-105.6903, 40.0026], [-105.6903, 40.0029], [-105.6908, 40.0033], [-105.6909, 40.0036], [-105.6907, 40.0041], [-105.6902, 40.0047], [-105.6899, 40.0051], [-105.6896, 40.0058], [-105.6893, 40.0062], [-105.689, 40.0064], [-105.6882, 40.0071], [-105.6893, 40.0081], [-105.6895, 40.0084], [-105.6897, 40.0088], [-105.6898, 40.0093], [-105.6897, 40.0097], [-105.6895, 40.0104], [-105.6893, 40.0109], [-105.6893, 40.0112], [-105.6894, 40.0115], [-105.6896, 40.012], [-105.6895, 40.0124], [-105.6895, 40.0129], [-105.6896, 40.0135], [-105.6895, 40.014], [-105.6892, 40.0145], [-105.6887, 40.0151], [-105.6882, 40.0154], [-105.6879, 40.0156], [-105.6874, 40.0156], [-105.6871, 40.0156], [-105.6869, 40.0155], [-105.6866, 40.0154], [-105.6864, 40.0152], [-105.686, 40.015], [-105.6856, 40.0147], [-105.6847, 40.0147], [-105.684, 40.0145], [-105.6832, 40.0143], [-105.6826, 40.0142], [-105.6817, 40.0142], [-105.6808, 40.0142], [-105.6804, 40.0141], [-105.6797, 40.0142], [-105.6788, 40.0145], [-105.6778, 40.0146], [-105.6769, 40.0152], [-105.6756, 40.0159], [-105.6752, 40.0161], [-105.6746, 40.0163], [-105.6735, 40.0164], [-105.6722, 40.0166], [-105.6711, 40.0167], [-105.6699, 40.0169], [-105.6695, 40.0169], [-105.6688, 40.0167], [-105.6681, 40.0165], [-105.6672, 40.0164], [-105.6662, 40.0165], [-105.6633, 40.0166], [-105.6623, 40.0165], [-105.6615, 40.0167], [-105.661, 40.017], [-105.6605, 40.0176], [-105.6602, 40.0183], [-105.6601, 40.0185], [-105.6597, 40.0186], [-105.6591, 40.0191], [-105.6583, 40.0194], [-105.6576, 40.0197], [-105.6563, 40.0198], [-105.6553, 40.02], [-105.6541, 40.0204], [-105.6528, 40.0207], [-105.6523, 40.0209], [-105.6519, 40.0211], [-105.652, 40.0213], [-105.6521, 40.0214], [-105.6525, 40.0217], [-105.6528, 40.0219], [-105.6528, 40.0222], [-105.6528, 40.0225], [-105.6527, 40.023], [-105.6525, 40.0236], [-105.6525, 40.0243], [-105.6521, 40.025], [-105.6517, 40.0256], [-105.6513, 40.0262], [-105.6506, 40.0266], [-105.6502, 40.0268], [-105.6497, 40.0275], [-105.6498, 40.028], [-105.6495, 40.028], [-105.6492, 40.0286], [-105.6488, 40.029], [-105.6482, 40.0295], [-105.6472, 40.0306], [-105.6461, 40.0315], [-105.6452, 40.0326], [-105.6426, 40.0335], [-105.6408, 40.0343], [-105.6407, 40.0353], [-105.6408, 40.036], [-105.6406, 40.0363], [-105.6406, 40.0366], [-105.6394, 40.0385], [-105.6389, 40.0399], [-105.639, 40.0412], [-105.639, 40.0421], [-105.6386, 40.0424], [-105.6384, 40.0427], [-105.6383, 40.0431], [-105.6386, 40.0437], [-105.6385, 40.0441], [-105.6381, 40.0446], [-105.6375, 40.0451], [-105.6374, 40.0453], [-105.6374, 40.0455], [-105.6374, 40.0458], [-105.6375, 40.046], [-105.6391, 40.0471], [-105.6408, 40.0476], [-105.6414, 40.048], [-105.6421, 40.0482], [-105.6425, 40.0484], [-105.643, 40.049], [-105.6432, 40.0495], [-105.6452, 40.0509], [-105.6457, 40.0531], [-105.6459, 40.0534], [-105.6462, 40.0535], [-105.6471, 40.0539], [-105.6482, 40.0541], [-105.6485, 40.0543], [-105.6487, 40.0544], [-105.6489, 40.0552], [-105.6493, 40.0559], [-105.6503, 40.0571], [-105.6507, 40.0576], [-105.6509, 40.0582], [-105.651, 40.0585], [-105.6508, 40.0588], [-105.6503, 40.0594], [-105.6498, 40.0598], [-105.6495, 40.0602], [-105.6492, 40.0606], [-105.6492, 40.0609], [-105.6489, 40.0614], [-105.6485, 40.0623], [-105.6483, 40.0627], [-105.6483, 40.063], [-105.6479, 40.0636], [-105.6476, 40.0638], [-105.6475, 40.0643], [-105.6475, 40.0645], [-105.6472, 40.0647], [-105.6469, 40.0648], [-105.6467, 40.0654], [-105.6465, 40.0656], [-105.6459, 40.0658], [-105.645, 40.0663], [-105.6443, 40.0666], [-105.6437, 40.0669], [-105.6429, 40.0671], [-105.6421, 40.0678], [-105.6416, 40.0679], [-105.6412, 40.0679], [-105.639, 40.0672], [-105.6396, 40.068], [-105.6402, 40.0693], [-105.6408, 40.0702], [-105.641, 40.0713], [-105.641, 40.0723], [-105.6409, 40.0727], [-105.6411, 40.0731], [-105.641, 40.0733], [-105.6402, 40.0732], [-105.6391, 40.0735], [-105.6387, 40.0744], [-105.6373, 40.0746], [-105.6369, 40.0748], [-105.6365, 40.0748], [-105.6358, 40.075], [-105.6353, 40.0752], [-105.6351, 40.0756], [-105.6349, 40.0761], [-105.6347, 40.0772], [-105.6347, 40.0777], [-105.6347, 40.0781], [-105.6348, 40.0793], [-105.6347, 40.0797], [-105.6346, 40.08], [-105.6342, 40.0806], [-105.6338, 40.081], [-105.6331, 40.0814], [-105.6325, 40.0816], [-105.6334, 40.0816], [-105.6339, 40.0816], [-105.6342, 40.0817], [-105.6346, 40.0822], [-105.6352, 40.0826], [-105.6356, 40.083], [-105.636, 40.0844], [-105.636, 40.0848], [-105.6358, 40.085], [-105.6354, 40.085], [-105.6351, 40.0851], [-105.6348, 40.0853], [-105.6349, 40.0855], [-105.6353, 40.0862], [-105.6354, 40.0867], [-105.6353, 40.087], [-105.6353, 40.0873], [-105.6352, 40.0875], [-105.6349, 40.0875], [-105.6343, 40.0879], [-105.634, 40.0881], [-105.6337, 40.0884], [-105.6336, 40.0887], [-105.6336, 40.0893], [-105.6338, 40.0896], [-105.6339, 40.0898], [-105.6342, 40.0902], [-105.6343, 40.0907], [-105.6345, 40.0911], [-105.6345, 40.0916], [-105.6345, 40.0922], [-105.6345, 40.0925], [-105.6344, 40.0929], [-105.6346, 40.0934], [-105.6348, 40.0942], [-105.6347, 40.0949], [-105.6347, 40.0955], [-105.6344, 40.0957], [-105.6339, 40.0956], [-105.6334, 40.0956], [-105.6329, 40.0958], [-105.6324, 40.0961], [-105.6321, 40.0964], [-105.6319, 40.0968], [-105.6319, 40.0973], [-105.632, 40.0975], [-105.6322, 40.0977], [-105.6331, 40.0983], [-105.6336, 40.0987], [-105.6338, 40.0991], [-105.6339, 40.0994], [-105.6341, 40.0996], [-105.6347, 40.1], [-105.6351, 40.1004], [-105.6355, 40.1006], [-105.6358, 40.1009], [-105.6359, 40.1012], [-105.636, 40.1015], [-105.6361, 40.1017], [-105.6365, 40.1025], [-105.6364, 40.103], [-105.6362, 40.1035], [-105.6361, 40.1043], [-105.6361, 40.1048], [-105.6364, 40.1061], [-105.6366, 40.1067], [-105.6366, 40.1073], [-105.6364, 40.1078], [-105.6362, 40.1081], [-105.6357, 40.1083], [-105.6356, 40.1086], [-105.636, 40.109], [-105.636, 40.1094], [-105.6357, 40.1098], [-105.6356, 40.1102], [-105.6355, 40.1113], [-105.6352, 40.1121], [-105.6349, 40.113], [-105.6345, 40.1135], [-105.6341, 40.1137], [-105.6334, 40.1137], [-105.6329, 40.1136], [-105.6322, 40.1136], [-105.6317, 40.1136], [-105.631, 40.1138], [-105.6303, 40.1141], [-105.6299, 40.1143], [-105.6298, 40.1146], [-105.6299, 40.1152], [-105.6299, 40.1155], [-105.6297, 40.1157], [-105.6294, 40.1163], [-105.6291, 40.117], [-105.6287, 40.1174], [-105.6282, 40.1178], [-105.6278, 40.1183], [-105.6276, 40.1186], [-105.627, 40.1187], [-105.6265, 40.1188], [-105.6268, 40.1191], [-105.6275, 40.1197], [-105.628, 40.1201], [-105.6281, 40.1206], [-105.6282, 40.121], [-105.628, 40.1214], [-105.6277, 40.1217], [-105.6275, 40.1219], [-105.6275, 40.1222], [-105.6279, 40.1226], [-105.6283, 40.1228], [-105.6286, 40.1233], [-105.6287, 40.1237], [-105.6286, 40.124], [-105.6284, 40.1246], [-105.6282, 40.1252], [-105.6269, 40.1252], [-105.6234, 40.1252], [-105.6181, 40.1252], [-105.6062, 40.1254], [-105.5924, 40.1256], [-105.5803, 40.1259], [-105.5698, 40.1261], [-105.5573, 40.1263], [-105.5525, 40.1264], [-105.5432, 40.1265], [-105.5317, 40.1267], [-105.5231, 40.1268], [-105.5117, 40.1268], [-105.5042, 40.1268], [-105.4997, 40.1265], [-105.4953, 40.1262], [-105.4906, 40.126], [-105.486, 40.126], [-105.4795, 40.126], [-105.4773, 40.1259], [-105.4768, 40.1259], [-105.4762, 40.126], [-105.4717, 40.1262], [-105.447, 40.1271], [-105.4463, 40.1299], [-105.4461, 40.1335], [-105.4459, 40.1364], [-105.4459, 40.1383], [-105.4458, 40.1406], [-105.4457, 40.1431], [-105.4457, 40.1442], [-105.43, 40.1437], [-105.4205, 40.1437], [-105.4107, 40.143], [-105.4062, 40.1431], [-105.4061, 40.1431], [-105.3923, 40.1434], [-105.3749, 40.1451], [-105.3567, 40.1451]]]}}]}