{"type": "FeatureCollection", "crs": {"type": "name", "properties": {"name": "EPSG:4326"}}, "features": [{"type": "Feature", "id": 1, "geometry": {"type": "Polygon", "coordinates": [[[-105.112259514639, 40.0401411619983], [-105.11187944912, 40.0401386104654], [-105.111729181634, 40.0401376015438], [-105.107512244451, 40.0401092100588], [-105.106333358354, 40.0400934806402], [-105.102764344543, 40.0400457882447], [-105.10280008761, 40.0395970361488], [-105.102840052759, 40.0391129194929], [-105.102888374935, 40.038439117686], [-105.102923151414, 40.0379542046284], [-105.102954190902, 40.0375213806166], [-105.102997098932, 40.0369230611138], [-105.103051288005, 40.0363403923687], [-105.103109155679, 40.0349139573487], [-105.103049413221, 40.033897791648], [-105.102967046692, 40.0329305813626], [-105.102879908313, 40.0319659167656], [-105.102790192667, 40.0307986736957], [-105.102691628616, 40.02935849364], [-105.102667589699, 40.0287346235132], [-105.10268371356, 40.0259931969114], [-105.102669060241, 40.0256199186068], [-105.102674384556, 40.0247949181767], [-105.102723042702, 40.0226679087574], [-105.102769654485, 40.0219656445006], [-105.102842692908, 40.0208284975886], [-105.102892966224, 40.0200391320046], [-105.102928904225, 40.0195088806996], [-105.102920377417, 40.0157851142767], [-105.10292146887, 40.0154619720247], [-105.102922742681, 40.0148590737066], [-105.102922495644, 40.0147376554188], [-105.102821569024, 40.0147418776801], [-105.099856309322, 40.0147319828513], [-105.097065908488, 40.0146470931145], [-105.093292418356, 40.0146718088866], [-105.091971236423, 40.0147243914485], [-105.089845303235, 40.0147509035625], [-105.088104483199, 40.0147725824627], [-105.086374954985, 40.0147259160588], [-105.083806826098, 40.0147595015074], [-105.081624322403, 40.0148530530213], [-105.076513393527, 40.0149162636543], [-105.074487893784, 40.0148668728703], [-105.06685590864, 40.0148886514935], [-105.066420129607, 40.0148222251229], [-105.055525855915, 40.0147689615158], [-105.0553255352, 40.0147877570007], [-105.055325425605, 40.0147782440188], [-105.055325422012, 40.0147778883226], [-105.055159764589, 40.0004507955486], [-105.053001098588, 40.0004770317556], [-105.053006558548, 39.987133029171], [-105.053006738211, 39.9866924967855], [-105.053010640493, 39.9771519016568], [-105.060073951638, 39.9741008881798], [-105.061083878105, 39.9736801793426], [-105.06181814395, 39.9733520822174], [-105.062184059206, 39.973194983692], [-105.065171547719, 39.9719106968296], [-105.066114350271, 39.9714322201572], [-105.067413946586, 39.9708514114063], [-105.067962778597, 39.9704250352335], [-105.068811384706, 39.9698647056014], [-105.070156930746, 39.9687402370535], [-105.071128950104, 39.9678098420452], [-105.07189531545, 39.9671324659049], [-105.072831055447, 39.9662744698545], [-105.072849345146, 39.9662587137774], [-105.074499236811, 39.9647698978547], [-105.074843030155, 39.9644665414767], [-105.076909583805, 39.9628040113501], [-105.078719007281, 39.9616174267683], [-105.079485917005, 39.9612336143265], [-105.08147722597, 39.9603439123161], [-105.083490590372, 39.9596708916819], [-105.084141671324, 39.9595168980925], [-105.085844569879, 39.9591637554478], [-105.087745386155, 39.9589380290069], [-105.09029391021, 39.9586813549328], [-105.092927760741, 39.9585910288297], [-105.09582120283, 39.9584018910367], [-105.099102749462, 39.958280473584], [-105.103377530065, 39.9580959442303], [-105.104285401627, 39.9578665221316], [-105.106791995917, 39.9573767970046], [-105.108222622296, 39.9569054948686], [-105.109295089472, 39.9566016759858], [-105.109385040477, 39.956573757925], [-105.109463254992, 39.9566443366668], [-105.109456258912, 39.9578668395642], [-105.109388158529, 39.9621130160408], [-105.109340673583, 39.9650735826789], [-105.109372190077, 39.9723200361512], [-105.109372765897, 39.9724524187217], [-105.110716963565, 39.9724721772615], [-105.114142163387, 39.9724836953289], [-105.114196290476, 39.9725439677449], [-105.114195278075, 39.9725439525995], [-105.114195225972, 39.9725443078274], [-105.114195162192, 39.9725447449779], [-105.114194636678, 39.9725483530187], [-105.114194113858, 39.9725519376529], [-105.114192607383, 39.9725622805639], [-105.114191402743, 39.972570549935], [-105.114187572326, 39.9725968457297], [-105.114185590643, 39.9726104476398], [-105.114179548574, 39.9726519245681], [-105.114173994291, 39.9726900571049], [-105.114164459572, 39.9727553913202], [-105.114161665812, 39.9727745563511], [-105.114155692015, 39.9728155423342], [-105.114149011244, 39.9728613830507], [-105.114139155827, 39.9729289992219], [-105.114126157205, 39.9730181794376], [-105.114117426479, 39.9730780817004], [-105.114111508378, 39.9731186812976], [-105.11408701671, 39.9732887566894], [-105.114086928675, 39.973289372824], [-105.114086086055, 39.9732952250698], [-105.114086073479, 39.9732953200715], [-105.114086063597, 39.9732956759839], [-105.114078541105, 39.9734515013951], [-105.114078523139, 39.9734518566182], [-105.113963813667, 39.9758277761361], [-105.113963801989, 39.9758281320352], [-105.113950042494, 39.9766982015211], [-105.113950037104, 39.9766985574157], [-105.113941599228, 39.9772321033448], [-105.113941600127, 39.9772324592366], [-105.113951045912, 39.9777455452887], [-105.1139510522, 39.9777459011778], [-105.113993610785, 39.9800574566134], [-105.113993617073, 39.9800578124906], [-105.114052705558, 39.9832668719737], [-105.114153554923, 39.983266647582], [-105.117303990642, 39.9832515651554], [-105.117304552089, 39.9832515624022], [-105.117402427132, 39.9832510915926], [-105.117402425336, 39.983251447453], [-105.117402405573, 39.9832544065329], [-105.117402402878, 39.9832547617051], [-105.117402304962, 39.9832695330112], [-105.117402303165, 39.9832698888716], [-105.117402303165, 39.9832699666515], [-105.11740230047, 39.983270322512], [-105.117402190875, 39.9832867444009], [-105.117402189079, 39.9832871002612], [-105.117396530591, 39.984139046583], [-105.117396534184, 39.9841394024388], [-105.117403566196, 39.9845112708227], [-105.1174035644, 39.9845116266767], [-105.117392719937, 39.9849039541776], [-105.117392710056, 39.9849043100295], [-105.117384959392, 39.9851846732563], [-105.117384156298, 39.9851846705031], [-105.117380748988, 39.9851846594904], [-105.117371886209, 39.9868990131922], [-105.118570189391, 39.9868923877946], [-105.118563014547, 39.9878595403632], [-105.118556816171, 39.9895407927805], [-105.118551995812, 39.9906532925897], [-105.118542794368, 39.9915566449069], [-105.118526144993, 39.9923862116019], [-105.118526148586, 39.9923865674148], [-105.118526275248, 39.9923993636025], [-105.118526278842, 39.9923997194153], [-105.118526404606, 39.9924125142241], [-105.121261673136, 39.9924215327355], [-105.122254953821, 39.9924295677713], [-105.122266251034, 39.9924296586171], [-105.12235825918, 39.9924304025891], [-105.122358256485, 39.9924307584018], [-105.122358307689, 39.9924356750861], [-105.122358312181, 39.9924360308987], [-105.122361615286, 39.9927502533633], [-105.122361619778, 39.9927506091743], [-105.122381311747, 39.9939042358135], [-105.122381318035, 39.9939045916185], [-105.12238141685, 39.9939103423082], [-105.122381423138, 39.9939106981132], [-105.122381864211, 39.993936574146], [-105.122381869601, 39.9939369299508], [-105.122383627604, 39.994039867587], [-105.122383633892, 39.9940402233914], [-105.122383665333, 39.9940420602225], [-105.122383671621, 39.9940424160268], [-105.12238414144, 39.9940699946393], [-105.122384147728, 39.9940703504434], [-105.12238538381, 39.9941427775398], [-105.122385390098, 39.9941431333436], [-105.122385430522, 39.9941455166094], [-105.122394596932, 39.9941456301638], [-105.122406107944, 39.9941457733112], [-105.122443080804, 39.9941462323462], [-105.122659206478, 39.994148916359], [-105.122740432146, 39.9941499252725], [-105.124769117315, 39.9941751006188], [-105.124769115519, 39.9941754564223], [-105.124767337753, 39.9975014323209], [-105.127898669001, 39.9975097378998], [-105.127924787517, 39.9975098067173], [-105.127924813569, 39.9974765575569], [-105.127924814467, 39.9974762017705], [-105.127926088278, 39.9958479461753], [-105.127926092769, 39.9958475903803], [-105.127944779524, 39.9941725941647], [-105.127944784016, 39.9941722383611], [-105.127944843304, 39.9941667120493], [-105.127944845999, 39.9941663562456], [-105.127950491911, 39.9941663583103], [-105.127951044375, 39.9941663583103], [-105.127954056426, 39.9941663589985], [-105.127958918108, 39.9941663610631], [-105.127964218168, 39.9941663631277], [-105.128017539469, 39.994166380333], [-105.128024820314, 39.9941663817094], [-105.128146417169, 39.9941664209372], [-105.12818539507, 39.994166433325], [-105.12826449173, 39.9941664587887], [-105.128269359701, 39.9941664601651], [-105.12828425826, 39.9941664649826], [-105.128287857809, 39.994166466359], [-105.128405190362, 39.9941665055868], [-105.128536061424, 39.9941665468794], [-105.128665938949, 39.9941665888601], [-105.128796810011, 39.9941666301525], [-105.12892371052, 39.9941666700686], [-105.129058058062, 39.9941667127375], [-105.129166878179, 39.9941667464597], [-105.129321779175, 39.9941667953225], [-105.129981820822, 39.9941669997204], [-105.130064863782, 39.9941670251841], [-105.130490739787, 39.9941671552554], [-105.130582670678, 39.9941671827838], [-105.130932291393, 39.9941672880796], [-105.130949000057, 39.994167292897], [-105.131189028105, 39.9941673644707], [-105.131195740316, 39.9941673672235], [-105.131264436283, 39.9941673913108], [-105.131402086032, 39.9941674270977], [-105.131494548726, 39.994167454626], [-105.131538710804, 39.994167467702], [-105.131618246741, 39.994167491101], [-105.131673006244, 39.994167507618], [-105.131744538192, 39.9941675289524], [-105.131813756977, 39.9941675489105], [-105.131879095041, 39.9941675674921], [-105.131949083683, 39.9941675874502], [-105.132017004404, 39.9941676074082], [-105.137116737577, 39.9941689700605], [-105.137133602548, 39.9941689845128], [-105.137150468417, 39.9941689989652], [-105.13719040482, 39.9942206730578], [-105.13733383972, 39.9944062583275], [-105.137333837923, 39.9944066141299], [-105.137333860381, 39.9944697734996], [-105.137333860381, 39.9944701293017], [-105.137334227792, 39.9954913623766], [-105.137334227792, 39.9954917181733], [-105.137334566457, 39.9964325298156], [-105.137334566457, 39.9964328856074], [-105.137317018766, 39.9973941588901], [-105.137317011579, 39.9973945146769], [-105.13729573588, 39.9985599364549], [-105.137295728694, 39.9985602922356], [-105.137294494409, 39.9986279304595], [-105.137225127401, 39.9986009840455], [-105.13626134739, 39.9982265628762], [-105.136204230708, 39.9982116096873], [-105.136187912811, 39.9982073375436], [-105.136171594913, 39.9982030647114], [-105.136138668963, 39.9981944440361], [-105.136081534315, 39.9982339393412], [-105.134815954505, 39.9991087704569], [-105.134751541706, 39.9991532949799], [-105.134665227082, 39.9992129582494], [-105.134578130025, 39.9992731623579], [-105.134492760428, 39.9993321731506], [-105.134460068939, 39.9993547694426], [-105.134424632197, 39.9993753308506], [-105.134411164655, 39.9993831448584], [-105.134371855276, 39.9994059523973], [-105.134370619194, 39.9994066694553], [-105.134370625482, 39.9994070211027], [-105.134370690161, 39.9994105857476], [-105.134370698246, 39.9994109415239], [-105.13437073328, 39.9994126343861], [-105.134370740467, 39.9994129901624], [-105.134370797061, 39.9994156409368], [-105.134370804247, 39.999415996713], [-105.13437081323, 39.9994164591534], [-105.134370821315, 39.9994168149297], [-105.134370859943, 39.9994187059805], [-105.134370868028, 39.9994190617568], [-105.134371031521, 39.9994269273712], [-105.134371038707, 39.9994272831475], [-105.134371060267, 39.9994283195092], [-105.134371067454, 39.9994286752854], [-105.134371113268, 39.9994308766938], [-105.134371120454, 39.9994312324701], [-105.134371219269, 39.9994359552788], [-105.134371227354, 39.999436311055], [-105.134371240828, 39.999437003339], [-105.134371248913, 39.9994373591152], [-105.134371293829, 39.9994395274919], [-105.134371301914, 39.9994398832681], [-105.13437132527, 39.9994409987675], [-105.134371332457, 39.9994413545436], [-105.134371384559, 39.9994438614925], [-105.134371391745, 39.9994442172686], [-105.134371589375, 39.9994536979799], [-105.134371596561, 39.9994540537559], [-105.134370832095, 39.9995966840393], [-105.134370830298, 39.9995970398146], [-105.134370757535, 39.9996106831444], [-105.134370718907, 39.9996110361671], [-105.134370709026, 39.9996111221863], [-105.134370532956, 39.999612736594], [-105.134370414378, 39.9996138245644], [-105.134370038883, 39.9996172625784], [-105.134369569064, 39.999621499538], [-105.134368417423, 39.9996320014439], [-105.13436732058, 39.9996419727821], [-105.13436494813, 39.9996634727442], [-105.134364674144, 39.9996659583521], [-105.134364611262, 39.9996665364005], [-105.134364232173, 39.9996699902393], [-105.134364167494, 39.9996705875559], [-105.134362800258, 39.999683045184], [-105.134361408768, 39.9996955950222], [-105.134360965898, 39.9996962061017], [-105.134354856456, 39.9997046407863], [-105.134351400637, 39.999709413123], [-105.134336286482, 39.9997302785876], [-105.134326388845, 39.9997439425353], [-105.134324918302, 39.99974597396], [-105.134308462065, 39.9997686926061], [-105.134301370764, 39.9997784808761], [-105.134292789158, 39.9997903287822], [-105.134275235179, 39.9998145627227], [-105.134258049509, 39.9998382894873], [-105.134255092255, 39.9998423715993], [-105.134014797408, 40.000025658313], [-105.133891246718, 40.0000388329277], [-105.133889244373, 40.0000390462539], [-105.133887242926, 40.0000392595801], [-105.13387569688, 40.000099629492], [-105.133869178704, 40.0001337162277], [-105.133867178156, 40.0001441795185], [-105.133866718219, 40.0001441788304], [-105.13386573636, 40.0001441781422], [-105.131083223632, 40.0001248363643], [-105.131026489632, 40.0001246546931], [-105.13102649053, 40.0001250104657], [-105.131027361896, 40.000211556742], [-105.13102736549, 40.0002119125142], [-105.131069405746, 40.0043871233902], [-105.131069407543, 40.0043874791406], [-105.131054517967, 40.007139480515], [-105.131054522459, 40.007139836251], [-105.13106830531, 40.00793202488], [-105.131068308005, 40.0079323806119], [-105.131042152657, 40.0127663771402], [-105.131042154454, 40.0127667328469], [-105.131050523159, 40.0136763404446], [-105.131050529447, 40.0136766961466], [-105.131079660015, 40.0146877835926], [-105.131079663609, 40.0146881392893], [-105.131031063854, 40.0236689550092], [-105.131031062057, 40.023669311347], [-105.131004690215, 40.0285415293123], [-105.131004691113, 40.0285418849368], [-105.131008028355, 40.0292627037868], [-105.13100803105, 40.0292630594075], [-105.131026619888, 40.0318528585196], [-105.131082302859, 40.0327109168787], [-105.131082301062, 40.0327112724814], [-105.131066658698, 40.03560135034], [-105.131066665885, 40.0356017059277], [-105.131226693566, 40.0400884181475], [-105.131226695363, 40.0400884772936], [-105.131226698058, 40.040088535752], [-105.131226701651, 40.0400886533564], [-105.131226706143, 40.0400887737118], [-105.131226707939, 40.0400888335457], [-105.131226709736, 40.0400888899408], [-105.131226714227, 40.0400890089207], [-105.131226722312, 40.0400892427541], [-105.131226725906, 40.040089356232], [-105.131226738482, 40.0400897124841], [-105.131226760042, 40.0400902950043], [-105.13122677172, 40.0400906512563], [-105.131226826517, 40.0400921725488], [-105.131226839093, 40.040092528113], [-105.131226961264, 40.0400959269498], [-105.131226973841, 40.040096282514], [-105.13122722986, 40.0401034350635], [-105.131162302327, 40.0401032713801], [-105.131162306818, 40.0401036269444], [-105.131165070036, 40.040198006139], [-105.131154621731, 40.040198003388], [-105.131149394434, 40.0401980020125], [-105.131146780337, 40.0401980020125], [-105.131145474186, 40.0401980013248], [-105.131144820213, 40.0401980006371], [-105.131144493226, 40.0401980006371], [-105.131144330631, 40.0401980013248], [-105.131144247986, 40.0401980006371], [-105.131144167138, 40.0401980006371], [-105.121624549392, 40.0401945777344], [-105.117522910975, 40.0401529038629], [-105.11688013944, 40.0401646863024], [-105.112429846895, 40.0401009516158], [-105.112355959564, 40.0401001964717], [-105.112259322399, 40.0400985066819], [-105.112259321501, 40.0400988622461], [-105.112259514639, 40.0401411619983]]]}, "properties": {"SchName": "Angevine", "SchCode": 252, "SchType": "Middle", "StdtPop": 0}}, {"type": "Feature", "id": 2, "geometry": {"type": "Polygon", "coordinates": [[[-105.05301083902, 39.9766652375469], [-105.053024204155, 39.9439688991706], [-105.053024204155, 39.943968842696], [-105.05302754499, 39.9434587972734], [-105.053024412564, 39.9434588799197], [-105.053031894632, 39.925139174351], [-105.053570430154, 39.9251299788693], [-105.055459746198, 39.9250976968491], [-105.057251501609, 39.925104598975], [-105.058139385656, 39.92511310969], [-105.061861476882, 39.9251574971093], [-105.063507119516, 39.9251637461491], [-105.064174176107, 39.9250154327413], [-105.065066835598, 39.9248076498624], [-105.065079664438, 39.9248053068909], [-105.066630762982, 39.9245643152093], [-105.066722605838, 39.9245440640352], [-105.06739091468, 39.9244242040495], [-105.06819121119, 39.9242933949796], [-105.068645871013, 39.924313528424], [-105.069017963086, 39.924352313447], [-105.070049889293, 39.9246594093963], [-105.070387957674, 39.9247911340129], [-105.070874471757, 39.925010425094], [-105.070977122245, 39.9250206932161], [-105.071115944296, 39.9250747818413], [-105.071381705483, 39.9250611601423], [-105.071814270343, 39.9251044260602], [-105.071863827702, 39.9251046099975], [-105.071863739667, 39.9251187035866], [-105.071848784515, 39.9275034124188], [-105.071840520014, 39.9288211993522], [-105.071840004381, 39.9289034774863], [-105.071816265501, 39.9326882494795], [-105.071833321814, 39.9384890201232], [-105.071835423871, 39.9389073109781], [-105.071835476872, 39.9389179930294], [-105.071856368092, 39.9430763836482], [-105.071909548357, 39.9432203754543], [-105.071910536504, 39.9432203788979], [-105.090577361919, 39.9432882309998], [-105.090663972089, 39.9432885388579], [-105.090664023293, 39.9432799711727], [-105.09067030611, 39.9422323135658], [-105.090670386959, 39.934361242503], [-105.090680747229, 39.9326334112255], [-105.090722156869, 39.9314022870233], [-105.090708854616, 39.9288920292311], [-105.090707600568, 39.9286553656261], [-105.090755386449, 39.9286555357765], [-105.091072034502, 39.9286566600089], [-105.09344246306, 39.9286650517971], [-105.103896898233, 39.9286675186327], [-105.115007885996, 39.928675178842], [-105.116468920347, 39.9286709457498], [-105.116468649954, 39.9286761067468], [-105.116484850172, 39.9286894742232], [-105.118576288952, 39.93041510361], [-105.119123260552, 39.9307670714033], [-105.119310650917, 39.9309125797723], [-105.119524524515, 39.9310252754419], [-105.120114724843, 39.9314050492727], [-105.122489852488, 39.9326694052279], [-105.125482293413, 39.9340036428497], [-105.127640366525, 39.9349137737371], [-105.128065500522, 39.9351043279103], [-105.128065965849, 39.9351045386841], [-105.128078568314, 39.9351102488607], [-105.128072128292, 39.9352462514901], [-105.128069855554, 39.9352942478561], [-105.127914008632, 39.9385848285047], [-105.12782054252, 39.943284551854], [-105.127691313578, 39.9445326710634], [-105.127670622682, 39.9452856914113], [-105.127565474878, 39.9457480069377], [-105.127506753805, 39.9463151118931], [-105.127399242533, 39.9464788870391], [-105.127354169564, 39.9466770568726], [-105.126464287664, 39.9480326023394], [-105.126247226843, 39.9482337317116], [-105.126232760374, 39.9482557684866], [-105.125994881995, 39.9484675536597], [-105.125222495243, 39.9491832328114], [-105.125119683957, 39.9492467369943], [-105.124888462094, 39.9494525897493], [-105.122427750155, 39.9509317380108], [-105.122168559247, 39.9510875324496], [-105.121547396685, 39.9514805469533], [-105.121089882915, 39.9517358886871], [-105.119966930419, 39.9524108343169], [-105.117357037956, 39.9539465832456], [-105.114377993607, 39.9550234420732], [-105.111846105453, 39.9558729326395], [-105.109463787693, 39.9565512776253], [-105.109463254992, 39.9566443366668], [-105.109385040477, 39.956573757925], [-105.109295089472, 39.9566016759858], [-105.108222622296, 39.9569054948686], [-105.106791995917, 39.9573767970046], [-105.104285401627, 39.9578665221316], [-105.103377530065, 39.9580959442303], [-105.099102749462, 39.958280473584], [-105.09582120283, 39.9584018910367], [-105.092927760741, 39.9585910288297], [-105.09029391021, 39.9586813549328], [-105.087745386155, 39.9589380290069], [-105.085844569879, 39.9591637554478], [-105.084141671324, 39.9595168980925], [-105.083490590372, 39.9596708916819], [-105.08147722597, 39.9603439123161], [-105.079485917005, 39.9612336143265], [-105.078719007281, 39.9616174267683], [-105.076909583805, 39.9628040113501], [-105.074843030155, 39.9644665414767], [-105.074499236811, 39.9647698978547], [-105.072849345146, 39.9662587137774], [-105.072831055447, 39.9662744698545], [-105.07189531545, 39.9671324659049], [-105.071128950104, 39.9678098420452], [-105.070156930746, 39.9687402370535], [-105.068811384706, 39.9698647056014], [-105.067962778597, 39.9704250352335], [-105.067413946586, 39.9708514114063], [-105.066114350271, 39.9714322201572], [-105.065171547719, 39.9719106968296], [-105.062184059206, 39.973194983692], [-105.06181814395, 39.9733520822174], [-105.061083878105, 39.9736801793426], [-105.060073951638, 39.9741008881798], [-105.053010640493, 39.9771519016568], [-105.05301083902, 39.9766652375469]]]}, "properties": {"SchName": "Aspen Creek", "SchCode": 505, "SchType": "Middle", "StdtPop": 0}}, {"type": "Feature", "id": 3, "geometry": {"type": "Polygon", "coordinates": [[[-105.071840520014, 39.9288211993522], [-105.071848784515, 39.9275034124188], [-105.071863739667, 39.9251187035866], [-105.071863827702, 39.9251046099975], [-105.071814270343, 39.9251044260602], [-105.071381705483, 39.9250611601423], [-105.071115944296, 39.9250747818413], [-105.070977122245, 39.9250206932161], [-105.070874471757, 39.925010425094], [-105.070387957674, 39.9247911340129], [-105.070049889293, 39.9246594093963], [-105.069017963086, 39.924352313447], [-105.068645871013, 39.924313528424], [-105.06819121119, 39.9242933949796], [-105.06739091468, 39.9244242040495], [-105.066722605838, 39.9245440640352], [-105.066630762982, 39.9245643152093], [-105.065079664438, 39.9248053068909], [-105.065066835598, 39.9248076498624], [-105.064174176107, 39.9250154327413], [-105.063507119516, 39.9251637461491], [-105.061861476882, 39.9251574971093], [-105.058139385656, 39.92511310969], [-105.057251501609, 39.925104598975], [-105.055459746198, 39.9250976968491], [-105.053570430154, 39.9251299788693], [-105.053041907254, 39.9251581247001], [-105.053036251461, 39.9144697863202], [-105.090214032913, 39.9143328184478], [-105.11166178014, 39.9144071448896], [-105.132217396984, 39.9141993628917], [-105.146910232788, 39.914231067145], [-105.146936632478, 39.9142793765881], [-105.147105314528, 39.9214488762477], [-105.147126086273, 39.926587089775], [-105.147070802153, 39.9288383479862], [-105.147025764218, 39.9289307234857], [-105.146993720414, 39.928970071451], [-105.14698646023, 39.928978986049], [-105.14327898639, 39.9289191801716], [-105.142461020916, 39.9289166444586], [-105.137617140512, 39.9289015059535], [-105.137557522022, 39.9289013185821], [-105.137557237256, 39.9289549143584], [-105.137533227085, 39.9334772050172], [-105.137574568453, 39.9394298527442], [-105.137575337411, 39.9395404860225], [-105.137505523042, 39.9395081508762], [-105.133720889309, 39.9377551101512], [-105.128179820125, 39.9352940866767], [-105.128072128292, 39.9352462514901], [-105.128078568314, 39.9351102488607], [-105.128065965849, 39.9351045386841], [-105.128065500522, 39.9351043279103], [-105.127640366525, 39.9349137737371], [-105.125482293413, 39.9340036428497], [-105.122489852488, 39.9326694052279], [-105.120114724843, 39.9314050492727], [-105.119524524515, 39.9310252754419], [-105.119310650917, 39.9309125797723], [-105.119123260552, 39.9307670714033], [-105.118576288952, 39.93041510361], [-105.116484850172, 39.9286894742232], [-105.116468649954, 39.9286761067468], [-105.116468920347, 39.9286709457498], [-105.115007885996, 39.928675178842], [-105.103896898233, 39.9286675186327], [-105.09344246306, 39.9286650517971], [-105.091072034502, 39.9286566600089], [-105.090755386449, 39.9286555357765], [-105.090707600568, 39.9286553656261], [-105.090708854616, 39.9288920292311], [-105.090722156869, 39.9314022870233], [-105.090680747229, 39.9326334112255], [-105.090670386959, 39.934361242503], [-105.09067030611, 39.9422323135658], [-105.090664023293, 39.9432799711727], [-105.090663972089, 39.9432885388579], [-105.090577361919, 39.9432882309998], [-105.071910536504, 39.9432203788979], [-105.071909548357, 39.9432203754543], [-105.071856368092, 39.9430763836482], [-105.071835476872, 39.9389179930294], [-105.071835423871, 39.9389073109781], [-105.071833321814, 39.9384890201232], [-105.071816265501, 39.9326882494795], [-105.071840004381, 39.9289034774863], [-105.071840520014, 39.9288211993522]]]}, "properties": {"SchName": "Broomfield Heights", "SchCode": 225, "SchType": "Middle", "StdtPop": 0}}, {"type": "Feature", "id": 4, "geometry": {"type": "Polygon", "coordinates": [[[-105.356554354709, 40.1306571579198], [-105.356701399937, 40.1235502056329], [-105.347583440515, 40.123633280968], [-105.338347744298, 40.123862807462], [-105.32855675359, 40.1238058813259], [-105.328654981671, 40.1162629212073], [-105.328560412428, 40.1066209798836], [-105.328589805304, 40.1054348068525], [-105.32859847764, 40.1019898258529], [-105.328911565669, 40.1019894864154], [-105.328592069957, 40.1018439706302], [-105.319568094076, 40.1018725521493], [-105.313775342102, 40.1019871776905], [-105.311946589576, 40.1020076085289], [-105.311946505134, 40.102007609216], [-105.311946420693, 40.1020076105902], [-105.309521482363, 40.1020293194659], [-105.306534348685, 40.1020559920884], [-105.305744269613, 40.102063034379], [-105.306067069329, 40.1092518483205], [-105.301193814914, 40.1141724641021], [-105.301353079027, 40.1092843903006], [-105.301224749299, 40.1019133733486], [-105.282205053063, 40.1018253613035], [-105.282204987486, 40.1018253613035], [-105.282204986588, 40.1018253028981], [-105.282074508089, 40.0873502073288], [-105.282074506293, 40.0873499832793], [-105.28187963925, 40.0873472671949], [-105.279469147627, 40.087350945455], [-105.263493594853, 40.0873541824886], [-105.206813629331, 40.0871937402073], [-105.206848122842, 40.0945139372756], [-105.197342930243, 40.0945603827748], [-105.197369241897, 40.0873361403194], [-105.197405070304, 40.0826299996517], [-105.197504932421, 40.0825565997648], [-105.201443969483, 40.0791350271369], [-105.204582124334, 40.076377876904], [-105.205224594035, 40.0758506063004], [-105.206886789925, 40.0744863985428], [-105.206860752256, 40.0744394726027], [-105.206883006221, 40.073367940969], [-105.213293002304, 40.0675299332453], [-105.227047547794, 40.0551283783573], [-105.233359022945, 40.0502053595486], [-105.237720656263, 40.0470032173946], [-105.242436811505, 40.0401196995454], [-105.244416771155, 40.0377733375444], [-105.253543941902, 40.0375268098819], [-105.258516387393, 40.0361165922098], [-105.26321586092, 40.0364592459916], [-105.272609985817, 40.036056437792], [-105.276252522241, 40.0360910829355], [-105.31594675879, 40.0364611649029], [-105.319802142936, 40.0401089899804], [-105.322270462707, 40.0424441511554], [-105.323531235632, 40.0436368272215], [-105.325479653636, 40.0455837826153], [-105.325629513286, 40.0457285975594], [-105.333765373355, 40.0538616645939], [-105.336106831244, 40.0561735324489], [-105.336392279011, 40.05645535838], [-105.337595965796, 40.0576547440591], [-105.338232831807, 40.0576437030907], [-105.338427460796, 40.0576403285061], [-105.339356719448, 40.0576242098432], [-105.339519749299, 40.0576213818746], [-105.340461172039, 40.0576050438728], [-105.340859902753, 40.0575981214324], [-105.342951853572, 40.0575617820465], [-105.343206535837, 40.0575573554773], [-105.347071922724, 40.0574901008801], [-105.351710506644, 40.0644997918731], [-105.352616815138, 40.0658088398934], [-105.353598412334, 40.0672265651445], [-105.356518104992, 40.0714430971466], [-105.362568715673, 40.0775940066798], [-105.362628846203, 40.077655127309], [-105.362696967248, 40.0777243711694], [-105.362736320644, 40.0777643710178], [-105.362764574456, 40.0777195967285], [-105.363032071188, 40.0776671898973], [-105.371626446649, 40.0759830335273], [-105.371970404385, 40.0759156135875], [-105.373555479009, 40.0756055739398], [-105.376461266645, 40.0750371411105], [-105.377235250602, 40.0748857193466], [-105.378856705198, 40.0745684807097], [-105.381001812926, 40.0741487484084], [-105.382692402765, 40.0738225116463], [-105.383516727413, 40.0736595428775], [-105.383589787395, 40.0736574565987], [-105.383842996422, 40.0736272925054], [-105.391993856559, 40.0726559982617], [-105.401795699814, 40.071537962268], [-105.41106150217, 40.0705196649032], [-105.42726471319, 40.0682502904371], [-105.429887645598, 40.0679094889848], [-105.447358714556, 40.0644246921945], [-105.459008621421, 40.061464726389], [-105.462380278058, 40.0606211216656], [-105.46682873804, 40.0594832503469], [-105.467083429288, 40.0594339495857], [-105.478894468762, 40.0573269493332], [-105.491361213715, 40.0548350468881], [-105.492146617954, 40.0544880442477], [-105.499050713495, 40.0514373334077], [-105.499216564056, 40.0513640408675], [-105.503992624351, 40.0570730177605], [-105.504101322297, 40.0571782501785], [-105.50674733961, 40.0597397945548], [-105.512609308573, 40.0654137159332], [-105.512976913561, 40.0657694875098], [-105.512294748205, 40.0657436029636], [-105.504731554249, 40.0654563526589], [-105.494644845336, 40.0653660433152], [-105.493839740144, 40.0655935533883], [-105.493729359653, 40.0656266098624], [-105.492059929631, 40.0661265545079], [-105.492059893698, 40.0661265655076], [-105.492059856867, 40.0661265758198], [-105.489446166327, 40.0668897548618], [-105.489363216792, 40.0669142248372], [-105.489343153819, 40.0669201433058], [-105.489323092642, 40.0669260610864], [-105.489232298119, 40.0669528450869], [-105.485587520398, 40.0680279630862], [-105.476075946167, 40.0711353737189], [-105.467328795124, 40.0729714269113], [-105.467139297312, 40.0730111944563], [-105.46694593315, 40.0731046853189], [-105.457645807066, 40.0776005655336], [-105.448928300427, 40.0818119650132], [-105.448738161218, 40.0819038072769], [-105.448577978128, 40.0819811799045], [-105.4481389975, 40.0821843940655], [-105.448126821734, 40.0821900300932], [-105.44812413128, 40.0821912755177], [-105.448117337322, 40.0821944200085], [-105.448048982715, 40.0822260635437], [-105.447891972475, 40.0822917060134], [-105.445893014355, 40.0831273974069], [-105.444362849253, 40.0837670540847], [-105.444346323845, 40.0837739621819], [-105.444329793945, 40.0837808620306], [-105.443683660016, 40.0840505782821], [-105.439224616982, 40.085911745726], [-105.435689475047, 40.0871407990992], [-105.433312538196, 40.0916951047325], [-105.432119950994, 40.0941167533294], [-105.428653611027, 40.1010083289943], [-105.428310471657, 40.101606029498], [-105.428222051382, 40.1017600434404], [-105.427501623185, 40.1030148830302], [-105.425448154396, 40.1063140901583], [-105.422565984367, 40.1110498289902], [-105.421576123569, 40.1126761170701], [-105.420511740331, 40.1146050128013], [-105.419790448854, 40.1158532203486], [-105.419363635008, 40.1165918034553], [-105.418992560727, 40.11723391958], [-105.416364209681, 40.1217816987496], [-105.414551707679, 40.1249092386488], [-105.414472175335, 40.1250473629496], [-105.414472155572, 40.1250473979808], [-105.414472134911, 40.1250474330121], [-105.413336703918, 40.1270192958274], [-105.410832211685, 40.1319747003867], [-105.408292797446, 40.1378627280643], [-105.407536107855, 40.1397888057774], [-105.406768103982, 40.1415692271133], [-105.406690621594, 40.1417488468895], [-105.406257579728, 40.1427526918597], [-105.406168312342, 40.1429716375687], [-105.40613358527, 40.1430960542381], [-105.406132499207, 40.1430999437361], [-105.40613206532, 40.1431014984364], [-105.39231565106, 40.1434475193341], [-105.374912116547, 40.1450651651282], [-105.356748405183, 40.14514538846], [-105.356623481866, 40.1354629202071], [-105.356588019074, 40.1334858587486], [-105.356554354709, 40.1306571579198]]]}, "properties": {"SchName": "Centennial", "SchCode": 250, "SchType": "Middle", "StdtPop": 0}}, {"type": "Feature", "id": 5, "geometry": {"type": "Polygon", "coordinates": [[[-105.147036964413, 39.9439010298372], [-105.147159169428, 39.939913436637], [-105.146864899307, 39.9393405398677], [-105.146629132868, 39.9393325564457], [-105.146607540961, 39.9393107702604], [-105.146199487532, 39.9393180063797], [-105.145007527354, 39.9392776319103], [-105.14501793793, 39.9372756815758], [-105.146581886874, 39.9365940968573], [-105.145918197169, 39.9356196670275], [-105.14555262417, 39.9344745531118], [-105.145558456033, 39.9333513328026], [-105.145827521224, 39.9324364991617], [-105.146277482858, 39.931705121199], [-105.146609426525, 39.9312746268933], [-105.14682976979, 39.9308553966424], [-105.147197840104, 39.9303128650759], [-105.147244808519, 39.9301357350196], [-105.147284315527, 39.9300755058189], [-105.147284783549, 39.9299849814387], [-105.14738268105, 39.9296157785261], [-105.147287901601, 39.9293814691934], [-105.147289630858, 39.929046781319], [-105.147290106965, 39.9289545795701], [-105.146993720414, 39.928970071451], [-105.147025764218, 39.9289307234857], [-105.147070802153, 39.9288383479862], [-105.147126086273, 39.926587089775], [-105.147105314528, 39.9214488762477], [-105.146936632478, 39.9142793765881], [-105.146935497905, 39.914231120199], [-105.147108746991, 39.9142314826198], [-105.216840239155, 39.9141945556454], [-105.217428682379, 39.9141940643788], [-105.217356577306, 39.9173791532403], [-105.217387513488, 39.9206741735179], [-105.217389422408, 39.9208775397061], [-105.217404321865, 39.9284848761175], [-105.217404455714, 39.9285533993224], [-105.217420052264, 39.9285532829036], [-105.217435648814, 39.928553165107], [-105.217496299469, 39.9285891089009], [-105.217497049562, 39.928649842283], [-105.217531148712, 39.9360009059163], [-105.20353896649, 39.9359657450408], [-105.203465578623, 39.9359655563112], [-105.203465785236, 39.9360145130402], [-105.203495783576, 39.9431529048372], [-105.203495996477, 39.9432036078431], [-105.203383168976, 39.9432027056179], [-105.201111242485, 39.943184518547], [-105.198789066035, 39.9432059680916], [-105.190020350035, 39.9431827078976], [-105.176123905765, 39.9432016773567], [-105.171037910528, 39.9431648961748], [-105.163141899742, 39.9431624732512], [-105.163853847842, 39.9449397108071], [-105.164141529718, 39.946885329822], [-105.155520406021, 39.9469742740463], [-105.151525551241, 39.9469976011308], [-105.149631814587, 39.9470204344216], [-105.149060249809, 39.9470273205633], [-105.148797032651, 39.946854865171], [-105.147027683918, 39.9456955730572], [-105.147036964413, 39.9439010298372]]]}, "properties": {"SchName": "Eldorado", "SchCode": 506, "SchType": "Middle", "StdtPop": 0}}, {"type": "Feature", "id": 6, "geometry": {"type": "Polygon", "coordinates": [[[-105.139680921063, 40.000172543596], [-105.138347085461, 40.0001478487235], [-105.138152018094, 40.0001472369599], [-105.137748963789, 40.0001459714559], [-105.133867243733, 40.0001441795185], [-105.133867178156, 40.0001441795185], [-105.133866718219, 40.0001441788304], [-105.13386573636, 40.0001441781422], [-105.133866198992, 40.0001421116338], [-105.133868076471, 40.000133712787], [-105.13387569688, 40.000099629492], [-105.133876154122, 40.0000975863793], [-105.133889162626, 40.0000394109729], [-105.133889244373, 40.0000390462539], [-105.133891246718, 40.0000388329277], [-105.134014797408, 40.000025658313], [-105.134255092255, 39.9998423715993], [-105.134258049509, 39.9998382894873], [-105.134275235179, 39.9998145627227], [-105.134292789158, 39.9997903287822], [-105.134301370764, 39.9997784808761], [-105.134308462065, 39.9997686926061], [-105.134324918302, 39.99974597396], [-105.134326388845, 39.9997439425353], [-105.134336286482, 39.9997302785876], [-105.134351400637, 39.999709413123], [-105.134354856456, 39.9997046407863], [-105.134360965898, 39.9996962061017], [-105.134361408768, 39.9996955950222], [-105.134362800258, 39.999683045184], [-105.134364167494, 39.9996705875559], [-105.134364232173, 39.9996699902393], [-105.134364611262, 39.9996665364005], [-105.134364674144, 39.9996659583521], [-105.13436494813, 39.9996634727442], [-105.13436732058, 39.9996419727821], [-105.134368417423, 39.9996320014439], [-105.134369569064, 39.999621499538], [-105.134370038883, 39.9996172625784], [-105.134370414378, 39.9996138245644], [-105.134370532956, 39.999612736594], [-105.134370709026, 39.9996111221863], [-105.134370718907, 39.9996110361671], [-105.134370757535, 39.9996106831444], [-105.134370830298, 39.9995970398146], [-105.134370832095, 39.9995966840393], [-105.134371596561, 39.9994540537559], [-105.134371589375, 39.9994536979799], [-105.134371391745, 39.9994442172686], [-105.134371384559, 39.9994438614925], [-105.134371332457, 39.9994413545436], [-105.13437132527, 39.9994409987675], [-105.134371301914, 39.9994398832681], [-105.134371293829, 39.9994395274919], [-105.134371248913, 39.9994373591152], [-105.134371240828, 39.999437003339], [-105.134371227354, 39.999436311055], [-105.134371219269, 39.9994359552788], [-105.134371120454, 39.9994312324701], [-105.134371113268, 39.9994308766938], [-105.134371067454, 39.9994286752854], [-105.134371060267, 39.9994283195092], [-105.134371038707, 39.9994272831475], [-105.134371031521, 39.9994269273712], [-105.134370868028, 39.9994190617568], [-105.134370859943, 39.9994187059805], [-105.134370821315, 39.9994168149297], [-105.13437081323, 39.9994164591534], [-105.134370804247, 39.999415996713], [-105.134370797061, 39.9994156409368], [-105.134370740467, 39.9994129901624], [-105.13437073328, 39.9994126343861], [-105.134370698246, 39.9994109415239], [-105.134370690161, 39.9994105857476], [-105.134370625482, 39.9994070211027], [-105.134370619194, 39.9994066694553], [-105.134371855276, 39.9994059523973], [-105.134411164655, 39.9993831448584], [-105.134424632197, 39.9993753308506], [-105.134460068939, 39.9993547694426], [-105.134492760428, 39.9993321731506], [-105.134578130025, 39.9992731623579], [-105.134665227082, 39.9992129582494], [-105.134751541706, 39.9991532949799], [-105.134815954505, 39.9991087704569], [-105.136081534315, 39.9982339393412], [-105.136138668963, 39.9981944440361], [-105.136171594913, 39.9982030647114], [-105.136187912811, 39.9982073375436], [-105.136204230708, 39.9982116096873], [-105.13626134739, 39.9982265628762], [-105.137225127401, 39.9986009840455], [-105.137294494409, 39.9986279304595], [-105.137295728694, 39.9985602922356], [-105.13729573588, 39.9985599364549], [-105.137317011579, 39.9973945146769], [-105.137317018766, 39.9973941588901], [-105.137334566457, 39.9964328856074], [-105.137334566457, 39.9964325298156], [-105.137334227792, 39.9954917181733], [-105.137334227792, 39.9954913623766], [-105.137333860381, 39.9944701293017], [-105.137333860381, 39.9944697734996], [-105.137333837923, 39.9944066141299], [-105.13733383972, 39.9944062583275], [-105.13719040482, 39.9942206730578], [-105.137150468417, 39.9941689989652], [-105.137133602548, 39.9941689845128], [-105.137116737577, 39.9941689700605], [-105.132017004404, 39.9941676074082], [-105.131949083683, 39.9941675874502], [-105.131879095041, 39.9941675674921], [-105.131813756977, 39.9941675489105], [-105.131744538192, 39.9941675289524], [-105.131673006244, 39.994167507618], [-105.131618246741, 39.994167491101], [-105.131538710804, 39.994167467702], [-105.131494548726, 39.994167454626], [-105.131402086032, 39.9941674270977], [-105.131264436283, 39.9941673913108], [-105.131195740316, 39.9941673672235], [-105.131189028105, 39.9941673644707], [-105.130949000057, 39.994167292897], [-105.130932291393, 39.9941672880796], [-105.130582670678, 39.9941671827838], [-105.130490739787, 39.9941671552554], [-105.130064863782, 39.9941670251841], [-105.129981820822, 39.9941669997204], [-105.129321779175, 39.9941667953225], [-105.129166878179, 39.9941667464597], [-105.129058058062, 39.9941667127375], [-105.12892371052, 39.9941666700686], [-105.128796810011, 39.9941666301525], [-105.128665938949, 39.9941665888601], [-105.128536061424, 39.9941665468794], [-105.128405190362, 39.9941665055868], [-105.128287857809, 39.994166466359], [-105.12828425826, 39.9941664649826], [-105.128269359701, 39.9941664601651], [-105.12826449173, 39.9941664587887], [-105.12818539507, 39.994166433325], [-105.128146417169, 39.9941664209372], [-105.128024820314, 39.9941663817094], [-105.128017539469, 39.994166380333], [-105.127964218168, 39.9941663631277], [-105.127958918108, 39.9941663610631], [-105.127954056426, 39.9941663589985], [-105.127951044375, 39.9941663583103], [-105.127950491911, 39.9941663583103], [-105.127944845999, 39.9941663562456], [-105.127944843304, 39.9941667120493], [-105.127944784016, 39.9941722383611], [-105.127944779524, 39.9941725941647], [-105.127926092769, 39.9958475903803], [-105.127926088278, 39.9958479461753], [-105.127924814467, 39.9974762017705], [-105.127924813569, 39.9974765575569], [-105.127924787517, 39.9975098067173], [-105.127898669001, 39.9975097378998], [-105.124767337753, 39.9975014323209], [-105.124769115519, 39.9941754564223], [-105.124769117315, 39.9941751006188], [-105.122740432146, 39.9941499252725], [-105.122659206478, 39.994148916359], [-105.122443080804, 39.9941462323462], [-105.122406107944, 39.9941457733112], [-105.122394596932, 39.9941456301638], [-105.122385430522, 39.9941455166094], [-105.122385390098, 39.9941431333436], [-105.12238538381, 39.9941427775398], [-105.122384147728, 39.9940703504434], [-105.12238414144, 39.9940699946393], [-105.122383671621, 39.9940424160268], [-105.122383665333, 39.9940420602225], [-105.122383633892, 39.9940402233914], [-105.122383627604, 39.994039867587], [-105.122381869601, 39.9939369299508], [-105.122381864211, 39.993936574146], [-105.122381423138, 39.9939106981132], [-105.12238141685, 39.9939103423082], [-105.122381318035, 39.9939045916185], [-105.122381311747, 39.9939042358135], [-105.122361619778, 39.9927506091743], [-105.122361615286, 39.9927502533633], [-105.122358312181, 39.9924360308987], [-105.122358307689, 39.9924356750861], [-105.122358256485, 39.9924307584018], [-105.12235825918, 39.9924304025891], [-105.122266251034, 39.9924296586171], [-105.122254953821, 39.9924295677713], [-105.121261673136, 39.9924215327355], [-105.118526404606, 39.9924125142241], [-105.118526278842, 39.9923997194153], [-105.118526275248, 39.9923993636025], [-105.118526148586, 39.9923865674148], [-105.118526144993, 39.9923862116019], [-105.118542794368, 39.9915566449069], [-105.118551995812, 39.9906532925897], [-105.1185587206, 39.9890242246075], [-105.118570189391, 39.9868923877946], [-105.117371886209, 39.9868990131922], [-105.117380748988, 39.9851846594904], [-105.117384156298, 39.9851846705031], [-105.117384959392, 39.9851846732563], [-105.117392710056, 39.9849043100295], [-105.117392719937, 39.9849039541776], [-105.1174035644, 39.9845116266767], [-105.117403566196, 39.9845112708227], [-105.117396534184, 39.9841394024388], [-105.117396530591, 39.984139046583], [-105.117402189079, 39.9832871002612], [-105.117402190875, 39.9832867444009], [-105.11740230047, 39.983270322512], [-105.117402303165, 39.9832699666515], [-105.117402303165, 39.9832698888716], [-105.117402304962, 39.9832695330112], [-105.117402402878, 39.9832547617051], [-105.117402405573, 39.9832544065329], [-105.117402425336, 39.983251447453], [-105.117402427132, 39.9832510915926], [-105.117304552089, 39.9832515624022], [-105.117303990642, 39.9832515651554], [-105.114153554923, 39.983266647582], [-105.114052705558, 39.9832668719737], [-105.113993617073, 39.9800578124906], [-105.113993610785, 39.9800574566134], [-105.1139510522, 39.9777459011778], [-105.113951045912, 39.9777455452887], [-105.113941600127, 39.9772324592366], [-105.113941599228, 39.9772321033448], [-105.113950037104, 39.9766985574157], [-105.113950042494, 39.9766982015211], [-105.113963801989, 39.9758281320352], [-105.113963813667, 39.9758277761361], [-105.114078523139, 39.9734518566182], [-105.114078541105, 39.9734515013951], [-105.114086063597, 39.9732956759839], [-105.114086073479, 39.9732953200715], [-105.114086086055, 39.9732952250698], [-105.114086928675, 39.973289372824], [-105.11408701671, 39.9732887566894], [-105.114111508378, 39.9731186812976], [-105.114117426479, 39.9730780817004], [-105.114126157205, 39.9730181794376], [-105.114139155827, 39.9729289992219], [-105.114149011244, 39.9728613830507], [-105.114155692015, 39.9728155423342], [-105.114161665812, 39.9727745563511], [-105.114164459572, 39.9727553913202], [-105.114173994291, 39.9726900571049], [-105.114179548574, 39.9726519245681], [-105.114185590643, 39.9726104476398], [-105.114187572326, 39.9725968457297], [-105.114191402743, 39.972570549935], [-105.114192607383, 39.9725622805639], [-105.114194113858, 39.9725519376529], [-105.114194636678, 39.9725483530187], [-105.114195162192, 39.9725447449779], [-105.114195225972, 39.9725443078274], [-105.114195278075, 39.9725439525995], [-105.114196290476, 39.9725439677449], [-105.114196548293, 39.972543971187], [-105.114213798641, 39.9725441983676], [-105.114231109176, 39.9725444269251], [-105.114234864134, 39.9725444764918], [-105.114245791241, 39.9725446196844], [-105.114258824, 39.9725447917909], [-105.11426658724, 39.9725448943664], [-105.114272770344, 39.9725449749122], [-105.114290372832, 39.9725452069118], [-105.11430502166, 39.9725454003595], [-105.114337098702, 39.9725458223647], [-105.114370053398, 39.9725462560731], [-105.114409823612, 39.9725467792768], [-105.114430509118, 39.9725470512052], [-105.114451162285, 39.9725470023269], [-105.124446460432, 39.9725230409665], [-105.128785342119, 39.972537097941], [-105.128906360459, 39.9725374875902], [-105.12890703689, 39.9725374896554], [-105.128908210988, 39.9724772365096], [-105.128908218175, 39.972476880593], [-105.128908981743, 39.9724375514511], [-105.128908988031, 39.9724372072375], [-105.128828512456, 39.9721441941241], [-105.128765929525, 39.9718307208987], [-105.128472812841, 39.9703625145431], [-105.127291801331, 39.9688143171559], [-105.126726356775, 39.967490564359], [-105.126484407231, 39.9669241237976], [-105.125897553128, 39.9654922356234], [-105.125883479222, 39.9654140746367], [-105.125835269336, 39.9651463386371], [-105.12583520286, 39.9651459730434], [-105.125832550135, 39.9651312391297], [-105.125829962089, 39.9651168625449], [-105.12582989741, 39.9651165059015], [-105.125830117497, 39.9651165079669], [-105.126057586199, 39.9651191490562], [-105.127192708172, 39.9651323214529], [-105.12798081095, 39.9651557821102], [-105.131703501353, 39.9651677399852], [-105.132709818388, 39.9651748618324], [-105.142323901173, 39.9652420938508], [-105.142328887721, 39.9652421282758], [-105.142330060022, 39.9652421220793], [-105.146862869115, 39.9652191929735], [-105.146874186091, 39.965219135828], [-105.146874182497, 39.9652194910939], [-105.146873326403, 39.965291751866], [-105.146872728125, 39.96529176839], [-105.146865812894, 39.965291801438], [-105.146858298486, 39.9652918468789], [-105.14685829669, 39.9652922028329], [-105.146857923889, 39.965364333402], [-105.146857922092, 39.9653646893557], [-105.146857835854, 39.9653813296706], [-105.146857834057, 39.9653816856241], [-105.146846691355, 39.9675345545795], [-105.146846687761, 39.9675349105219], [-105.146838313666, 39.9682401037287], [-105.146838309175, 39.9682404589789], [-105.146831559234, 39.9688089003239], [-105.146831556539, 39.9688092555712], [-105.14682983357, 39.9692396741291], [-105.146829831773, 39.9692400300626], [-105.14682710898, 39.9699206430764], [-105.146827106285, 39.9699209990063], [-105.146824257727, 39.9706329150509], [-105.146824255032, 39.9706332702886], [-105.146820330293, 39.9716142138099], [-105.146820328496, 39.971614569731], [-105.146818123132, 39.9721656745161], [-105.146818121335, 39.9721660304344], [-105.146818079115, 39.9721766914583], [-105.146818077318, 39.9721770473765], [-105.146818051267, 39.9721835771324], [-105.14681804947, 39.9721839323621], [-105.146817976707, 39.9722023967321], [-105.14681797491, 39.9722027526501], [-105.146817903943, 39.9722205519923], [-105.146817901248, 39.9722209079102], [-105.146817860824, 39.9722309885798], [-105.146817859027, 39.9722313444977], [-105.146817763806, 39.972255416109], [-105.146817762009, 39.9722557720268], [-105.146817607499, 39.9722947274566], [-105.146817605702, 39.9722950833742], [-105.146817586838, 39.9722996731272], [-105.146817584143, 39.9723000290448], [-105.146817547312, 39.9723092202532], [-105.146817545515, 39.9723095754823], [-105.146817463769, 39.97232895887], [-105.146817461972, 39.9723293140989], [-105.146817453887, 39.9723318523337], [-105.14681745209, 39.9723322082511], [-105.146817406276, 39.9723448154353], [-105.14681740448, 39.9723451713527], [-105.146817345191, 39.9723600117946], [-105.146817343394, 39.9723603677118], [-105.146817229308, 39.9723890661998], [-105.146817227512, 39.9723894221169], [-105.146817135883, 39.9724123109543], [-105.146817134087, 39.9724126668712], [-105.146817040662, 39.9724360004247], [-105.146817038865, 39.9724363563416], [-105.146816953525, 39.972457904796], [-105.146816951729, 39.9724582600243], [-105.146816894237, 39.9724727679316], [-105.14681689244, 39.9724731238483], [-105.146816887948, 39.9724743788503], [-105.146819053787, 39.9724743967494], [-105.147437886118, 39.972479502122], [-105.147437884321, 39.9724798580386], [-105.147435520854, 39.9729372768096], [-105.147203418642, 39.9732773771298], [-105.147093224103, 39.973434531916], [-105.146781451207, 39.9738419999545], [-105.14678148714, 39.9738423062983], [-105.146810623996, 39.9740921254036], [-105.146810622199, 39.9740924813118], [-105.146810238619, 39.9741665611209], [-105.146810242212, 39.9741669170287], [-105.146817517667, 39.9744905920499], [-105.146782398031, 39.9745968839879], [-105.146680072734, 39.9748409384028], [-105.146533557511, 39.9752660947225], [-105.146533659021, 39.9752661497944], [-105.146589006022, 39.9752962107793], [-105.146705358513, 39.9753864425311], [-105.146758620524, 39.9754831182433], [-105.146758618728, 39.9754834741442], [-105.146756193276, 39.9759518891468], [-105.146800459559, 39.9760554321333], [-105.146853187072, 39.9762555139696], [-105.146853180784, 39.9762558588523], [-105.146840518132, 39.976972429835], [-105.146840511844, 39.9769727850398], [-105.146827881531, 39.9776824516834], [-105.146756087275, 39.9777029136062], [-105.146756089072, 39.9777032681189], [-105.146758546862, 39.978265186263], [-105.146758547761, 39.9782655421495], [-105.146749962561, 39.9799234821611], [-105.146749960765, 39.979923838039], [-105.146749946392, 39.979926699517], [-105.146749943697, 39.9799270553948], [-105.14675026709, 39.979973917673], [-105.146824414932, 39.9799671718309], [-105.148713880097, 39.9789088476345], [-105.150410522784, 39.977984288001], [-105.152107118759, 39.9773953432408], [-105.153575074629, 39.9768720926583], [-105.153845789127, 39.9767769526293], [-105.15619628317, 39.9760016832559], [-105.157342740983, 39.975639731698], [-105.158066966359, 39.9754208713428], [-105.158153537901, 39.9753837440132], [-105.158209459824, 39.9753660873047], [-105.159541674865, 39.9748678150243], [-105.160104168455, 39.9745375571868], [-105.160571516981, 39.9742938720522], [-105.161891112489, 39.974000504794], [-105.163029867249, 39.9735016236353], [-105.163758320995, 39.9728799952485], [-105.16430468174, 39.972477364557], [-105.165303127738, 39.9733594434698], [-105.165481538543, 39.9736790462122], [-105.165574473751, 39.9738780080743], [-105.165805175489, 39.9743405612726], [-105.165809645505, 39.975257448435], [-105.165813307039, 39.9755150591427], [-105.165798155155, 39.9759463579191], [-105.165820634596, 39.9766725323574], [-105.16581669189, 39.9774772697143], [-105.165828703264, 39.9786837178024], [-105.165832485172, 39.9786837288162], [-105.165836266181, 39.97868373983], [-105.165836581489, 39.9786837405184], [-105.165841214999, 39.9786837522206], [-105.165841666852, 39.9786837535973], [-105.165848536269, 39.9786837687413], [-105.165852896691, 39.9786837811319], [-105.165855920421, 39.978683790769], [-105.165850293374, 39.9786933886305], [-105.165830130687, 39.9787233152537], [-105.16583040108, 39.9787308129119], [-105.165887281506, 39.9803082559223], [-105.165901085018, 39.9806910354493], [-105.165957794764, 39.9822636575872], [-105.165989463072, 39.9831418340694], [-105.166005851937, 39.9841706248275], [-105.1660213344, 39.9851424991161], [-105.166038599122, 39.9862262106368], [-105.166047537359, 39.9867872747379], [-105.166048099704, 39.9868911640301], [-105.166049624145, 39.9871720848683], [-105.166053002709, 39.9877953631203], [-105.166062850041, 39.9896116747319], [-105.166066515168, 39.9902876656301], [-105.166067563502, 39.9904809892061], [-105.165975926359, 39.9905670239506], [-105.165234382364, 39.9914696423733], [-105.164165545279, 39.9932343232588], [-105.16273421552, 39.9959198332215], [-105.161465378418, 40.0001210983433], [-105.152679454291, 40.0001152951892], [-105.15197742449, 40.0001160631626], [-105.15194266957, 40.000116101699], [-105.151346627497, 40.0001168380176], [-105.15134656192, 40.0001168373294], [-105.150335729952, 40.0001238653872], [-105.149326308338, 40.0001317550057], [-105.148428401788, 40.0001387644819], [-105.148337395263, 40.0001394739625], [-105.147915502388, 40.0001427646863], [-105.147376227553, 40.0001469692704], [-105.14733682475, 40.0001472761844], [-105.146726522821, 40.0001520305983], [-105.14662421549, 40.0001528274736], [-105.146128119077, 40.0001566893595], [-105.146052846545, 40.0001572749733], [-105.145768295297, 40.0001607803984], [-105.145504209468, 40.0001625097138], [-105.145312770396, 40.0001630327061], [-105.144980102687, 40.0001656187654], [-105.14471800483, 40.0001676556828], [-105.143232753695, 40.0001630698661], [-105.142120068045, 40.0001644083135], [-105.142119845263, 40.0001644867624], [-105.1420920451, 40.000174272223], [-105.142087959562, 40.0001757104516], [-105.14207733878, 40.0001794484696], [-105.142065761293, 40.0001835229916], [-105.142061276903, 40.000183543636], [-105.141962366102, 40.0001839881793], [-105.141961034799, 40.0001839943727], [-105.14062348646, 40.0001899840089], [-105.139680921063, 40.000172543596]]]}, "properties": {"SchName": "Louisville", "SchCode": 254, "SchType": "Middle", "StdtPop": 0}}, {"type": "Feature", "id": 7, "geometry": {"type": "Polygon", "coordinates": [[[-105.146817040662, 39.9724360004247], [-105.146817134087, 39.9724126668712], [-105.146817135883, 39.9724123109543], [-105.146817227512, 39.9723894221169], [-105.146817229308, 39.9723890661998], [-105.146817343394, 39.9723603677118], [-105.146817345191, 39.9723600117946], [-105.14681740448, 39.9723451713527], [-105.146817406276, 39.9723448154353], [-105.14681745209, 39.9723322082511], [-105.146817453887, 39.9723318523337], [-105.146817461972, 39.9723293140989], [-105.146817463769, 39.97232895887], [-105.146817545515, 39.9723095754823], [-105.146817547312, 39.9723092202532], [-105.146817584143, 39.9723000290448], [-105.146817586838, 39.9722996731272], [-105.146817605702, 39.9722950833742], [-105.146817607499, 39.9722947274566], [-105.146817762009, 39.9722557720268], [-105.146817763806, 39.972255416109], [-105.146817859027, 39.9722313444977], [-105.146817860824, 39.9722309885798], [-105.146817901248, 39.9722209079102], [-105.146817903943, 39.9722205519923], [-105.14681797491, 39.9722027526501], [-105.146817976707, 39.9722023967321], [-105.14681804947, 39.9721839323621], [-105.146818051267, 39.9721835771324], [-105.146818077318, 39.9721770473765], [-105.146818079115, 39.9721766914583], [-105.146818121335, 39.9721660304344], [-105.146818123132, 39.9721656745161], [-105.146820328496, 39.971614569731], [-105.146820330293, 39.9716142138099], [-105.146824255032, 39.9706332702886], [-105.146824257727, 39.9706329150509], [-105.146827106285, 39.9699209990063], [-105.14682710898, 39.9699206430764], [-105.146829831773, 39.9692400300626], [-105.14682983357, 39.9692396741291], [-105.146831556539, 39.9688092555712], [-105.146831559234, 39.9688089003239], [-105.146838309175, 39.9682404589789], [-105.146838313666, 39.9682401037287], [-105.146846687761, 39.9675349105219], [-105.146846691355, 39.9675345545795], [-105.146857834057, 39.9653816856241], [-105.146857835854, 39.9653813296706], [-105.146857922092, 39.9653646893557], [-105.146857923889, 39.965364333402], [-105.14685829669, 39.9652922028329], [-105.146858298486, 39.9652918468789], [-105.146865812894, 39.965291801438], [-105.146872728125, 39.96529176839], [-105.146873326403, 39.965291751866], [-105.146874182497, 39.9652194910939], [-105.146874186091, 39.965219135828], [-105.146862869115, 39.9652191929735], [-105.142330060022, 39.9652421220793], [-105.142328887721, 39.9652421282758], [-105.142323901173, 39.9652420938508], [-105.132709818388, 39.9651748618324], [-105.131703501353, 39.9651677399852], [-105.12798081095, 39.9651557821102], [-105.127192708172, 39.9651323214529], [-105.126057586199, 39.9651191490562], [-105.125830117497, 39.9651165079669], [-105.12582989741, 39.9651165059015], [-105.125829962089, 39.9651168625449], [-105.125832550135, 39.9651312391297], [-105.12583520286, 39.9651459730434], [-105.125835269336, 39.9651463386371], [-105.125883479222, 39.9654140746367], [-105.125897553128, 39.9654922356234], [-105.126484407231, 39.9669241237976], [-105.126726356775, 39.967490564359], [-105.127291801331, 39.9688143171559], [-105.128472812841, 39.9703625145431], [-105.128765929525, 39.9718307208987], [-105.128828512456, 39.9721441941241], [-105.128908988031, 39.9724372072375], [-105.128908981743, 39.9724375514511], [-105.128908218175, 39.972476880593], [-105.128908210988, 39.9724772365096], [-105.12890703689, 39.9725374896554], [-105.128906360459, 39.9725374875902], [-105.128785342119, 39.972537097941], [-105.124446460432, 39.9725230409665], [-105.114451162285, 39.9725470023269], [-105.114430509118, 39.9725470512052], [-105.114409823612, 39.9725467792768], [-105.114370053398, 39.9725462560731], [-105.114337098702, 39.9725458223647], [-105.11430502166, 39.9725454003595], [-105.114290372832, 39.9725452069118], [-105.114272770344, 39.9725449749122], [-105.11426658724, 39.9725448943664], [-105.114258824, 39.9725447917909], [-105.114245791241, 39.9725446196844], [-105.114234864134, 39.9725444764918], [-105.114231109176, 39.9725444269251], [-105.114213798641, 39.9725441983676], [-105.114196548293, 39.972543971187], [-105.114196290476, 39.9725439677449], [-105.114142163387, 39.9724836953289], [-105.110716963565, 39.9724721772615], [-105.109372765897, 39.9724524187217], [-105.109372190077, 39.9723200361512], [-105.109340673583, 39.9650735826789], [-105.109388158529, 39.9621130160408], [-105.109456258912, 39.9578668395642], [-105.109463254992, 39.9566443366668], [-105.109463787693, 39.9565512776253], [-105.111846105453, 39.9558729326395], [-105.114377993607, 39.9550234420732], [-105.117357037956, 39.9539465832456], [-105.119966930419, 39.9524108343169], [-105.121089882915, 39.9517358886871], [-105.121547396685, 39.9514805469533], [-105.122168559247, 39.9510875324496], [-105.122427750155, 39.9509317380108], [-105.124888462094, 39.9494525897493], [-105.125119683957, 39.9492467369943], [-105.125222495243, 39.9491832328114], [-105.125994881995, 39.9484675536597], [-105.126232760374, 39.9482557684866], [-105.126247226843, 39.9482337317116], [-105.126464287664, 39.9480326023394], [-105.127354169564, 39.9466770568726], [-105.127399242533, 39.9464788870391], [-105.127506753805, 39.9463151118931], [-105.127565474878, 39.9457480069377], [-105.127670622682, 39.9452856914113], [-105.127691313578, 39.9445326710634], [-105.12782054252, 39.943284551854], [-105.127914008632, 39.9385848285047], [-105.128069855554, 39.9352942478561], [-105.128072128292, 39.9352462514901], [-105.128179820125, 39.9352940866767], [-105.133720889309, 39.9377551101512], [-105.137505523042, 39.9395081508762], [-105.137575337411, 39.9395404860225], [-105.137574568453, 39.9394298527442], [-105.137533227085, 39.9334772050172], [-105.137557237256, 39.9289549143584], [-105.137557522022, 39.9289013185821], [-105.137617140512, 39.9289015059535], [-105.142461020916, 39.9289166444586], [-105.14327898639, 39.9289191801716], [-105.14698646023, 39.928978986049], [-105.146993720414, 39.928970071451], [-105.147290106965, 39.9289545795701], [-105.147289630858, 39.929046781319], [-105.147287901601, 39.9293814691934], [-105.14738268105, 39.9296157785261], [-105.147284783549, 39.9299849814387], [-105.147284315527, 39.9300755058189], [-105.147244808519, 39.9301357350196], [-105.147197840104, 39.9303128650759], [-105.14682976979, 39.9308553966424], [-105.146609426525, 39.9312746268933], [-105.146277482858, 39.931705121199], [-105.145827521224, 39.9324364991617], [-105.145558456033, 39.9333513328026], [-105.14555262417, 39.9344745531118], [-105.145918197169, 39.9356196670275], [-105.146581886874, 39.9365940968573], [-105.14501793793, 39.9372756815758], [-105.145007527354, 39.9392776319103], [-105.146199487532, 39.9393180063797], [-105.146607540961, 39.9393107702604], [-105.146629132868, 39.9393325564457], [-105.146864899307, 39.9393405398677], [-105.147159169428, 39.939913436637], [-105.147036964413, 39.9439010298372], [-105.147027683918, 39.9456955730572], [-105.148797032651, 39.946854865171], [-105.149060249809, 39.9470273205633], [-105.149631814587, 39.9470204344216], [-105.151525551241, 39.9469976011308], [-105.155520406021, 39.9469742740463], [-105.164141529718, 39.946885329822], [-105.163853847842, 39.9449397108071], [-105.163141899742, 39.9431624732512], [-105.171037910528, 39.9431648961748], [-105.176123905765, 39.9432016773567], [-105.190020350035, 39.9431827078976], [-105.198789066035, 39.9432059680916], [-105.201111242485, 39.943184518547], [-105.203383168976, 39.9432027056179], [-105.203495996477, 39.9432036078431], [-105.203496258785, 39.9432658737469], [-105.203497307119, 39.9435152928629], [-105.203518826261, 39.9499951830696], [-105.20351417209, 39.9503109394362], [-105.203494196253, 39.9549088509478], [-105.203470015402, 39.9572237946247], [-105.194086352285, 39.9575190710076], [-105.194052638512, 39.9607812014515], [-105.194063299718, 39.9619751285969], [-105.194077418539, 39.9630448849019], [-105.194072568535, 39.9641736105542], [-105.194064446867, 39.9650302566559], [-105.194067339442, 39.9664004735889], [-105.19405964088, 39.968295791242], [-105.194042239615, 39.9690057841278], [-105.185460560043, 39.9658813606701], [-105.184411936849, 39.9655000218364], [-105.184403599585, 39.9673025844194], [-105.184418994913, 39.9681127174935], [-105.182770102174, 39.968158933138], [-105.182731128766, 39.970060035284], [-105.182692902755, 39.9721489621907], [-105.182690022757, 39.9723063109547], [-105.182689980536, 39.9723086047982], [-105.18268502992, 39.9723085986024], [-105.17532183598, 39.9722990418383], [-105.175312876184, 39.9741816049366], [-105.175309371856, 39.9786832393893], [-105.171823484549, 39.9787009420495], [-105.169117320535, 39.9786932055256], [-105.166307382241, 39.9786851048563], [-105.166039244112, 39.9786843283814], [-105.165886521531, 39.9786838857632], [-105.165881789206, 39.978683871996], [-105.165879787759, 39.9786838658007], [-105.165873000987, 39.9786838444614], [-105.16586567882, 39.9786838217454], [-105.165855920421, 39.978683790769], [-105.165852896691, 39.9786837811319], [-105.165848536269, 39.9786837687413], [-105.165841666852, 39.9786837535973], [-105.165841214999, 39.9786837522206], [-105.165836581489, 39.9786837405184], [-105.165836266181, 39.97868373983], [-105.165832485172, 39.9786837288162], [-105.165828703264, 39.9786837178024], [-105.16581669189, 39.9774772697143], [-105.165820634596, 39.9766725323574], [-105.165798155155, 39.9759463579191], [-105.165813307039, 39.9755150591427], [-105.165809645505, 39.975257448435], [-105.165805175489, 39.9743405612726], [-105.165574473751, 39.9738780080743], [-105.165481538543, 39.9736790462122], [-105.165303127738, 39.9733594434698], [-105.16430468174, 39.972477364557], [-105.163758320995, 39.9728799952485], [-105.163029867249, 39.9735016236353], [-105.161891112489, 39.974000504794], [-105.160571516981, 39.9742938720522], [-105.160104168455, 39.9745375571868], [-105.159541674865, 39.9748678150243], [-105.158209459824, 39.9753660873047], [-105.158153537901, 39.9753837440132], [-105.158066966359, 39.9754208713428], [-105.157342740983, 39.975639731698], [-105.15619628317, 39.9760016832559], [-105.153845789127, 39.9767769526293], [-105.153575074629, 39.9768720926583], [-105.152107118759, 39.9773953432408], [-105.150410522784, 39.977984288001], [-105.148713880097, 39.9789088476345], [-105.146824414932, 39.9799671718309], [-105.14675026709, 39.979973917673], [-105.14674993112, 39.9799302713738], [-105.146749929324, 39.979929915496], [-105.146749943697, 39.9799270553948], [-105.146749946392, 39.979926699517], [-105.146749960765, 39.979923838039], [-105.146749962561, 39.9799234821611], [-105.146758547761, 39.9782655421495], [-105.146758546862, 39.978265186263], [-105.146756089072, 39.9777032681189], [-105.146756087275, 39.9777029136062], [-105.146827881531, 39.9776824516834], [-105.146840511844, 39.9769727850398], [-105.146840518132, 39.976972429835], [-105.146853180784, 39.9762558588523], [-105.146853187072, 39.9762555139696], [-105.146800459559, 39.9760554321333], [-105.146756193276, 39.9759518891468], [-105.146758618728, 39.9754834741442], [-105.146758620524, 39.9754831182433], [-105.146705358513, 39.9753864425311], [-105.146589006022, 39.9752962107793], [-105.146533659021, 39.9752661497944], [-105.146533557511, 39.9752660947225], [-105.146680072734, 39.9748409384028], [-105.146782398031, 39.9745968839879], [-105.146817517667, 39.9744905920499], [-105.146810242212, 39.9741669170287], [-105.146810238619, 39.9741665611209], [-105.146810622199, 39.9740924813118], [-105.146810623996, 39.9740921254036], [-105.14678148714, 39.9738423062983], [-105.146781451207, 39.9738419999545], [-105.147093224103, 39.973434531916], [-105.147203418642, 39.9732773771298], [-105.147435520854, 39.9729372768096], [-105.147437884321, 39.9724798580386], [-105.147437886118, 39.972479502122], [-105.146819053787, 39.9724743967494], [-105.146816887948, 39.9724743788503], [-105.14681689244, 39.9724731238483], [-105.146816894237, 39.9724727679316], [-105.146816951729, 39.9724582600243], [-105.146816953525, 39.972457904796], [-105.146817038865, 39.9724363563416], [-105.146817040662, 39.9724360004247]]]}, "properties": {"SchName": "Monarch", "SchCode": 502, "SchType": "Middle", "StdtPop": 0}}, {"type": "Feature", "id": 8, "geometry": {"type": "Polygon", "coordinates": [[[-105.420540228604, 40.1436609046587], [-105.41073186358, 40.143019920567], [-105.406196335287, 40.1431255022094], [-105.40613358527, 40.1430960542381], [-105.406168312342, 40.1429716375687], [-105.406257579728, 40.1427526918597], [-105.406690621594, 40.1417488468895], [-105.406768103982, 40.1415692271133], [-105.407536107855, 40.1397888057774], [-105.408292797446, 40.1378627280643], [-105.410832211685, 40.1319747003867], [-105.413336703918, 40.1270192958274], [-105.414472134911, 40.1250474330121], [-105.414472155572, 40.1250473979808], [-105.414472175335, 40.1250473629496], [-105.414551707679, 40.1249092386488], [-105.416364209681, 40.1217816987496], [-105.418992560727, 40.11723391958], [-105.419363635008, 40.1165918034553], [-105.419790448854, 40.1158532203486], [-105.420511740331, 40.1146050128013], [-105.421576123569, 40.1126761170701], [-105.422565984367, 40.1110498289902], [-105.425448154396, 40.1063140901583], [-105.427501623185, 40.1030148830302], [-105.428222051382, 40.1017600434404], [-105.428310471657, 40.101606029498], [-105.428653611027, 40.1010083289943], [-105.432119950994, 40.0941167533294], [-105.433312538196, 40.0916951047325], [-105.435689475047, 40.0871407990992], [-105.439224616982, 40.085911745726], [-105.443683660016, 40.0840505782821], [-105.444329793945, 40.0837808620306], [-105.444346323845, 40.0837739621819], [-105.444362849253, 40.0837670540847], [-105.445893014355, 40.0831273974069], [-105.447891972475, 40.0822917060134], [-105.448048982715, 40.0822260635437], [-105.448117337322, 40.0821944200085], [-105.44812413128, 40.0821912755177], [-105.448126821734, 40.0821900300932], [-105.4481389975, 40.0821843940655], [-105.448577978128, 40.0819811799045], [-105.448738161218, 40.0819038072769], [-105.448928300427, 40.0818119650132], [-105.457645807066, 40.0776005655336], [-105.46694593315, 40.0731046853189], [-105.467139297312, 40.0730111944563], [-105.467328795124, 40.0729714269113], [-105.476075946167, 40.0711353737189], [-105.485587520398, 40.0680279630862], [-105.489232298119, 40.0669528450869], [-105.489323092642, 40.0669260610864], [-105.489343153819, 40.0669201433058], [-105.489363216792, 40.0669142248372], [-105.489446166327, 40.0668897548618], [-105.492059856867, 40.0661265758198], [-105.492059893698, 40.0661265655076], [-105.492059929631, 40.0661265545079], [-105.493729359653, 40.0656266098624], [-105.493839740144, 40.0655935533883], [-105.494644556078, 40.0653618111252], [-105.494649817511, 40.0653618606245], [-105.494661840562, 40.0653619740604], [-105.494667852088, 40.0653620311221], [-105.494673863614, 40.0653620874963], [-105.504731554249, 40.0654563526589], [-105.512294748205, 40.0657436029636], [-105.512976913561, 40.0657694875098], [-105.512609308573, 40.0654137159332], [-105.50674733961, 40.0597397945548], [-105.504101322297, 40.0571782501785], [-105.503992624351, 40.0570730177605], [-105.499216564056, 40.0513640408675], [-105.499189321747, 40.0513314739437], [-105.499188182683, 40.0513301124327], [-105.499187897917, 40.051329772055], [-105.499187613151, 40.0513294316772], [-105.499187328385, 40.0513290912994], [-105.499187043619, 40.0513287495463], [-105.499087857934, 40.0512101783302], [-105.495123138037, 40.0469910304083], [-105.493807568778, 40.0455908919523], [-105.492403470548, 40.0442247729495], [-105.492155511275, 40.043982161028], [-105.491410560868, 40.0432532596293], [-105.490668752768, 40.0425274142332], [-105.49025230009, 40.0421199130838], [-105.489591461638, 40.0414732671818], [-105.489221783339, 40.0411207592848], [-105.48921768253, 40.0411168501998], [-105.489214212338, 40.0411135408195], [-105.489212417504, 40.0411118290473], [-105.489221607269, 40.0411113490083], [-105.489284359083, 40.0411080705758], [-105.486864513304, 40.0386390422083], [-105.478701673234, 40.0302578822568], [-105.477463031204, 40.0289939929234], [-105.475310492612, 40.0267974364144], [-105.469830565461, 40.0211938626425], [-105.46678816024, 40.0212137260977], [-105.449339267094, 40.0213261009721], [-105.447715690677, 40.020349725118], [-105.446229851145, 40.0194561367153], [-105.444655475457, 40.0185965260684], [-105.439814396898, 40.0159530236125], [-105.43327109442, 40.0123877844134], [-105.432443438819, 40.01193676768], [-105.43152722101, 40.0115197320046], [-105.425816863413, 40.008920267847], [-105.425749272374, 40.0088894957539], [-105.425284126516, 40.0088858834397], [-105.420414715094, 40.0088826261642], [-105.406857496235, 40.0088724724635], [-105.406854037721, 40.0088724697112], [-105.406853959567, 40.0088724697112], [-105.406853566105, 40.0088724690232], [-105.406851600592, 40.008872467647], [-105.406849636874, 40.0088724662709], [-105.406674548039, 40.008774491272], [-105.406617407102, 40.0087393678134], [-105.406471683295, 40.0087382118704], [-105.406267934609, 40.0086129687626], [-105.400407843125, 40.0050104502882], [-105.397857468541, 40.0033539565554], [-105.395218638648, 40.0017313668141], [-105.370593256511, 39.9857285378942], [-105.370205564296, 39.9854591428313], [-105.37019742017, 39.9783248478167], [-105.370221266847, 39.9657896429927], [-105.370174169075, 39.9566174411743], [-105.370171897236, 39.9561748088018], [-105.370171884659, 39.9561723126598], [-105.370171884659, 39.9561722561953], [-105.370171882863, 39.9561719724959], [-105.370171876575, 39.9561705546871], [-105.37017186849, 39.9561691361898], [-105.367600411345, 39.954068555151], [-105.356234023563, 39.944823002926], [-105.351589124486, 39.9410443623519], [-105.344414979201, 39.9373490746123], [-105.343381800742, 39.9368097071408], [-105.340058884895, 39.9350748677994], [-105.336647620639, 39.9333738475907], [-105.335941578961, 39.9330217581921], [-105.335935960898, 39.933018956745], [-105.335929517282, 39.9330157447586], [-105.335927170883, 39.9330145785795], [-105.335924802025, 39.9330134034457], [-105.335924086966, 39.933013057656], [-105.335923588401, 39.9330128027911], [-105.335923324297, 39.9330126794916], [-105.335922784409, 39.933012427382], [-105.335922079232, 39.9330121139671], [-105.335916522253, 39.9330095625627], [-105.335915248442, 39.9330089784398], [-105.335914385161, 39.9330085575683], [-105.335914283652, 39.933008507973], [-105.335913814731, 39.933008280661], [-105.335913745561, 39.9330082475975], [-105.335913131113, 39.9330079520919], [-105.335912390003, 39.933007595281], [-105.335912249866, 39.9330075257098], [-105.33591104792, 39.9330069284993], [-105.335910624813, 39.9330067211632], [-105.335909914246, 39.9330063705518], [-105.335908588333, 39.9330058360242], [-105.335908199362, 39.9330056789723], [-105.335441432944, 39.9328175029829], [-105.332672489268, 39.931783508074], [-105.331262078577, 39.9312567858948], [-105.324204662176, 39.9284647872986], [-105.324202225047, 39.9284082358846], [-105.324199192335, 39.9283378429383], [-105.324107640532, 39.9283013561817], [-105.32394565632, 39.9245414482466], [-105.323950737192, 39.9225708754255], [-105.323930745185, 39.9221067808762], [-105.323958811249, 39.9194393611855], [-105.323942762847, 39.914009008218], [-105.327898511268, 39.9140149881813], [-105.332546266089, 39.9140117015786], [-105.3360354044, 39.9139964454014], [-105.34193408122, 39.913943859726], [-105.346476613677, 39.9138891731991], [-105.351348321193, 39.9138245937212], [-105.360896595196, 39.9136935907695], [-105.368109649211, 39.9135509858515], [-105.370124167948, 39.9135127204328], [-105.393481614892, 39.9132528090935], [-105.396496761634, 39.9132048641086], [-105.39853271058, 39.9132141466307], [-105.398075011757, 39.8545669107192], [-105.537397648695, 39.8535158326399], [-105.537767219197, 39.8824046002687], [-105.700838907457, 39.8789651292159], [-105.69872361661, 39.8814216345448], [-105.698376198564, 39.8836025314875], [-105.698024806371, 39.8844207479493], [-105.699796823999, 39.8855078339261], [-105.699803200241, 39.8876881197799], [-105.700167365579, 39.8912304669444], [-105.697701800941, 39.8950502444677], [-105.695228171228, 39.8961446141553], [-105.69240139671, 39.897512057031], [-105.691345240244, 39.8994215751073], [-105.690645921558, 39.9024206384309], [-105.688174163934, 39.904332461253], [-105.688535557072, 39.9070572368792], [-105.688895469785, 39.9092369392513], [-105.688903763032, 39.9122348274134], [-105.686430113556, 39.9136015412885], [-105.68608362347, 39.9163274667815], [-105.68325656149, 39.9179672176709], [-105.682559613459, 39.9220563701935], [-105.681148106822, 39.9236938165692], [-105.680095544516, 39.9272384371618], [-105.676913890544, 39.9288785846413], [-105.678332724738, 39.9299665421782], [-105.675816332523, 39.9327255804661], [-105.675369255379, 39.9330000092607], [-105.675172694114, 39.9333855823344], [-105.675344193281, 39.9334968480767], [-105.675726230602, 39.93353682162], [-105.67634512312, 39.9334953195869], [-105.677082201591, 39.9333218292302], [-105.678398787743, 39.9331575776118], [-105.679478947193, 39.9332370098326], [-105.680124843069, 39.9334489165769], [-105.680731123241, 39.9336203256925], [-105.681350364305, 39.9337106014237], [-105.681745469418, 39.9337099787331], [-105.682219838279, 39.9338004775226], [-105.683050376573, 39.9341033251962], [-105.683472503908, 39.9343561232633], [-105.683749763531, 39.9346091504585], [-105.684344618929, 39.9354193030248], [-105.685176643935, 39.936259486955], [-105.686471023733, 39.9375957181691], [-105.686814162205, 39.9378486314483], [-105.6870780531, 39.938020561967], [-105.68744731458, 39.9381923219269], [-105.687855979763, 39.9383234598437], [-105.689385058801, 39.9387670624935], [-105.690097345567, 39.9391410236052], [-105.690335445829, 39.9395056272643], [-105.690521117717, 39.9399615654144], [-105.690745738759, 39.940214663489], [-105.690956877885, 39.9403562562021], [-105.691682674414, 39.9408417124451], [-105.692183878647, 39.9410842082018], [-105.693318099609, 39.941599387958], [-105.693701201434, 39.9419941567678], [-105.693926878894, 39.9426122428477], [-105.693732293024, 39.9436670035726], [-105.693510524133, 39.9444277841817], [-105.693195853272, 39.9449453898602], [-105.692867547782, 39.9453007966782], [-105.69259227164, 39.9457777806312], [-105.69208002801, 39.9463058510758], [-105.691948730248, 39.9464581513134], [-105.6918834371, 39.9466610366448], [-105.691975958184, 39.9467724088984], [-105.692108113837, 39.9469242700943], [-105.692610365506, 39.9475216189312], [-105.69294146296, 39.9481496690526], [-105.69302141841, 39.9484739754932], [-105.693588088268, 39.9485541350743], [-105.693878557617, 39.9487868389122], [-105.694076902937, 39.9490501123883], [-105.69438132941, 39.9495565371737], [-105.694461350437, 39.9499011212529], [-105.694344782351, 39.9506008928122], [-105.694056466264, 39.9511285947896], [-105.693636208323, 39.9515855469767], [-105.693162991103, 39.9519513376337], [-105.692321560735, 39.952550932259], [-105.691703673432, 39.9530082061715], [-105.691006478363, 39.953374360386], [-105.690348318687, 39.9535680851902], [-105.689453021743, 39.9537621985134], [-105.688992941485, 39.9541279492967], [-105.688783950231, 39.9547771725888], [-105.688653020778, 39.9550714114832], [-105.688627316385, 39.9553046447177], [-105.688695682669, 39.956206884047], [-105.688604721959, 39.9566632762269], [-105.688079135652, 39.9571710741394], [-105.687553039103, 39.957496372051], [-105.686526987877, 39.9580759474208], [-105.685790714297, 39.9586347679414], [-105.685540968275, 39.9588480847073], [-105.68522515296, 39.9589905360527], [-105.685488929769, 39.959091499216], [-105.686649416572, 39.9594850378527], [-105.687519840065, 39.9597979252701], [-105.688113030884, 39.9599084849865], [-105.688429628632, 39.9600499102463], [-105.688549214159, 39.960414709568], [-105.688523816091, 39.9607594696061], [-105.688446780165, 39.9614895868403], [-105.688422080088, 39.9620878130435], [-105.688608024166, 39.9626248640176], [-105.688530147417, 39.9630508192704], [-105.688675725697, 39.9632837726041], [-105.689032373034, 39.963607628602], [-105.689283756685, 39.9639823496838], [-105.689404732805, 39.9648439450805], [-105.688701232461, 39.9670148836518], [-105.688792943265, 39.9675519964411], [-105.689004977113, 39.967987615371], [-105.68954753529, 39.9688181030172], [-105.689997584061, 39.9695473521094], [-105.690182854402, 39.9698309321523], [-105.690407319137, 39.9699927811541], [-105.689975238468, 39.9709870923918], [-105.689726560543, 39.9715958263858], [-105.689491364534, 39.9723160652966], [-105.689009157873, 39.9742533585157], [-105.688747281001, 39.9748621122965], [-105.688512063432, 39.9755823484542], [-105.688157453474, 39.9760188944112], [-105.687855022158, 39.9762627172683], [-105.687330531797, 39.9772267525759], [-105.686646799779, 39.9777956313378], [-105.686174801573, 39.9786886051881], [-105.685543293115, 39.9790850336462], [-105.685017674469, 39.979653647754], [-105.684965700642, 39.9799274780427], [-105.685111165734, 39.9801097423109], [-105.685428512676, 39.9804945040097], [-105.685521621258, 39.9808086554387], [-105.685431186062, 39.9814779574668], [-105.685314059224, 39.98202563743], [-105.685079578273, 39.9830398883988], [-105.685185814836, 39.9833337420384], [-105.685516301435, 39.9836982051109], [-105.686190325359, 39.9843764144342], [-105.686626290343, 39.9847508427039], [-105.68723399165, 39.9852669317865], [-105.687419097599, 39.9854795446085], [-105.687419571011, 39.9856519032821], [-105.68735433805, 39.9858953393621], [-105.687236217675, 39.9860780282162], [-105.686933904039, 39.9863826810844], [-105.686381854263, 39.9869412048317], [-105.686237671965, 39.9872354615411], [-105.686159280481, 39.9874890557433], [-105.686068233532, 39.9879353080304], [-105.686243263977, 39.9892834772164], [-105.686112754038, 39.9897602094437], [-105.68570544082, 39.9902373863931], [-105.68494289062, 39.9909584618813], [-105.683995729442, 39.9916595503424], [-105.683194335191, 39.9926544224438], [-105.682918500296, 39.9930198543561], [-105.682827127259, 39.9933545774808], [-105.68282821422, 39.9937601249955], [-105.682869390298, 39.9943683835989], [-105.682910023793, 39.9947738679729], [-105.683305863728, 39.994915181869], [-105.684281385618, 39.9949339043658], [-105.685296784621, 39.9950742186657], [-105.686258879392, 39.9950016975855], [-105.687398386042, 39.9951736475305], [-105.68912136913, 39.9957168869033], [-105.690098006727, 39.9961309690676], [-105.690639610893, 39.9965356240372], [-105.691182728721, 39.9974776269806], [-105.691382400852, 39.9981667294556], [-105.691174491169, 39.9992417782736], [-105.691070675567, 39.9998299965783], [-105.690545171906, 40.0004797451098], [-105.690295825634, 40.0008857058619], [-105.690204448105, 40.0012102954616], [-105.690152676398, 40.0015550981387], [-105.690206200718, 40.0018388935449], [-105.690286545139, 40.0022848662834], [-105.690313846737, 40.0026193981152], [-105.690340921061, 40.0028728216597], [-105.690777282202, 40.0033384815213], [-105.690909940911, 40.003632285686], [-105.690687038347, 40.0040686193858], [-105.690174568342, 40.0046777887363], [-105.689912076124, 40.0051040475053], [-105.689623974734, 40.0058040927923], [-105.689334966046, 40.0061797013336], [-105.689045533353, 40.0064032274541], [-105.688216774622, 40.007073738809], [-105.689261122733, 40.0080757624443], [-105.689538899785, 40.0083997453915], [-105.689711316133, 40.0087644552136], [-105.689765605817, 40.0093219950349], [-105.689687681458, 40.0097479495853], [-105.689452127919, 40.0103870759599], [-105.689282188227, 40.0109145682375], [-105.68928286376, 40.0111578963856], [-105.689442043432, 40.0115023515927], [-105.689627960559, 40.0119785654361], [-105.689523718257, 40.0124248400307], [-105.689459001827, 40.0128609111265], [-105.689566374758, 40.0135400280138], [-105.689514956988, 40.0140166328767], [-105.689212924525, 40.0144632312669], [-105.688726735632, 40.0150723512036], [-105.688226707294, 40.0154483009029], [-105.687871021154, 40.0155705442053], [-105.687436022757, 40.0156219461686], [-105.687132745229, 40.0156224387708], [-105.686908332596, 40.015531554284], [-105.686644142563, 40.0153596232708], [-105.68635355284, 40.0151775975414], [-105.686049695, 40.0149651748676], [-105.685561183962, 40.0147327719884], [-105.684703886652, 40.0146530381377], [-105.683991552276, 40.014542650922], [-105.683212881808, 40.0142802846593], [-105.682606012341, 40.0141595815567], [-105.681669963324, 40.0142117537736], [-105.680799570374, 40.0141624278404], [-105.680351202351, 40.0141428526715], [-105.679718556625, 40.0142452273303], [-105.678756609178, 40.0144799126014], [-105.67783400255, 40.0146334204535], [-105.676925524625, 40.0151518912373], [-105.675635237552, 40.015904127555], [-105.675161086084, 40.0161177616032], [-105.674554916405, 40.0162707621659], [-105.673460803423, 40.0164042153847], [-105.672182131566, 40.0165582121919], [-105.67110116992, 40.0166814854782], [-105.669941390989, 40.0169265295249], [-105.669479796172, 40.0168967923221], [-105.668833068456, 40.0166544120332], [-105.668120613706, 40.016493233587], [-105.66717103606, 40.0164236426764], [-105.666248104243, 40.0164655312505], [-105.663321092111, 40.0166015165505], [-105.662266028895, 40.0165320358276], [-105.661541101037, 40.0166648555925], [-105.661001328536, 40.0170306041289], [-105.660527865177, 40.0175584764203], [-105.660213034416, 40.0182584847929], [-105.660068532318, 40.0184918752757], [-105.659739128188, 40.0186038576789], [-105.659067773159, 40.0191015818553], [-105.658330001189, 40.0193966190964], [-105.657552641363, 40.0196815676364], [-105.65627387159, 40.0198353871241], [-105.65527215842, 40.0200496541599], [-105.654112424405, 40.0203655093102], [-105.652807715778, 40.0207220987224], [-105.652293808468, 40.0208951361894], [-105.65191188164, 40.021118691169], [-105.651951849484, 40.0213011351381], [-105.652123552569, 40.0214225733929], [-105.652519733864, 40.0216755171242], [-105.652757693091, 40.0219388091115], [-105.652811123986, 40.0222428981879], [-105.652785227353, 40.0224558464821], [-105.652680999424, 40.0230237500653], [-105.652524066438, 40.0236120021593], [-105.652486046142, 40.0243014833405], [-105.652131426302, 40.024950828353], [-105.651684552178, 40.0256307088668], [-105.651316506118, 40.0261786813698], [-105.650552495257, 40.02658522945], [-105.650196884575, 40.0267986051213], [-105.649736946251, 40.0275494666235], [-105.649751071361, 40.0279752730156], [-105.64948739157, 40.0280161694726], [-105.649237988705, 40.0285538434114], [-105.648843218663, 40.0289598999634], [-105.648211378727, 40.0295183423441], [-105.647185025667, 40.0306146345719], [-105.646144928383, 40.0314676068571], [-105.645171268701, 40.0325638141051], [-105.642604297743, 40.0335286016175], [-105.640791197462, 40.034269301706], [-105.640679394938, 40.0353169614396], [-105.64077306407, 40.0359657215201], [-105.640641875902, 40.0363105976002], [-105.640602995918, 40.0366452212642], [-105.639412084973, 40.0384556590451], [-105.638881176149, 40.0398511937648], [-105.638990773308, 40.0412459551079], [-105.63899244687, 40.042066478912], [-105.638649347923, 40.0423860744261], [-105.638412566387, 40.0427107967615], [-105.638347433139, 40.0431164217321], [-105.638559648447, 40.0436839325524], [-105.638507810265, 40.0441402355653], [-105.638113029444, 40.0446172256566], [-105.637520286884, 40.0450538962934], [-105.637375689564, 40.0453075349913], [-105.637376138722, 40.045530584973], [-105.637429519311, 40.0458346816587], [-105.637522271262, 40.0460373448649], [-105.639109418299, 40.0470715420476], [-105.64078831387, 40.0475994335739], [-105.641378383044, 40.0479995852114], [-105.642091124357, 40.0481710667539], [-105.642499944049, 40.0483927512979], [-105.642963625653, 40.0490317756165], [-105.643162576437, 40.0495384620334], [-105.645203179555, 40.0509205005977], [-105.64570504944, 40.0531266754949], [-105.645901620587, 40.0533573069369], [-105.646192265107, 40.0535394350124], [-105.647101776993, 40.0538857390618], [-105.648172544557, 40.0541249512921], [-105.648476281124, 40.0542563632254], [-105.648678099331, 40.0544370531885], [-105.648860863372, 40.0551582082209], [-105.6492662515, 40.0558542133495], [-105.65034910949, 40.0570978096084], [-105.650726572589, 40.0575992022903], [-105.650912681956, 40.0582275566482], [-105.650979237238, 40.0584910746882], [-105.650847989781, 40.0588055444723], [-105.650264207916, 40.0594150068907], [-105.649781453282, 40.0598106599873], [-105.64945241297, 40.0601862166725], [-105.649242231448, 40.0606123122393], [-105.649150556577, 40.0609267289191], [-105.648887702338, 40.0614035850422], [-105.648533341213, 40.0622759659175], [-105.648349561177, 40.0627121645417], [-105.648284202452, 40.062996129787], [-105.647876385279, 40.0635644169813], [-105.6476130729, 40.0638384985315], [-105.647534932047, 40.0643151142751], [-105.647469438574, 40.064538248492], [-105.647218964917, 40.0646500934192], [-105.646929079473, 40.0648430970552], [-105.646732237933, 40.0653502791625], [-105.646455696064, 40.0656142350845], [-105.64591517347, 40.0658481090685], [-105.645032009171, 40.0662953223279], [-105.644267253607, 40.0665801636096], [-105.643660928519, 40.0669053564143], [-105.642948816027, 40.0671292906148], [-105.642066060462, 40.0677893922579], [-105.641644080451, 40.0679318515157], [-105.641169020786, 40.067932433798], [-105.638963860681, 40.0672456823479], [-105.639572495337, 40.0680357616702], [-105.640248087719, 40.0692921339189], [-105.640790040432, 40.0702169604369], [-105.641044047163, 40.0713087527853], [-105.640953663171, 40.0722720344214], [-105.640915036512, 40.0727384586512], [-105.641104220813, 40.073098577662], [-105.640955782297, 40.0732960337763], [-105.640163826644, 40.0732361665089], [-105.63912183122, 40.0735213087224], [-105.638737987387, 40.0743954288947], [-105.637316061192, 40.0746387216842], [-105.636933600765, 40.0747709773568], [-105.636524602308, 40.0748322936778], [-105.635799043832, 40.0749852292002], [-105.635311119394, 40.0751784358915], [-105.635087565551, 40.0755842436341], [-105.634930238205, 40.0761116365919], [-105.634694805041, 40.0771866052151], [-105.634682529562, 40.0776529964738], [-105.634709747617, 40.0780686496791], [-105.634830898908, 40.0792648662903], [-105.634726234398, 40.0797313642874], [-105.634581552636, 40.0799849990177], [-105.634213274811, 40.0806342996774], [-105.633778476739, 40.0810200728548], [-105.633119237288, 40.0813756859346], [-105.632538906749, 40.081589264725], [-105.63342320562, 40.0815781080407], [-105.63391161964, 40.0816079586279], [-105.634241788236, 40.0817089611514], [-105.634612337003, 40.082205321596], [-105.635180674134, 40.0826000642852], [-105.635593875808, 40.0830190035725], [-105.635962954032, 40.08437340378], [-105.636029883013, 40.0848397025128], [-105.635766157408, 40.0849718139727], [-105.635436191831, 40.0849823412285], [-105.63507998916, 40.0850740053308], [-105.634842760263, 40.0852567778351], [-105.634856481131, 40.0855203652015], [-105.635253735014, 40.0861586351441], [-105.635400039133, 40.0867160866397], [-105.635255425643, 40.0870102760099], [-105.635322050095, 40.0873244952416], [-105.635150713522, 40.0874564974148], [-105.634886895391, 40.0875480537211], [-105.63430681728, 40.0879137210321], [-105.633963957285, 40.0880864752708], [-105.63368733367, 40.0883808161006], [-105.63360876971, 40.0887053426369], [-105.633636243785, 40.0892527957953], [-105.633821804281, 40.0896378480114], [-105.633941370944, 40.0897992521708], [-105.634232095414, 40.0901848565852], [-105.634312295206, 40.0906916946626], [-105.634529386569, 40.0911473152326], [-105.634459283841, 40.0915938600025], [-105.634513287861, 40.0922021136768], [-105.634461045438, 40.092486054931], [-105.634382661141, 40.0929018299291], [-105.634608158938, 40.0934490521062], [-105.634768056364, 40.0941991224456], [-105.634650568403, 40.0948684078474], [-105.634651771247, 40.0954767229649], [-105.634440948328, 40.0956797401616], [-105.63392598999, 40.0956296457884], [-105.633424253056, 40.0955896729287], [-105.632896569183, 40.0957829139212], [-105.632382321412, 40.0960978018247], [-105.632066092873, 40.0964124608155], [-105.631926739019, 40.0968196840133], [-105.631896101078, 40.0972541592492], [-105.631989082998, 40.0975480721846], [-105.632155657601, 40.097720869312], [-105.633125850685, 40.0982666083331], [-105.633643622546, 40.0986874865519], [-105.633813988938, 40.0990971781198], [-105.633906962774, 40.0993809518024], [-105.634105495841, 40.0996341862422], [-105.634687156784, 40.100018775686], [-105.635123598774, 40.1004035326785], [-105.635506933262, 40.1006362716007], [-105.635811136054, 40.1009096563098], [-105.635945270696, 40.1011747895662], [-105.636049956766, 40.1014974136014], [-105.636063645294, 40.1017407236057], [-105.636514141426, 40.1025411409285], [-105.63638312843, 40.1030482250415], [-105.636159510806, 40.1034641725589], [-105.636121644122, 40.1043361362712], [-105.636083027345, 40.104832972774], [-105.636362773504, 40.106069550835], [-105.636562126734, 40.1067181856294], [-105.636629406955, 40.1073466989994], [-105.636445468816, 40.1078031534568], [-105.636234754593, 40.1080771435223], [-105.635720266074, 40.108310936934], [-105.635628323504, 40.1085543709742], [-105.635972438445, 40.10895950982], [-105.635986512351, 40.1093954527015], [-105.635696850587, 40.1098114747721], [-105.635565492638, 40.1101563419312], [-105.635462038159, 40.1112514304757], [-105.635199557619, 40.1120628250685], [-105.634910923528, 40.1130060513006], [-105.634515758228, 40.1135033019476], [-105.634106784025, 40.1136964109964], [-105.63342014506, 40.1137073446362], [-105.632852092695, 40.1135863366593], [-105.632244741732, 40.1136275877635], [-105.631716523361, 40.113618052849], [-105.630977394037, 40.1138013882937], [-105.630251602898, 40.1140556730634], [-105.629882363875, 40.1143196923027], [-105.629777284343, 40.1146138289828], [-105.629870802558, 40.1151814841034], [-105.629897889458, 40.1155363038458], [-105.62970021518, 40.1157494367575], [-105.629357935497, 40.1163074413801], [-105.629095169294, 40.1170174368529], [-105.628686600231, 40.117443712646], [-105.628238197174, 40.1177585071667], [-105.627842957313, 40.1182557361166], [-105.627552997309, 40.1185602136519], [-105.627038268042, 40.118722997301], [-105.626510143096, 40.1187844086735], [-105.62681455879, 40.1191490631873], [-105.627541842929, 40.1196551916076], [-105.627978484344, 40.1201008060197], [-105.628145704836, 40.1205502725794], [-105.628204708878, 40.1210130261716], [-105.628020524601, 40.1213883579668], [-105.627717345887, 40.1216928510119], [-105.627480102617, 40.121946577345], [-105.62753345985, 40.1222303985898], [-105.627864236606, 40.1225544669409], [-105.62826093533, 40.1228176295777], [-105.628591927682, 40.1232532198562], [-105.628698368161, 40.1236687827942], [-105.628553800486, 40.1240440703916], [-105.628356650824, 40.124551218814], [-105.628199330665, 40.125169845196], [-105.62693806726, 40.1251857411176], [-105.623379146022, 40.1252241799437], [-105.618069386735, 40.1251806437352], [-105.606183177136, 40.1253848148628], [-105.592395112809, 40.1256399904751], [-105.580257843851, 40.1258721100319], [-105.569784574599, 40.1260512671329], [-105.557264130156, 40.1262710620584], [-105.552456689013, 40.1263645924168], [-105.543171939392, 40.1265306516216], [-105.531668265679, 40.1266661790023], [-105.523109823727, 40.1267797324561], [-105.511672089949, 40.126811870412], [-105.504156989098, 40.1268428008361], [-105.499745664572, 40.126457610239], [-105.495268346211, 40.1261634952558], [-105.490592931365, 40.1260415464429], [-105.486009975618, 40.1259701132036], [-105.479525138194, 40.1259894213483], [-105.477319517253, 40.1259484559291], [-105.476778017291, 40.1259382097623], [-105.476210081707, 40.125988786673], [-105.471693662377, 40.1262203431745], [-105.446994427047, 40.1271247319894], [-105.446345096912, 40.1298618415669], [-105.446130893632, 40.1334913421779], [-105.445917207782, 40.1364415587313], [-105.445869700378, 40.138349768956], [-105.445808181951, 40.1406490001695], [-105.445740151636, 40.1431329096944], [-105.445712903937, 40.1441670277417], [-105.43000335759, 40.1437016080702], [-105.420540228604, 40.1436609046587]]]}, "properties": {"SchName": "Nederland", "SchCode": 503, "SchType": "Middle", "StdtPop": 0}}, {"type": "Feature", "id": 9, "geometry": {"type": "Polygon", "coordinates": [[[-105.131462219257, 40.0871880915358], [-105.131398666146, 40.0835606658548], [-105.121825846576, 40.0836909914286], [-105.121773237639, 40.0801257707759], [-105.112997676477, 40.080191232438], [-105.113072004881, 40.0798522187179], [-105.112231143147, 40.0798622140739], [-105.11192264461, 40.0795308062755], [-105.112255788427, 40.0730504766647], [-105.112255796512, 40.0730501205849], [-105.112241259974, 40.0713518848953], [-105.112241257279, 40.0713515288066], [-105.11223785985, 40.0709546379822], [-105.112237854461, 40.0709542825789], [-105.112231586915, 40.0706602733704], [-105.112231579728, 40.0706599172782], [-105.112220451399, 40.0701378798971], [-105.112220451399, 40.0701375244896], [-105.112235579926, 40.0694111239525], [-105.112235583519, 40.0694107678537], [-105.112259784133, 40.0618551169503], [-105.112259785032, 40.0618547614995], [-105.112263795111, 40.0611500832435], [-105.112263793314, 40.0611497277891], [-105.112226320092, 40.0575032032071], [-105.112226318296, 40.0575028470461], [-105.112288679343, 40.0465431788108], [-105.112288678444, 40.0465428232802], [-105.112259569436, 40.0401531390716], [-105.112259568538, 40.0401527835076], [-105.112259321501, 40.0400988622461], [-105.112259322399, 40.0400985066819], [-105.112355959564, 40.0401001964717], [-105.112429846895, 40.0401009516158], [-105.11688013944, 40.0401646863024], [-105.117522910975, 40.0401529038629], [-105.121624549392, 40.0401945777344], [-105.131144167138, 40.0401980006371], [-105.131144247986, 40.0401980006371], [-105.131144330631, 40.0401980013248], [-105.131144493226, 40.0401980006371], [-105.131144820213, 40.0401980006371], [-105.131145474186, 40.0401980013248], [-105.131146780337, 40.0401980020125], [-105.131149394434, 40.0401980020125], [-105.131154621731, 40.040198003388], [-105.131165070036, 40.040198006139], [-105.131162306818, 40.0401036269444], [-105.131162302327, 40.0401032713801], [-105.13122722986, 40.0401034350635], [-105.131226973841, 40.040096282514], [-105.131226961264, 40.0400959269498], [-105.131226839093, 40.040092528113], [-105.131226826517, 40.0400921725488], [-105.13122677172, 40.0400906512563], [-105.131226760042, 40.0400902950043], [-105.131226738482, 40.0400897124841], [-105.131226725906, 40.040089356232], [-105.131226722312, 40.0400892427541], [-105.131226714227, 40.0400890089207], [-105.131226709736, 40.0400888899408], [-105.131226707939, 40.0400888335457], [-105.131226706143, 40.0400887737118], [-105.131226701651, 40.0400886533564], [-105.131226698058, 40.040088535752], [-105.131226695363, 40.0400884772936], [-105.131226693566, 40.0400884181475], [-105.131066665885, 40.0356017059277], [-105.131066658698, 40.03560135034], [-105.131082301062, 40.0327112724814], [-105.131082302859, 40.0327109168787], [-105.131026619888, 40.0318528585196], [-105.13100803105, 40.0292630594075], [-105.131008028355, 40.0292627037868], [-105.131004691113, 40.0285418849368], [-105.131004690215, 40.0285415293123], [-105.131031062057, 40.023669311347], [-105.131031063854, 40.0236689550092], [-105.131079663609, 40.0146881392893], [-105.131079660015, 40.0146877835926], [-105.131050529447, 40.0136766961466], [-105.131050523159, 40.0136763404446], [-105.131042154454, 40.0127667328469], [-105.131042152657, 40.0127663771402], [-105.131068308005, 40.0079323806119], [-105.13106830531, 40.00793202488], [-105.131054522459, 40.007139836251], [-105.131054517967, 40.007139480515], [-105.131069407543, 40.0043874791406], [-105.131069405746, 40.0043871233902], [-105.13102736549, 40.0002119125142], [-105.131027361896, 40.000211556742], [-105.13102649053, 40.0001250104657], [-105.131026489632, 40.0001246546931], [-105.131083223632, 40.0001248363643], [-105.13386573636, 40.0001441781422], [-105.133866718219, 40.0001441788304], [-105.133867178156, 40.0001441795185], [-105.133867243733, 40.0001441795185], [-105.137748963789, 40.0001459714559], [-105.138152018094, 40.0001472369599], [-105.138347085461, 40.0001478487235], [-105.139680921063, 40.000172543596], [-105.14062348646, 40.0001899840089], [-105.141961034799, 40.0001839943727], [-105.141962366102, 40.0001839881793], [-105.142061276903, 40.000183543636], [-105.142065761293, 40.0001835229916], [-105.14207733878, 40.0001794484696], [-105.142087959562, 40.0001757104516], [-105.1420920451, 40.000174272223], [-105.142119845263, 40.0001644867624], [-105.142120068045, 40.0001644083135], [-105.143232753695, 40.0001630698661], [-105.14471800483, 40.0001676556828], [-105.144980102687, 40.0001656187654], [-105.145312770396, 40.0001630327061], [-105.145504209468, 40.0001625097138], [-105.145768295297, 40.0001607803984], [-105.146052846545, 40.0001572749733], [-105.146128119077, 40.0001566893595], [-105.14662421549, 40.0001528274736], [-105.146726522821, 40.0001520305983], [-105.14733682475, 40.0001472761844], [-105.147376227553, 40.0001469692704], [-105.147915502388, 40.0001427646863], [-105.148337395263, 40.0001394739625], [-105.148428401788, 40.0001387644819], [-105.149326308338, 40.0001317550057], [-105.150335729952, 40.0001238653872], [-105.15134656192, 40.0001168373294], [-105.151346627497, 40.0001168380176], [-105.15194266957, 40.000116101699], [-105.15197742449, 40.0001160631626], [-105.152679454291, 40.0001152951892], [-105.161604351386, 40.000170069705], [-105.162836346781, 39.9956496256787], [-105.164266525799, 39.993016040242], [-105.165078099759, 39.991673876609], [-105.166067563502, 39.9904809892061], [-105.166066515168, 39.9902876656301], [-105.166062850041, 39.9896116747319], [-105.166053002709, 39.9877953631203], [-105.166049624145, 39.9871720848683], [-105.166048099704, 39.9868911640301], [-105.166047537359, 39.9867872747379], [-105.166038599122, 39.9862262106368], [-105.1660213344, 39.9851424991161], [-105.166005851937, 39.9841706248275], [-105.165989463072, 39.9831418340694], [-105.165957794764, 39.9822636575872], [-105.165901085018, 39.9806910354493], [-105.165887281506, 39.9803082559223], [-105.16583040108, 39.9787308129119], [-105.165830130687, 39.9787233152537], [-105.165850293374, 39.9786933886305], [-105.165855920421, 39.978683790769], [-105.16586567882, 39.9786838217454], [-105.165873000987, 39.9786838444614], [-105.165879787759, 39.9786838658007], [-105.165881789206, 39.978683871996], [-105.165886521531, 39.9786838857632], [-105.166039244112, 39.9786843283814], [-105.166307382241, 39.9786851048563], [-105.169117320535, 39.9786932055256], [-105.171823484549, 39.9787009420495], [-105.175309371856, 39.9786832393893], [-105.175312876184, 39.9741816049366], [-105.17532183598, 39.9722990418383], [-105.18268502992, 39.9723085986024], [-105.182689980536, 39.9723086047982], [-105.182690022757, 39.9723063109547], [-105.182692902755, 39.9721489621907], [-105.182731128766, 39.970060035284], [-105.182770102174, 39.968158933138], [-105.184418994913, 39.9681127174935], [-105.184403599585, 39.9673025844194], [-105.184411936849, 39.9655000218364], [-105.184800669314, 39.9656413887131], [-105.18530750778, 39.9658257028606], [-105.186196905489, 39.9661491282157], [-105.187325401488, 39.9665594865759], [-105.192441111198, 39.9684195275694], [-105.193909375191, 39.9689533191961], [-105.195312243627, 39.9695072687987], [-105.197626237324, 39.9704209341522], [-105.203639178052, 39.9727947746648], [-105.20378327501, 39.9730028806499], [-105.203893236885, 39.9731616855212], [-105.204038176463, 39.9733710054464], [-105.204686306449, 39.9743070075721], [-105.204866946873, 39.9745678752676], [-105.205348856192, 39.9752638044202], [-105.206037640334, 39.9762584540776], [-105.206560527203, 39.9770135131158], [-105.206770811133, 39.9773171621338], [-105.207334026969, 39.9781304297505], [-105.207799303082, 39.9788022574582], [-105.208182730096, 39.9793558904444], [-105.208182751656, 39.9793559221088], [-105.208182773215, 39.9793559530849], [-105.208313566124, 39.9795448016218], [-105.209139276872, 39.9807370057988], [-105.209263181499, 39.9809159012283], [-105.209829050958, 39.9817329008362], [-105.210284624368, 39.9823906395571], [-105.211198544287, 39.9837100771445], [-105.21175629028, 39.9845152733191], [-105.211933849483, 39.9847739125546], [-105.212101806593, 39.9850231197202], [-105.21238059425, 39.9854246474943], [-105.212676409473, 39.9858676603998], [-105.212848883313, 39.9860925435564], [-105.213016196331, 39.9860868321293], [-105.212859212142, 39.9924229360279], [-105.212077046329, 39.9957609965933], [-105.212910947017, 39.9965334762139], [-105.213025921492, 39.9999583855049], [-105.220749930054, 39.9997242524389], [-105.220544418873, 40.0146235909691], [-105.220544301194, 40.0146346031287], [-105.225912398872, 40.0146209428492], [-105.227049242017, 40.0146180181524], [-105.22791514339, 40.0146157828336], [-105.234463866303, 40.0145986653389], [-105.23462587477, 40.0145982380895], [-105.238577589756, 40.0145877226617], [-105.239334556028, 40.0145856930546], [-105.239998808977, 40.0145839090643], [-105.240007687027, 40.0145838849842], [-105.240016565975, 40.0145838609042], [-105.240494865863, 40.0145825729636], [-105.240607596346, 40.0145814769757], [-105.241961348496, 40.0145786121334], [-105.244258265219, 40.0145723705745], [-105.244268200586, 40.0150585025004], [-105.244309823127, 40.0170948632861], [-105.244332723878, 40.0182152743611], [-105.244394976229, 40.021260643289], [-105.244457206122, 40.0243048616393], [-105.244457209716, 40.0243050129782], [-105.24445721241, 40.0243051643172], [-105.244460023239, 40.0244424588953], [-105.244462967916, 40.0245864540468], [-105.24446570688, 40.0247204495773], [-105.241810576157, 40.0250738353952], [-105.23816869191, 40.0256578193358], [-105.229278675499, 40.026960805487], [-105.229208895266, 40.0269695628567], [-105.229111583466, 40.0269817816247], [-105.229013164942, 40.0269941537871], [-105.228899431939, 40.0270084636972], [-105.22876813238, 40.0270249878805], [-105.226937197846, 40.0272764477322], [-105.226542072072, 40.0273307099998], [-105.226151758572, 40.027384309802], [-105.226054731538, 40.0273976339079], [-105.22571366548, 40.0274444698051], [-105.225509866488, 40.0274724545271], [-105.225442535062, 40.0274817009085], [-105.225426234233, 40.0277992358231], [-105.225407972382, 40.0281549547537], [-105.225405272046, 40.0282524919629], [-105.225403646994, 40.0283111709169], [-105.225401854855, 40.028375879631], [-105.225400105835, 40.0284390763615], [-105.225390745389, 40.028777113973], [-105.225382002087, 40.0290928895124], [-105.225359964616, 40.029157549335], [-105.225355226003, 40.0291576153692], [-105.224934805467, 40.0291635178569], [-105.224811030197, 40.0291652464376], [-105.224365779328, 40.0291714804709], [-105.223934608653, 40.0291775157135], [-105.223929641868, 40.0291775851869], [-105.223929117252, 40.029177589314], [-105.221779481116, 40.0291876567634], [-105.2209041645, 40.0291959619264], [-105.220903598562, 40.0292347823939], [-105.220879202115, 40.030907387242], [-105.220868725064, 40.0316257145342], [-105.220863616345, 40.0319758888833], [-105.220861983208, 40.0320878890491], [-105.220858803172, 40.0323058160334], [-105.220856101039, 40.0324911265036], [-105.22085413283, 40.0326260268113], [-105.220854109474, 40.0326864903347], [-105.220854088813, 40.0327363778942], [-105.220854064558, 40.032795485629], [-105.220854042999, 40.0328496472116], [-105.22085401066, 40.0329305607281], [-105.220854340341, 40.0329990308568], [-105.220854649362, 40.0330297714441], [-105.220854652955, 40.0330300142433], [-105.220855065282, 40.0330701159935], [-105.22085523147, 40.0330864440564], [-105.220855257521, 40.0330888073917], [-105.22085530064, 40.0330924480009], [-105.22085546593, 40.0331067841444], [-105.220855672543, 40.0331246845448], [-105.220855968089, 40.0331500422336], [-105.220856048937, 40.033156643196], [-105.220856122599, 40.0331623314272], [-105.22085621243, 40.033169406293], [-105.22085628699, 40.0331748764858], [-105.220856352568, 40.0331799745702], [-105.220856531332, 40.0331930629993], [-105.220857105356, 40.0332352239698], [-105.220857114339, 40.0332358113633], [-105.220857116135, 40.0332359324186], [-105.220857165543, 40.0332391101209], [-105.220857270646, 40.0332459855127], [-105.22085788689, 40.0332861215266], [-105.220871399349, 40.0341641535972], [-105.220873554407, 40.0343041644155], [-105.220874372772, 40.0343574113976], [-105.220877277025, 40.0345461133436], [-105.220878083713, 40.0345985340882], [-105.220879047605, 40.0346779488774], [-105.220879659358, 40.034727458754], [-105.22088127363, 40.0348291367398], [-105.220883378383, 40.034953116397], [-105.220884042238, 40.0349922148967], [-105.220885124708, 40.0350559983772], [-105.220895625115, 40.0357382796638], [-105.220942559394, 40.0387875809848], [-105.220957546886, 40.0397612858313], [-105.22083508136, 40.0397646392933], [-105.242428286493, 40.0401215454528], [-105.238057905381, 40.0467198106021], [-105.228126302279, 40.0543355680916], [-105.21683376859, 40.063851813452], [-105.206860752256, 40.0744394726027], [-105.206886789925, 40.0744863985428], [-105.205224594035, 40.0758506063004], [-105.204582124334, 40.076377876904], [-105.201443969483, 40.0791350271369], [-105.197504932421, 40.0825565997648], [-105.197405070304, 40.0826299996517], [-105.197446533843, 40.0771829930808], [-105.197411292934, 40.0770340547534], [-105.19746259572, 40.0762475318328], [-105.197188061586, 40.0761124587005], [-105.197345693461, 40.0756770422036], [-105.197375915482, 40.0755951998961], [-105.197453315225, 40.0754561338057], [-105.197745968378, 40.0750327253002], [-105.19780533534, 40.0749507736102], [-105.198012831798, 40.0748120478391], [-105.19760625969, 40.074634030202], [-105.197378667021, 40.0744958035241], [-105.197847766364, 40.0740399030921], [-105.197853455395, 40.0737187814837], [-105.197859598973, 40.0728143699379], [-105.193856530896, 40.0728038222405], [-105.188537569268, 40.0727945077645], [-105.188085446287, 40.0727916474295], [-105.182979756385, 40.0727826532874], [-105.180759622263, 40.0727765339155], [-105.17849895346, 40.0727735354093], [-105.1759525117, 40.0727680539581], [-105.159642382297, 40.072740309862], [-105.150178857154, 40.0727420909563], [-105.150178857154, 40.0727424594112], [-105.15016031952, 40.078589820689], [-105.15006438304, 40.0829766610134], [-105.15005188478, 40.0854092920051], [-105.150046017883, 40.0865511391324], [-105.149978320843, 40.0871466883193], [-105.131462219257, 40.0871880915358]]]}, "properties": {"SchName": "Platt", "SchCode": 260, "SchType": "Middle", "StdtPop": 0}}, {"type": "Feature", "id": 10, "geometry": {"type": "Polygon", "coordinates": [[[-105.270485736071, 39.9898566115433], [-105.269854409073, 39.9892946496982], [-105.263489277549, 39.9892817668967], [-105.263020339903, 39.9892808040245], [-105.258143383531, 39.9892706756272], [-105.25762755203, 39.9892695923098], [-105.257064826675, 39.9892684078185], [-105.256334882624, 39.9892668668098], [-105.25589394816, 39.9890208018903], [-105.255232348835, 39.9886515885973], [-105.255165736062, 39.988614412707], [-105.254445364459, 39.9882123902327], [-105.250004009253, 39.985733567941], [-105.236106641514, 39.9858330042088], [-105.234814355689, 39.9866638166933], [-105.234334929314, 39.9864342543834], [-105.233657794524, 39.9861398641363], [-105.232884988258, 39.9857770460312], [-105.232476044598, 39.9855850506288], [-105.232398996994, 39.9855488766039], [-105.231912339181, 39.9853203918626], [-105.23110038703, 39.984939173182], [-105.231024385065, 39.9849034895741], [-105.230201880404, 39.9845173045085], [-105.229876763933, 39.9843646526456], [-105.229294861344, 39.9840914272674], [-105.228733866144, 39.9838280133787], [-105.228635096378, 39.9837816369394], [-105.227840896734, 39.983408714213], [-105.227462104128, 39.9832308453981], [-105.227240244507, 39.9831229479619], [-105.227237690597, 39.98341041229], [-105.227233707467, 39.9838586233119], [-105.227230006408, 39.9842751134853], [-105.227226528131, 39.984666429161], [-105.227220806761, 39.9853102862802], [-105.227220778913, 39.985313382242], [-105.227220751065, 39.9853164788921], [-105.227217217093, 39.9857140823581], [-105.227214344281, 39.9860372924654], [-105.226576881789, 39.9860154392504], [-105.226572108142, 39.9860152761256], [-105.226567333596, 39.9860151123125], [-105.225412947252, 39.9859755300995], [-105.22453469045, 39.9859454077365], [-105.220852900342, 39.9858190566545], [-105.215401349174, 39.9860053895223], [-105.214078262813, 39.9860505737104], [-105.213016196331, 39.9860868321293], [-105.212848883313, 39.9860925435564], [-105.212676409473, 39.9858676603998], [-105.21238059425, 39.9854246474943], [-105.212101806593, 39.9850231197202], [-105.211933849483, 39.9847739125546], [-105.21175629028, 39.9845152733191], [-105.211198544287, 39.9837100771445], [-105.210284624368, 39.9823906395571], [-105.209829050958, 39.9817329008362], [-105.209263181499, 39.9809159012283], [-105.209139276872, 39.9807370057988], [-105.208313566124, 39.9795448016218], [-105.208182773215, 39.9793559530849], [-105.208182751656, 39.9793559221088], [-105.208182730096, 39.9793558904444], [-105.207799303082, 39.9788022574582], [-105.207334026969, 39.9781304297505], [-105.206770811133, 39.9773171621338], [-105.206560527203, 39.9770135131158], [-105.206037640334, 39.9762584540776], [-105.205348856192, 39.9752638044202], [-105.204866946873, 39.9745678752676], [-105.204686306449, 39.9743070075721], [-105.204038176463, 39.9733710054464], [-105.203893236885, 39.9731616855212], [-105.20378327501, 39.9730028806499], [-105.203639178052, 39.9727947746648], [-105.197626237324, 39.9704209341522], [-105.195312243627, 39.9695072687987], [-105.194766480261, 39.9692917670733], [-105.194042239615, 39.9690057841278], [-105.19405964088, 39.968295791242], [-105.194067339442, 39.9664004735889], [-105.194064446867, 39.9650302566559], [-105.194072568535, 39.9641736105542], [-105.194063492856, 39.9621398632404], [-105.194052638512, 39.9607812014515], [-105.194086352285, 39.9575190710076], [-105.203470015402, 39.9572237946247], [-105.203494196253, 39.9549088509478], [-105.20351417209, 39.9503109394362], [-105.203518826261, 39.9499951830696], [-105.203497307119, 39.9435152928629], [-105.203496258785, 39.9432658737469], [-105.203495996477, 39.9432036078431], [-105.203495783576, 39.9431529048372], [-105.203465785236, 39.9360145130402], [-105.203465578623, 39.9359655563112], [-105.20353896649, 39.9359657450408], [-105.217531148712, 39.9360009059163], [-105.217497049562, 39.928649842283], [-105.217496299469, 39.9285891089009], [-105.217420052264, 39.9285532829036], [-105.217404321865, 39.9284848761175], [-105.217389422408, 39.9208775397061], [-105.217387513488, 39.9206741735179], [-105.217356577306, 39.9173791532403], [-105.217428682379, 39.9141940643788], [-105.26015951654, 39.914150351287], [-105.276507948311, 39.9139411532714], [-105.295640131587, 39.9139421110036], [-105.30479116069, 39.9141099392348], [-105.314073573793, 39.9140847461129], [-105.322697793983, 39.9140070982676], [-105.323345985054, 39.9140080945838], [-105.323876454602, 39.9140089069328], [-105.323942762847, 39.914009008218], [-105.323958811249, 39.9194393611855], [-105.323930745185, 39.9221067808762], [-105.323950737192, 39.9225708754255], [-105.32394565632, 39.9245414482466], [-105.324107640532, 39.9283013561817], [-105.324199192335, 39.9283378429383], [-105.324202225047, 39.9284082358846], [-105.324204662176, 39.9284647872986], [-105.331262078577, 39.9312567858948], [-105.332672489268, 39.931783508074], [-105.335441432944, 39.9328175029829], [-105.335908199362, 39.9330056789723], [-105.335908588333, 39.9330058360242], [-105.335909914246, 39.9330063705518], [-105.335151840351, 39.9337744939956], [-105.3347395325, 39.9341860708841], [-105.334235321606, 39.9346893793223], [-105.334056353845, 39.9348680246762], [-105.333402217723, 39.9355209718718], [-105.33258969065, 39.9363319980517], [-105.331958335804, 39.9369621697175], [-105.328776151826, 39.9401381589878], [-105.328165355824, 39.9407477220697], [-105.327678813893, 39.941233272648], [-105.327303274086, 39.9416080398796], [-105.326893156328, 39.9420173092346], [-105.326295808105, 39.942613409552], [-105.326099414825, 39.9428093894158], [-105.325926212451, 39.9429822262277], [-105.325886825818, 39.943021528924], [-105.325866389145, 39.9430419233959], [-105.325844370539, 39.9430638957259], [-105.325838565626, 39.9430696878851], [-105.325833731791, 39.943074511011], [-105.325832424743, 39.9430757941015], [-105.325830403533, 39.9430777790005], [-105.325825642462, 39.9430824023962], [-105.32570140995, 39.9432030658192], [-105.325082970182, 39.9438037302543], [-105.32465719928, 39.9442172557971], [-105.324657160653, 39.9442172943649], [-105.320521408713, 39.9482337585697], [-105.318695714052, 39.9500065961167], [-105.316781968324, 39.9518648059689], [-105.314263542323, 39.9543099456332], [-105.313631644894, 39.9549308139576], [-105.311359002447, 39.9571975686604], [-105.309460501129, 39.959091001386], [-105.307505182267, 39.9610409585083], [-105.305566864022, 39.9629738177185], [-105.303716203383, 39.964819132783], [-105.303562168363, 39.9649727164768], [-105.303409191558, 39.9651252464193], [-105.303333342307, 39.9652008713022], [-105.303228711035, 39.9653051954981], [-105.303202202649, 39.9653316262795], [-105.303202045444, 39.9653317825687], [-105.303181980674, 39.9653517889607], [-105.303172014764, 39.9653617260587], [-105.303171090397, 39.965362646581], [-105.303159355705, 39.9653743469215], [-105.303149413151, 39.9653842606073], [-105.303144262211, 39.9653893954264], [-105.303137265234, 39.9653963712889], [-105.303125522456, 39.9654080798856], [-105.303107690898, 39.9654258596536], [-105.303100780158, 39.9654327494502], [-105.303092496793, 39.9654410086678], [-105.303091629021, 39.9654418741093], [-105.303090975945, 39.965442524051], [-105.303089965341, 39.9654435326999], [-105.303088891854, 39.9654446026251], [-105.303087839927, 39.9654456525839], [-105.303086858068, 39.9654466309389], [-105.303085693852, 39.9654477910572], [-105.303085490832, 39.965447988656], [-105.303085016522, 39.9654484499494], [-105.303084349972, 39.9654490909406], [-105.303069004052, 39.9654638516371], [-105.30285550056, 39.9656692245835], [-105.3026806381, 39.9658374251537], [-105.302477193044, 39.9660331174747], [-105.300463003989, 39.9679704793022], [-105.298248023501, 39.9701008067212], [-105.296678420562, 39.9716103152], [-105.294917016529, 39.9733041758864], [-105.293118794146, 39.9750333288491], [-105.292999236467, 39.975150731405], [-105.292740424647, 39.9754048757464], [-105.292667394309, 39.9754765888026], [-105.291636294551, 39.9764934468382], [-105.290505016469, 39.9776158769077], [-105.289295134004, 39.9788162415514], [-105.286177639506, 39.981908960485], [-105.284130851488, 39.983939283115], [-105.282260523134, 39.9857944281741], [-105.280991217112, 39.9857831422398], [-105.279687105864, 39.9857715321178], [-105.278185253863, 39.9857581427565], [-105.277672833266, 39.9857535704264], [-105.277300438461, 39.9857502459712], [-105.277154709264, 39.9857489450973], [-105.277060331362, 39.985749007732], [-105.277244346757, 39.9892916096656], [-105.272454586256, 39.9892198168166], [-105.27230655288, 39.9892295267607], [-105.272144595617, 39.9892401493333], [-105.272003481964, 39.9892494057125], [-105.271975007167, 39.9892512729559], [-105.271949301875, 39.9892529598756], [-105.271940524436, 39.989253535259], [-105.271939328778, 39.9892536130321], [-105.271935182155, 39.9892538800761], [-105.27193461981, 39.9892539158655], [-105.271927694697, 39.9892542930308], [-105.271927339863, 39.989254312302], [-105.271913159058, 39.9892550838389], [-105.271835667686, 39.9892592994172], [-105.271732663262, 39.9892649032109], [-105.271732599482, 39.9892649073404], [-105.271537686625, 39.9892755113245], [-105.271516724438, 39.989276651079], [-105.271512015469, 39.9892793001819], [-105.271507305602, 39.9892819492849], [-105.271384162746, 39.9893512223607], [-105.270547381161, 39.9899114830719], [-105.270485736071, 39.9898566115433]]]}, "properties": {"SchName": "Southern Hills", "SchCode": 270, "SchType": "Middle", "StdtPop": 0}}, {"type": "Feature", "id": 11, "geometry": {"type": "Polygon", "coordinates": [[[-105.296230085776, 40.0135693222231], [-105.295666647159, 40.0132790531923], [-105.294015783517, 40.0136361172116], [-105.293179393597, 40.0138170097717], [-105.29214923707, 40.0136900415059], [-105.291203485349, 40.0135734674993], [-105.290124142467, 40.0130915081418], [-105.287929195309, 40.0133538803505], [-105.285977889222, 40.0133502751527], [-105.28381660014, 40.013719844091], [-105.283656445796, 40.0138832066375], [-105.283190362996, 40.0143586195438], [-105.283047056555, 40.0143775761348], [-105.280847002474, 40.0146685821592], [-105.280696825719, 40.0146978868922], [-105.279131198722, 40.0149108745573], [-105.278804809338, 40.0137807199779], [-105.278590145223, 40.0138425149917], [-105.276715847214, 40.0105694880733], [-105.272122223974, 40.0104943523711], [-105.269698367216, 40.0081895282068], [-105.261331254742, 40.0081265611125], [-105.260736920367, 40.0083140200359], [-105.259155755211, 40.0083139395322], [-105.258742572401, 40.0081717733265], [-105.258687689829, 40.0129006112335], [-105.258445746574, 40.0145486076503], [-105.258325243867, 40.0145491752526], [-105.258287864069, 40.0222115446131], [-105.249833116448, 40.0241253609981], [-105.248959342239, 40.0240630586777], [-105.244504666814, 40.024646020795], [-105.244258265219, 40.0145723705745], [-105.241961348496, 40.0145786121334], [-105.240607596346, 40.0145814769757], [-105.240494865863, 40.0145825729636], [-105.240016565975, 40.0145838609042], [-105.240007687027, 40.0145838849842], [-105.239998808977, 40.0145839090643], [-105.239334556028, 40.0145856930546], [-105.238577589756, 40.0145877226617], [-105.23462587477, 40.0145982380895], [-105.234463866303, 40.0145986653389], [-105.22791514339, 40.0146157828336], [-105.227049242017, 40.0146180181524], [-105.225912398872, 40.0146209428492], [-105.220544301194, 40.0146346031287], [-105.220544418873, 40.0146235909691], [-105.22070254033, 39.9998605029999], [-105.212804187636, 39.9998691991615], [-105.212826137071, 39.996385427639], [-105.212081929571, 39.9958398730029], [-105.212851037473, 39.9924329166776], [-105.212890894824, 39.9861059817207], [-105.220852900342, 39.9858190566545], [-105.22453469045, 39.9859454077365], [-105.225412947252, 39.9859755300995], [-105.226567333596, 39.9860151123125], [-105.226572108142, 39.9860152761256], [-105.226576881789, 39.9860154392504], [-105.227214344281, 39.9860372924654], [-105.227217217093, 39.9857140823581], [-105.227220751065, 39.9853164788921], [-105.227220778913, 39.985313382242], [-105.227220806761, 39.9853102862802], [-105.227226528131, 39.984666429161], [-105.227230006408, 39.9842751134853], [-105.227233707467, 39.9838586233119], [-105.227237690597, 39.98341041229], [-105.227240244507, 39.9831229479619], [-105.227462104128, 39.9832308453981], [-105.227840896734, 39.983408714213], [-105.228635096378, 39.9837816369394], [-105.228733866144, 39.9838280133787], [-105.229294861344, 39.9840914272674], [-105.229876763933, 39.9843646526456], [-105.230201880404, 39.9845173045085], [-105.231024385065, 39.9849034895741], [-105.23110038703, 39.984939173182], [-105.231912339181, 39.9853203918626], [-105.232398996994, 39.9855488766039], [-105.232476044598, 39.9855850506288], [-105.232884988258, 39.9857770460312], [-105.233657794524, 39.9861398641363], [-105.234334929314, 39.9864342543834], [-105.234814355689, 39.9866638166933], [-105.236106641514, 39.9858330042088], [-105.250004009253, 39.985733567941], [-105.254445364459, 39.9882123902327], [-105.255165736062, 39.988614412707], [-105.255232348835, 39.9886515885973], [-105.25589394816, 39.9890208018903], [-105.256334882624, 39.9892668668098], [-105.257064826675, 39.9892684078185], [-105.25762755203, 39.9892695923098], [-105.258143383531, 39.9892706756272], [-105.263020339903, 39.9892808040245], [-105.263489277549, 39.9892817668967], [-105.269854409073, 39.9892946496982], [-105.270485736071, 39.9898566115433], [-105.270547381161, 39.9899114830719], [-105.271384162746, 39.9893512223607], [-105.271507305602, 39.9892819492849], [-105.271512015469, 39.9892793001819], [-105.271516724438, 39.989276651079], [-105.271537686625, 39.9892755113245], [-105.271732599482, 39.9892649073404], [-105.271732663262, 39.9892649032109], [-105.271835667686, 39.9892592994172], [-105.271913159058, 39.9892550838389], [-105.271927339863, 39.989254312302], [-105.271927694697, 39.9892542930308], [-105.27193461981, 39.9892539158655], [-105.271935182155, 39.9892538800761], [-105.271939328778, 39.9892536130321], [-105.271940524436, 39.989253535259], [-105.271949301875, 39.9892529598756], [-105.271975007167, 39.9892512729559], [-105.272003481964, 39.9892494057125], [-105.272144595617, 39.9892401493333], [-105.27230655288, 39.9892295267607], [-105.272454586256, 39.9892198168166], [-105.27723470424, 39.9892893150156], [-105.277070365544, 39.9857677141575], [-105.277112061746, 39.9857485644713], [-105.277154709264, 39.9857489450973], [-105.277300438461, 39.9857502459712], [-105.277672833266, 39.9857535704264], [-105.278185253863, 39.9857581427565], [-105.279687105864, 39.9857715321178], [-105.280991217112, 39.9857831422398], [-105.282260523134, 39.9857944281741], [-105.284130851488, 39.983939283115], [-105.286177639506, 39.981908960485], [-105.289295134004, 39.9788162415514], [-105.290505016469, 39.9776158769077], [-105.291636294551, 39.9764934468382], [-105.292667394309, 39.9754765888026], [-105.292740424647, 39.9754048757464], [-105.292999236467, 39.975150731405], [-105.293118794146, 39.9750333288491], [-105.294917016529, 39.9733041758864], [-105.296678420562, 39.9716103152], [-105.298248023501, 39.9701008067212], [-105.300463003989, 39.9679704793022], [-105.302477193044, 39.9660331174747], [-105.3026806381, 39.9658374251537], [-105.30285550056, 39.9656692245835], [-105.303069004052, 39.9654638516371], [-105.303084349972, 39.9654490909406], [-105.303085016522, 39.9654484499494], [-105.303085490832, 39.965447988656], [-105.303085693852, 39.9654477910572], [-105.303086858068, 39.9654466309389], [-105.303087839927, 39.9654456525839], [-105.303088891854, 39.9654446026251], [-105.303089965341, 39.9654435326999], [-105.303090975945, 39.965442524051], [-105.303091629021, 39.9654418741093], [-105.303092496793, 39.9654410086678], [-105.303100780158, 39.9654327494502], [-105.303107690898, 39.9654258596536], [-105.303125522456, 39.9654080798856], [-105.303137265234, 39.9653963712889], [-105.303144262211, 39.9653893954264], [-105.303149413151, 39.9653842606073], [-105.303159355705, 39.9653743469215], [-105.303171090397, 39.965362646581], [-105.303172014764, 39.9653617260587], [-105.303181980674, 39.9653517889607], [-105.303202045444, 39.9653317825687], [-105.303202202649, 39.9653316262795], [-105.303228711035, 39.9653051954981], [-105.303333342307, 39.9652008713022], [-105.303409191558, 39.9651252464193], [-105.303562168363, 39.9649727164768], [-105.303716203383, 39.964819132783], [-105.305566864022, 39.9629738177185], [-105.307505182267, 39.9610409585083], [-105.309460501129, 39.959091001386], [-105.311359002447, 39.9571975686604], [-105.313631644894, 39.9549308139576], [-105.314263542323, 39.9543099456332], [-105.316781968324, 39.9518648059689], [-105.318695714052, 39.9500065961167], [-105.320521408713, 39.9482337585697], [-105.324657160653, 39.9442172943649], [-105.32465719928, 39.9442172557971], [-105.325082970182, 39.9438037302543], [-105.32570140995, 39.9432030658192], [-105.325825642462, 39.9430824023962], [-105.325830403533, 39.9430777790005], [-105.325832424743, 39.9430757941015], [-105.325833731791, 39.943074511011], [-105.325838565626, 39.9430696878851], [-105.325844370539, 39.9430638957259], [-105.325866389145, 39.9430419233959], [-105.325886825818, 39.943021528924], [-105.325926212451, 39.9429822262277], [-105.326099414825, 39.9428093894158], [-105.326295808105, 39.942613409552], [-105.326893156328, 39.9420173092346], [-105.327303274086, 39.9416080398796], [-105.327678813893, 39.941233272648], [-105.328165355824, 39.9407477220697], [-105.328776151826, 39.9401381589878], [-105.331958335804, 39.9369621697175], [-105.33258969065, 39.9363319980517], [-105.333402217723, 39.9355209718718], [-105.334056353845, 39.9348680246762], [-105.334235321606, 39.9346893793223], [-105.3347395325, 39.9341860708841], [-105.335151840351, 39.9337744939956], [-105.335909914246, 39.9330063705518], [-105.335910624813, 39.9330067211632], [-105.33591104792, 39.9330069284993], [-105.335912249866, 39.9330075257098], [-105.335912390003, 39.933007595281], [-105.335913131113, 39.9330079520919], [-105.335913745561, 39.9330082475975], [-105.335913814731, 39.933008280661], [-105.335914283652, 39.933008507973], [-105.335914385161, 39.9330085575683], [-105.335915248442, 39.9330089784398], [-105.335916522253, 39.9330095625627], [-105.335922079232, 39.9330121139671], [-105.335922784409, 39.933012427382], [-105.335923324297, 39.9330126794916], [-105.335923588401, 39.9330128027911], [-105.335924086966, 39.933013057656], [-105.335924802025, 39.9330134034457], [-105.335927170883, 39.9330145785795], [-105.335929517282, 39.9330157447586], [-105.335935960898, 39.933018956745], [-105.335941578961, 39.9330217581921], [-105.336647620639, 39.9333738475907], [-105.340058884895, 39.9350748677994], [-105.343381800742, 39.9368097071408], [-105.344414979201, 39.9373490746123], [-105.351589124486, 39.9410443623519], [-105.356234023563, 39.944823002926], [-105.367600411345, 39.954068555151], [-105.37017186849, 39.9561691361898], [-105.370171876575, 39.9561705546871], [-105.370171882863, 39.9561719724959], [-105.370171884659, 39.9561722561953], [-105.370171884659, 39.9561723126598], [-105.370171897236, 39.9561748088018], [-105.370174169075, 39.9566174411743], [-105.370221266847, 39.9657896429927], [-105.37019742017, 39.9783248478167], [-105.370205564296, 39.9854591428313], [-105.370441619095, 39.9856231697544], [-105.366168914498, 39.9856301077606], [-105.364421080416, 39.9856318436386], [-105.360846672223, 39.985635318836], [-105.360847893033, 39.9863494134295], [-105.358849268188, 39.9877956776608], [-105.35846191374, 39.9880621548822], [-105.358101022761, 39.9883104236452], [-105.347269929379, 39.9959353691214], [-105.341919482698, 40.0000144373517], [-105.337060137797, 40.0000372157774], [-105.336973895936, 40.0036671922644], [-105.336949070095, 40.0047358108727], [-105.336954836381, 40.0053190186124], [-105.336853912456, 40.0052768741064], [-105.336649164843, 40.0052120719233], [-105.336416891053, 40.00516287917], [-105.336172066002, 40.005138098714], [-105.335927887738, 40.0051418688009], [-105.335700059711, 40.0051739382705], [-105.335482162559, 40.0052329240087], [-105.335277058315, 40.0053160845718], [-105.335055076523, 40.0054401247461], [-105.334742101682, 40.0056960775682], [-105.334546899567, 40.0058712635082], [-105.334243820567, 40.0061432595404], [-105.334017998477, 40.0063459216557], [-105.333813081083, 40.0065296643128], [-105.333591901487, 40.0067279876145], [-105.333467043747, 40.0068389867873], [-105.333342172533, 40.0069549282537], [-105.333160147805, 40.0070858847633], [-105.332877845041, 40.0072018725995], [-105.332721053989, 40.0072321170106], [-105.33246396424, 40.0072569985419], [-105.332239098856, 40.0072421230189], [-105.332076038462, 40.0072089432768], [-105.331910152867, 40.0071631311098], [-105.331616973301, 40.0070570136917], [-105.331369078707, 40.0069720992713], [-105.331212105297, 40.0069320647497], [-105.330929075796, 40.0069080411356], [-105.3307719883, 40.006914125137], [-105.330448080063, 40.0069638856699], [-105.330243981034, 40.0070690013909], [-105.330114170882, 40.0071591265002], [-105.33001683393, 40.0072539668777], [-105.329879849832, 40.0075011062428], [-105.329809066181, 40.0076841061132], [-105.329709870614, 40.0079510665123], [-105.32959798275, 40.0081540459642], [-105.32949988223, 40.0082681005841], [-105.329195923779, 40.0084740893735], [-105.328986901084, 40.0085470764137], [-105.328802956656, 40.0085838630193], [-105.328605884249, 40.0085890606464], [-105.328391020708, 40.0085708978486], [-105.328121983365, 40.0085169660696], [-105.327909013472, 40.008455979526], [-105.327538044294, 40.0083360085458], [-105.32708485142, 40.0082631320586], [-105.326738832949, 40.008299947028], [-105.326579117881, 40.0083548856179], [-105.326441120484, 40.00843291561], [-105.326250851917, 40.0085698884601], [-105.326138072925, 40.0086979189852], [-105.32603695676, 40.0088720857737], [-105.325997047307, 40.0089829314634], [-105.325962828681, 40.0091020205927], [-105.325982106527, 40.0092420553269], [-105.326078082532, 40.0095438966935], [-105.326157122599, 40.0097145577652], [-105.326312057731, 40.0100490896579], [-105.326449014879, 40.010380914519], [-105.326474018586, 40.0106560197339], [-105.326411026024, 40.010859069579], [-105.326299899033, 40.0110378888719], [-105.32613704076, 40.0112029036211], [-105.325918893877, 40.011348892429], [-105.325599957815, 40.0115389267555], [-105.325405096162, 40.0116531064457], [-105.325146928434, 40.0118119363789], [-105.324975974544, 40.011929994721], [-105.324857140907, 40.0120489555517], [-105.324732120572, 40.0122140263387], [-105.324644990277, 40.0124991190827], [-105.324683879244, 40.0127868739634], [-105.324818984067, 40.0130050469947], [-105.325064149579, 40.0131849546117], [-105.325451085413, 40.0133518995558], [-105.325707955973, 40.013423113872], [-105.325811066398, 40.013449897569], [-105.326249958093, 40.0135438960225], [-105.326365873104, 40.013589915127], [-105.32661500378, 40.0137569230656], [-105.326765943206, 40.0139289984702], [-105.326875048089, 40.0141259923728], [-105.326920890914, 40.0143508925625], [-105.326890055344, 40.0145430093714], [-105.326722178184, 40.0148540616289], [-105.326553981223, 40.0150089122998], [-105.326374160961, 40.0151019777459], [-105.326210876887, 40.0151500474061], [-105.325846887619, 40.015220049661], [-105.325402906968, 40.0152825925985], [-105.32514507521, 40.0153189125535], [-105.325000086224, 40.0153329676024], [-105.324700143243, 40.0153478847058], [-105.324454877119, 40.0153431196541], [-105.324291040581, 40.0153280456868], [-105.324052978047, 40.0152991333817], [-105.323659836651, 40.0151818624312], [-105.323339929511, 40.0150479568716], [-105.323151383912, 40.0149594004951], [-105.322864949796, 40.014824867043], [-105.322562168138, 40.0146970255146], [-105.322369911599, 40.0146281001343], [-105.322137739319, 40.0145730854092], [-105.321851017741, 40.014544119808], [-105.321591310301, 40.0145745198944], [-105.321328017685, 40.014643864322], [-105.321007944356, 40.0147330561328], [-105.320677132566, 40.0148118782897], [-105.320276953768, 40.0147939606998], [-105.320123173869, 40.0147569359528], [-105.320005111885, 40.0147139262642], [-105.319843946038, 40.0146348879615], [-105.319774667963, 40.0145866287379], [-105.319624126491, 40.014459125949], [-105.319413146367, 40.0141820807485], [-105.319253875966, 40.0139270782369], [-105.31911198527, 40.0137160249411], [-105.319059044855, 40.0136599134781], [-105.319003044779, 40.0136000075809], [-105.318876935686, 40.0134960412673], [-105.318734015521, 40.0134041274313], [-105.318547895374, 40.0133129689123], [-105.318276864669, 40.0132246345778], [-105.31780166846, 40.0130697578419], [-105.31738533975, 40.0129340647927], [-105.317081121686, 40.0128349101652], [-105.316813047337, 40.0127515771241], [-105.316624880828, 40.0126930836258], [-105.316461824926, 40.0126560377864], [-105.316293009026, 40.012637102046], [-105.316123077419, 40.0126340857572], [-105.31586987468, 40.0126638791712], [-105.315708035995, 40.0127050730873], [-105.315555078953, 40.0127619277098], [-105.315395989113, 40.0128429311026], [-105.31525114296, 40.0129371340457], [-105.314957158503, 40.0132058441665], [-105.314746855709, 40.0133980653368], [-105.314621142773, 40.0135450057873], [-105.314515038263, 40.013702134682], [-105.314460482678, 40.0138071629695], [-105.314384161811, 40.0139845104566], [-105.314284194591, 40.0142433332502], [-105.314217839634, 40.0144151308508], [-105.314161100245, 40.0145361025105], [-105.31408402659, 40.0146510023406], [-105.31393115399, 40.0148061334883], [-105.313808097372, 40.0148940550403], [-105.313521036232, 40.015028928227], [-105.313237036549, 40.0150888638298], [-105.312957162829, 40.0150760560701], [-105.312744151614, 40.0150271215444], [-105.312539041082, 40.014962001818], [-105.312203871565, 40.0148038816637], [-105.312071984508, 40.0147108261311], [-105.311823416177, 40.0145354413397], [-105.3115125398, 40.0143172394883], [-105.311231251234, 40.0141198030612], [-105.311039683703, 40.0139853422589], [-105.310781430635, 40.0138040717393], [-105.310475898335, 40.0135896137775], [-105.310273995687, 40.0134478940726], [-105.310096280178, 40.0133179384462], [-105.309822991109, 40.0130960414888], [-105.309699132296, 40.0129591265706], [-105.309511106822, 40.012659864564], [-105.309432800679, 40.0124775137669], [-105.309301122031, 40.0121708740022], [-105.309248569689, 40.0120879646633], [-105.309195910447, 40.0120048907851], [-105.30911087682, 40.0119009812121], [-105.308986975786, 40.0117799883689], [-105.308850894495, 40.011674072841], [-105.308715070123, 40.0116041192394], [-105.308536030497, 40.0115409578293], [-105.308331942247, 40.011498068584], [-105.308087067789, 40.011486131201], [-105.307923878038, 40.0114990366472], [-105.307708826749, 40.0115458951547], [-105.30654290424, 40.0120260001821], [-105.306163080368, 40.0121390142276], [-105.305760954023, 40.0121850053823], [-105.305357291558, 40.0121630036636], [-105.305213014039, 40.0121493470175], [-105.304969644259, 40.0121263111825], [-105.304648325865, 40.012095896245], [-105.304284726465, 40.0120614783479], [-105.304020219326, 40.0120364396335], [-105.30381913145, 40.0120174025809], [-105.303528071908, 40.0119830204218], [-105.303263934875, 40.011965000261], [-105.302833935603, 40.0120199936954], [-105.302509066169, 40.0121399513205], [-105.302305874438, 40.0122809808995], [-105.302190954761, 40.0123908660754], [-105.302093854963, 40.0125109379485], [-105.302018153934, 40.0126390085551], [-105.301909914129, 40.0129070277022], [-105.301836634958, 40.013165980489], [-105.301779744651, 40.0133670200565], [-105.301737849023, 40.0135150668991], [-105.301683950106, 40.0136341150967], [-105.301593963169, 40.0137629844401], [-105.301461123898, 40.0138950741123], [-105.30134091494, 40.0139810662861], [-105.301249026269, 40.0140270266151], [-105.301006544025, 40.0141228550606], [-105.300684149449, 40.0141729199415], [-105.300535999292, 40.0141679965663], [-105.300254092685, 40.0141200170313], [-105.300001160339, 40.0140528709445], [-105.299688062428, 40.0139279698967], [-105.299430951119, 40.0138259511512], [-105.299097169498, 40.0136938751055], [-105.29897484411, 40.0136489156094], [-105.298709107177, 40.0135669196829], [-105.298436179231, 40.0135019313497], [-105.298156063864, 40.01345312573], [-105.297895168851, 40.0134241190607], [-105.297564984984, 40.0134048725508], [-105.297262939944, 40.0134070872689], [-105.29687012284, 40.0134398876545], [-105.296612937869, 40.0134839060858], [-105.296230085776, 40.0135693222231]]]}, "properties": {"SchName": "Manhattan", "SchCode": 230, "SchType": "Middle", "StdtPop": 0}}, {"type": "Feature", "id": 12, "geometry": {"type": "Polygon", "coordinates": [[[-105.351710506644, 40.0644997918731], [-105.347071922724, 40.0574901008801], [-105.343206535837, 40.0575573554773], [-105.342951853572, 40.0575617820465], [-105.340859902753, 40.0575981214324], [-105.340461172039, 40.0576050438728], [-105.339519749299, 40.0576213818746], [-105.339356719448, 40.0576242098432], [-105.338427460796, 40.0576403285061], [-105.338232831807, 40.0576437030907], [-105.337595965796, 40.0576547440591], [-105.336392279011, 40.05645535838], [-105.336106831244, 40.0561735324489], [-105.333765373355, 40.0538616645939], [-105.325629513286, 40.0457285975594], [-105.325479653636, 40.0455837826153], [-105.323531235632, 40.0436368272215], [-105.322270462707, 40.0424441511554], [-105.319802142936, 40.0401089899804], [-105.31594675879, 40.0364611649029], [-105.276252522241, 40.0360910829355], [-105.272609985817, 40.036056437792], [-105.26321586092, 40.0364592459916], [-105.258516387393, 40.0361165922098], [-105.253543941902, 40.0375268098819], [-105.244416771155, 40.0377733375444], [-105.242443396156, 40.0401165366064], [-105.240045807036, 40.0400845138176], [-105.239523855313, 40.0400738970927], [-105.234340463834, 40.0399713349197], [-105.233888368701, 40.0399666314217], [-105.228137716273, 40.039891922856], [-105.2278209191, 40.0398829456908], [-105.224440150851, 40.0397997350911], [-105.224435352051, 40.0397996821345], [-105.224430552352, 40.0397996291779], [-105.224033245468, 40.0397952482219], [-105.220957546886, 40.0397612858313], [-105.220942559394, 40.0387875809848], [-105.220895625115, 40.0357382796638], [-105.220885124708, 40.0350559983772], [-105.220884042238, 40.0349922148967], [-105.220883378383, 40.034953116397], [-105.22088127363, 40.0348291367398], [-105.220879659358, 40.034727458754], [-105.220879047605, 40.0346779488774], [-105.220878083713, 40.0345985340882], [-105.220877277025, 40.0345461133436], [-105.220874372772, 40.0343574113976], [-105.220873554407, 40.0343041644155], [-105.220871399349, 40.0341641535972], [-105.22085788689, 40.0332861215266], [-105.220857270646, 40.0332459855127], [-105.220857165543, 40.0332391101209], [-105.220857116135, 40.0332359324186], [-105.220857114339, 40.0332358113633], [-105.220857105356, 40.0332352239698], [-105.220856531332, 40.0331930629993], [-105.220856352568, 40.0331799745702], [-105.22085628699, 40.0331748764858], [-105.22085621243, 40.033169406293], [-105.220856122599, 40.0331623314272], [-105.220856048937, 40.033156643196], [-105.220855968089, 40.0331500422336], [-105.220855672543, 40.0331246845448], [-105.22085546593, 40.0331067841444], [-105.22085530064, 40.0330924480009], [-105.220855257521, 40.0330888073917], [-105.22085523147, 40.0330864440564], [-105.220855065282, 40.0330701159935], [-105.220854652955, 40.0330300142433], [-105.220854649362, 40.0330297714441], [-105.220854340341, 40.0329990308568], [-105.22085401066, 40.0329305607281], [-105.220854042999, 40.0328496472116], [-105.220854064558, 40.032795485629], [-105.220854088813, 40.0327363778942], [-105.220854109474, 40.0326864903347], [-105.22085413283, 40.0326260268113], [-105.220856101039, 40.0324911265036], [-105.220858803172, 40.0323058160334], [-105.220861983208, 40.0320878890491], [-105.220863616345, 40.0319758888833], [-105.220868725064, 40.0316257145342], [-105.220879202115, 40.030907387242], [-105.220903598562, 40.0292347823939], [-105.2209041645, 40.0291959619264], [-105.221779481116, 40.0291876567634], [-105.223929117252, 40.029177589314], [-105.223929641868, 40.0291775851869], [-105.223934608653, 40.0291775157135], [-105.224365779328, 40.0291714804709], [-105.224811030197, 40.0291652464376], [-105.224934805467, 40.0291635178569], [-105.225355226003, 40.0291576153692], [-105.225359964616, 40.029157549335], [-105.225382002087, 40.0290928895124], [-105.225390745389, 40.028777113973], [-105.225400105835, 40.0284390763615], [-105.225401854855, 40.028375879631], [-105.225403646994, 40.0283111709169], [-105.225405272046, 40.0282524919629], [-105.225407972382, 40.0281549547537], [-105.225426234233, 40.0277992358231], [-105.225442535062, 40.0274817009085], [-105.225509866488, 40.0274724545271], [-105.22571366548, 40.0274444698051], [-105.226054731538, 40.0273976339079], [-105.226151758572, 40.027384309802], [-105.226542072072, 40.0273307099998], [-105.226937197846, 40.0272764477322], [-105.22876813238, 40.0270249878805], [-105.228899431939, 40.0270084636972], [-105.229013164942, 40.0269941537871], [-105.229111583466, 40.0269817816247], [-105.229208895266, 40.0269695628567], [-105.229278675499, 40.026960805487], [-105.23816869191, 40.0256578193358], [-105.241810576157, 40.0250738353952], [-105.244483922019, 40.0246367561439], [-105.248847145355, 40.0240537801893], [-105.249693720374, 40.02411775757], [-105.253597273982, 40.0232911354455], [-105.258287864069, 40.0221138886985], [-105.258325243867, 40.0145491752526], [-105.258445746574, 40.0145486076503], [-105.258692471561, 40.0129088110483], [-105.258723815578, 40.0081722212582], [-105.259127631655, 40.0082870960222], [-105.260752324678, 40.0083140344852], [-105.261194055049, 40.0081410366755], [-105.269697338645, 40.0081697022446], [-105.272036900191, 40.0104899337546], [-105.276744051619, 40.010562192066], [-105.278590145223, 40.0138425149917], [-105.278804809338, 40.0137807199779], [-105.279131198722, 40.0149108745573], [-105.280696825719, 40.0146978868922], [-105.280847002474, 40.0146685821592], [-105.283047056555, 40.0143775761348], [-105.283190362996, 40.0143586195438], [-105.283656445796, 40.0138832066375], [-105.28381660014, 40.013719844091], [-105.285977889222, 40.0133502751527], [-105.287929195309, 40.0133538803505], [-105.290124142467, 40.0130915081418], [-105.291203485349, 40.0135734674993], [-105.29214923707, 40.0136900415059], [-105.293179393597, 40.0138170097717], [-105.294015783517, 40.0136361172116], [-105.295666647159, 40.0132790531923], [-105.296230085776, 40.0135693222231], [-105.296612937869, 40.0134839060858], [-105.29687012284, 40.0134398876545], [-105.297262939944, 40.0134070872689], [-105.297564984984, 40.0134048725508], [-105.297895168851, 40.0134241190607], [-105.298156063864, 40.01345312573], [-105.298436179231, 40.0135019313497], [-105.298709107177, 40.0135669196829], [-105.29897484411, 40.0136489156094], [-105.299097169498, 40.0136938751055], [-105.299430951119, 40.0138259511512], [-105.299688062428, 40.0139279698967], [-105.300001160339, 40.0140528709445], [-105.300254092685, 40.0141200170313], [-105.300535999292, 40.0141679965663], [-105.300684149449, 40.0141729199415], [-105.301006544025, 40.0141228550606], [-105.301249026269, 40.0140270266151], [-105.30134091494, 40.0139810662861], [-105.301461123898, 40.0138950741123], [-105.301593963169, 40.0137629844401], [-105.301683950106, 40.0136341150967], [-105.301737849023, 40.0135150668991], [-105.301779744651, 40.0133670200565], [-105.301836634958, 40.013165980489], [-105.301909914129, 40.0129070277022], [-105.302018153934, 40.0126390085551], [-105.302093854963, 40.0125109379485], [-105.302190954761, 40.0123908660754], [-105.302305874438, 40.0122809808995], [-105.302509066169, 40.0121399513205], [-105.302833935603, 40.0120199936954], [-105.303263934875, 40.011965000261], [-105.303528071908, 40.0119830204218], [-105.30381913145, 40.0120174025809], [-105.304020219326, 40.0120364396335], [-105.304284726465, 40.0120614783479], [-105.304648325865, 40.012095896245], [-105.304969644259, 40.0121263111825], [-105.305213014039, 40.0121493470175], [-105.305357291558, 40.0121630036636], [-105.305760954023, 40.0121850053823], [-105.306163080368, 40.0121390142276], [-105.30654290424, 40.0120260001821], [-105.307708826749, 40.0115458951547], [-105.307923878038, 40.0114990366472], [-105.308087067789, 40.011486131201], [-105.308331942247, 40.011498068584], [-105.308536030497, 40.0115409578293], [-105.308715070123, 40.0116041192394], [-105.308850894495, 40.011674072841], [-105.308986975786, 40.0117799883689], [-105.30911087682, 40.0119009812121], [-105.309195910447, 40.0120048907851], [-105.309248569689, 40.0120879646633], [-105.309301122031, 40.0121708740022], [-105.309432800679, 40.0124775137669], [-105.309511106822, 40.012659864564], [-105.309699132296, 40.0129591265706], [-105.309822991109, 40.0130960414888], [-105.310096280178, 40.0133179384462], [-105.310273995687, 40.0134478940726], [-105.310475898335, 40.0135896137775], [-105.310781430635, 40.0138040717393], [-105.311039683703, 40.0139853422589], [-105.311231251234, 40.0141198030612], [-105.3115125398, 40.0143172394883], [-105.311823416177, 40.0145354413397], [-105.312071984508, 40.0147108261311], [-105.312203871565, 40.0148038816637], [-105.312539041082, 40.014962001818], [-105.312744151614, 40.0150271215444], [-105.312957162829, 40.0150760560701], [-105.313237036549, 40.0150888638298], [-105.313521036232, 40.015028928227], [-105.313808097372, 40.0148940550403], [-105.31393115399, 40.0148061334883], [-105.31408402659, 40.0146510023406], [-105.314161100245, 40.0145361025105], [-105.314217839634, 40.0144151308508], [-105.314284194591, 40.0142433332502], [-105.314384161811, 40.0139845104566], [-105.314460482678, 40.0138071629695], [-105.314515038263, 40.013702134682], [-105.314621142773, 40.0135450057873], [-105.314746855709, 40.0133980653368], [-105.314957158503, 40.0132058441665], [-105.31525114296, 40.0129371340457], [-105.315395989113, 40.0128429311026], [-105.315555078953, 40.0127619277098], [-105.315708035995, 40.0127050730873], [-105.31586987468, 40.0126638791712], [-105.316123077419, 40.0126340857572], [-105.316293009026, 40.012637102046], [-105.316461824926, 40.0126560377864], [-105.316624880828, 40.0126930836258], [-105.316813047337, 40.0127515771241], [-105.317081121686, 40.0128349101652], [-105.31738533975, 40.0129340647927], [-105.31780166846, 40.0130697578419], [-105.318276864669, 40.0132246345778], [-105.318547895374, 40.0133129689123], [-105.318734015521, 40.0134041274313], [-105.318876935686, 40.0134960412673], [-105.319003044779, 40.0136000075809], [-105.319059044855, 40.0136599134781], [-105.31911198527, 40.0137160249411], [-105.319253875966, 40.0139270782369], [-105.319413146367, 40.0141820807485], [-105.319624126491, 40.014459125949], [-105.319774667963, 40.0145866287379], [-105.319843946038, 40.0146348879615], [-105.320005111885, 40.0147139262642], [-105.320123173869, 40.0147569359528], [-105.320276953768, 40.0147939606998], [-105.320677132566, 40.0148118782897], [-105.321007944356, 40.0147330561328], [-105.321328017685, 40.014643864322], [-105.321591310301, 40.0145745198944], [-105.321851017741, 40.014544119808], [-105.322137739319, 40.0145730854092], [-105.322369911599, 40.0146281001343], [-105.322562168138, 40.0146970255146], [-105.322864949796, 40.014824867043], [-105.323151383912, 40.0149594004951], [-105.323339929511, 40.0150479568716], [-105.323659836651, 40.0151818624312], [-105.324052978047, 40.0152991333817], [-105.324291040581, 40.0153280456868], [-105.324454877119, 40.0153431196541], [-105.324700143243, 40.0153478847058], [-105.325000086224, 40.0153329676024], [-105.32514507521, 40.0153189125535], [-105.325402906968, 40.0152825925985], [-105.325846887619, 40.015220049661], [-105.326210876887, 40.0151500474061], [-105.326374160961, 40.0151019777459], [-105.326553981223, 40.0150089122998], [-105.326722178184, 40.0148540616289], [-105.326890055344, 40.0145430093714], [-105.326920890914, 40.0143508925625], [-105.326875048089, 40.0141259923728], [-105.326765943206, 40.0139289984702], [-105.32661500378, 40.0137569230656], [-105.326365873104, 40.013589915127], [-105.326249958093, 40.0135438960225], [-105.325811066398, 40.013449897569], [-105.325707955973, 40.013423113872], [-105.325451085413, 40.0133518995558], [-105.325064149579, 40.0131849546117], [-105.324818984067, 40.0130050469947], [-105.324683879244, 40.0127868739634], [-105.324644990277, 40.0124991190827], [-105.324732120572, 40.0122140263387], [-105.324857140907, 40.0120489555517], [-105.324975974544, 40.011929994721], [-105.325146928434, 40.0118119363789], [-105.325405096162, 40.0116531064457], [-105.325599957815, 40.0115389267555], [-105.325918893877, 40.011348892429], [-105.32613704076, 40.0112029036211], [-105.326299899033, 40.0110378888719], [-105.326411026024, 40.010859069579], [-105.326474018586, 40.0106560197339], [-105.326449014879, 40.010380914519], [-105.326312057731, 40.0100490896579], [-105.326157122599, 40.0097145577652], [-105.326078082532, 40.0095438966935], [-105.325982106527, 40.0092420553269], [-105.325962828681, 40.0091020205927], [-105.325997047307, 40.0089829314634], [-105.32603695676, 40.0088720857737], [-105.326138072925, 40.0086979189852], [-105.326250851917, 40.0085698884601], [-105.326441120484, 40.00843291561], [-105.326579117881, 40.0083548856179], [-105.326738832949, 40.008299947028], [-105.32708485142, 40.0082631320586], [-105.327538044294, 40.0083360085458], [-105.327909013472, 40.008455979526], [-105.328121983365, 40.0085169660696], [-105.328391020708, 40.0085708978486], [-105.328605884249, 40.0085890606464], [-105.328802956656, 40.0085838630193], [-105.328986901084, 40.0085470764137], [-105.329195923779, 40.0084740893735], [-105.32949988223, 40.0082681005841], [-105.32959798275, 40.0081540459642], [-105.329709870614, 40.0079510665123], [-105.329809066181, 40.0076841061132], [-105.329879849832, 40.0075011062428], [-105.33001683393, 40.0072539668777], [-105.330114170882, 40.0071591265002], [-105.330243981034, 40.0070690013909], [-105.330448080063, 40.0069638856699], [-105.3307719883, 40.006914125137], [-105.330929075796, 40.0069080411356], [-105.331212105297, 40.0069320647497], [-105.331369078707, 40.0069720992713], [-105.331616973301, 40.0070570136917], [-105.331910152867, 40.0071631311098], [-105.332076038462, 40.0072089432768], [-105.332239098856, 40.0072421230189], [-105.33246396424, 40.0072569985419], [-105.332721053989, 40.0072321170106], [-105.332877845041, 40.0072018725995], [-105.333160147805, 40.0070858847633], [-105.333342172533, 40.0069549282537], [-105.333467043747, 40.0068389867873], [-105.333591901487, 40.0067279876145], [-105.333813081083, 40.0065296643128], [-105.334017998477, 40.0063459216557], [-105.334243820567, 40.0061432595404], [-105.334546899567, 40.0058712635082], [-105.334742101682, 40.0056960775682], [-105.335055076523, 40.0054401247461], [-105.335277058315, 40.0053160845718], [-105.335482162559, 40.0052329240087], [-105.335700059711, 40.0051739382705], [-105.335927887738, 40.0051418688009], [-105.336172066002, 40.005138098714], [-105.336416891053, 40.00516287917], [-105.336649164843, 40.0052120719233], [-105.336853912456, 40.0052768741064], [-105.336954836381, 40.0053190186124], [-105.336949070095, 40.0047358108727], [-105.336973895936, 40.0036671922644], [-105.337060137797, 40.0000372157774], [-105.341919482698, 40.0000144373517], [-105.347269929379, 39.9959353691214], [-105.358101022761, 39.9883104236452], [-105.35846191374, 39.9880621548822], [-105.358849268188, 39.9877956776608], [-105.360847893033, 39.9863494134295], [-105.360846672223, 39.985635318836], [-105.364421080416, 39.9856318436386], [-105.366168914498, 39.9856301077606], [-105.370441619095, 39.9856231697544], [-105.370593256511, 39.9857285378942], [-105.395218638648, 40.0017313668141], [-105.397857468541, 40.0033539565554], [-105.400407843125, 40.0050104502882], [-105.406267934609, 40.0086129687626], [-105.406471683295, 40.0087382118704], [-105.406617407102, 40.0087393678134], [-105.406674548039, 40.008774491272], [-105.406854037721, 40.0088724697112], [-105.406857496235, 40.0088724724635], [-105.420414715094, 40.0088826261642], [-105.425284126516, 40.0088858834397], [-105.425749272374, 40.0088894957539], [-105.425816863413, 40.008920267847], [-105.43152722101, 40.0115197320046], [-105.432443438819, 40.01193676768], [-105.43327109442, 40.0123877844134], [-105.439814396898, 40.0159530236125], [-105.444655475457, 40.0185965260684], [-105.446229851145, 40.0194561367153], [-105.447715690677, 40.020349725118], [-105.449339267094, 40.0213261009721], [-105.46678816024, 40.0212137260977], [-105.469830565461, 40.0211938626425], [-105.475310492612, 40.0267974364144], [-105.477463031204, 40.0289939929234], [-105.478701673234, 40.0302578822568], [-105.486864513304, 40.0386390422083], [-105.489284359083, 40.0411080705758], [-105.48921768253, 40.0411168501998], [-105.489205185167, 40.0411184952616], [-105.489199276948, 40.0411188033669], [-105.489197283586, 40.0411189065271], [-105.489203479267, 40.0411242192787], [-105.489238527038, 40.0411542787849], [-105.489317375763, 40.0412219029972], [-105.489374055864, 40.0412705133818], [-105.489591461638, 40.0414732671818], [-105.49025230009, 40.0421199130838], [-105.490668752768, 40.0425274142332], [-105.491410560868, 40.0432532596293], [-105.492155511275, 40.043982161028], [-105.492403470548, 40.0442247729495], [-105.493807568778, 40.0455908919523], [-105.495123138037, 40.0469910304083], [-105.499087857934, 40.0512101783302], [-105.499187043619, 40.0513287495463], [-105.499187328385, 40.0513290912994], [-105.499187613151, 40.0513294316772], [-105.499187897917, 40.051329772055], [-105.499188182683, 40.0513301124327], [-105.499189321747, 40.0513314739437], [-105.499216564056, 40.0513640408675], [-105.499050713495, 40.0514373334077], [-105.492146617954, 40.0544880442477], [-105.491361213715, 40.0548350468881], [-105.478894468762, 40.0573269493332], [-105.467083429288, 40.0594339495857], [-105.46682873804, 40.0594832503469], [-105.462380278058, 40.0606211216656], [-105.459008621421, 40.061464726389], [-105.447358714556, 40.0644246921945], [-105.429887645598, 40.0679094889848], [-105.42726471319, 40.0682502904371], [-105.41106150217, 40.0705196649032], [-105.401795699814, 40.071537962268], [-105.391993856559, 40.0726559982617], [-105.383842996422, 40.0736272925054], [-105.383589787395, 40.0736574565987], [-105.383516727413, 40.0736595428775], [-105.382692402765, 40.0738225116463], [-105.381001812926, 40.0741487484084], [-105.378856705198, 40.0745684807097], [-105.377235250602, 40.0748857193466], [-105.376461266645, 40.0750371411105], [-105.373555479009, 40.0756055739398], [-105.371970404385, 40.0759156135875], [-105.371626446649, 40.0759830335273], [-105.363032071188, 40.0776671898973], [-105.362764574456, 40.0777195967285], [-105.362736320644, 40.0777643710178], [-105.362696967248, 40.0777243711694], [-105.362628846203, 40.077655127309], [-105.362568715673, 40.0775940066798], [-105.356518104992, 40.0714430971466], [-105.353598412334, 40.0672265651445], [-105.352616815138, 40.0658088398934], [-105.351710506644, 40.0644997918731]]]}, "properties": {"SchName": "Casey", "SchCode": 240, "SchType": "Middle", "StdtPop": 0}}, {"type": "Feature", "id": 13, "geometry": {"type": "Polygon", "coordinates": [[[-105.0553255352, 40.0147877570007], [-105.055525855915, 40.0147689615158], [-105.066420129607, 40.0148222251229], [-105.06685590864, 40.0148886514935], [-105.074487893784, 40.0148668728703], [-105.076513393527, 40.0149162636543], [-105.081624322403, 40.0148530530213], [-105.083806826098, 40.0147595015074], [-105.086374954985, 40.0147259160588], [-105.088104483199, 40.0147725824627], [-105.089845303235, 40.0147509035625], [-105.091971236423, 40.0147243914485], [-105.093292418356, 40.0146718088866], [-105.097065908488, 40.0146470931145], [-105.099856309322, 40.0147319828513], [-105.102821569024, 40.0147418776801], [-105.102922495644, 40.0147376554188], [-105.102922742681, 40.0148590737066], [-105.10292146887, 40.0154619720247], [-105.102920377417, 40.0157851142767], [-105.102928904225, 40.0195088806996], [-105.102892966224, 40.0200391320046], [-105.102842692908, 40.0208284975886], [-105.102769654485, 40.0219656445006], [-105.102723042702, 40.0226679087574], [-105.102674384556, 40.0247949181767], [-105.102669060241, 40.0256199186068], [-105.10268371356, 40.0259931969114], [-105.102667589699, 40.0287346235132], [-105.102691628616, 40.02935849364], [-105.102790192667, 40.0307986736957], [-105.102879908313, 40.0319659167656], [-105.102967046692, 40.0329305813626], [-105.103049413221, 40.033897791648], [-105.103109155679, 40.0349139573487], [-105.103051288005, 40.0363403923687], [-105.102997098932, 40.0369230611138], [-105.102954190902, 40.0375213806166], [-105.102923151414, 40.0379542046284], [-105.102888374935, 40.038439117686], [-105.102840052759, 40.0391129194929], [-105.10280008761, 40.0395970361488], [-105.102764344543, 40.0400457882447], [-105.106333358354, 40.0400934806402], [-105.107512244451, 40.0401092100588], [-105.111729181634, 40.0401376015438], [-105.11187944912, 40.0401386104654], [-105.112259514639, 40.0401411619983], [-105.112259568538, 40.0401527835076], [-105.112259569436, 40.0401531390716], [-105.112288678444, 40.0465428232802], [-105.112288679343, 40.0465431788108], [-105.112226318296, 40.0575028470461], [-105.112226320092, 40.0575032032071], [-105.112263793314, 40.0611497277891], [-105.112263795111, 40.0611500832435], [-105.112259785032, 40.0618547614995], [-105.112259784133, 40.0618551169503], [-105.112235583519, 40.0694107678537], [-105.112235579926, 40.0694111239525], [-105.112220451399, 40.0701375244896], [-105.112220451399, 40.0701378798971], [-105.112231579728, 40.0706599172782], [-105.112231586915, 40.0706602733704], [-105.112237854461, 40.0709542825789], [-105.11223785985, 40.0709546379822], [-105.112241257279, 40.0713515288066], [-105.112241259974, 40.0713518848953], [-105.112255796512, 40.0730501205849], [-105.112255788427, 40.0730504766647], [-105.11192264461, 40.0795308062755], [-105.111922626644, 40.079531161634], [-105.111905406838, 40.0798660845073], [-105.102855334899, 40.0799732482064], [-105.102296873846, 40.0801381765971], [-105.093290438469, 40.0800623030297], [-105.083948805727, 40.0803404690384], [-105.082131396228, 40.0803561506778], [-105.079814451566, 40.0803644248633], [-105.079806868887, 40.0792468487839], [-105.07980686709, 40.0792464927365], [-105.074398509616, 40.0792378032556], [-105.074428171987, 40.0770792412293], [-105.074428176479, 40.077078885858], [-105.074477935959, 40.0733382304379], [-105.07447794045, 40.0733378743597], [-105.074460452947, 40.0697997455531], [-105.074460452048, 40.0697993894563], [-105.074470305669, 40.0661092780692], [-105.074470306567, 40.0661089226406], [-105.08398976082, 40.0659564092388], [-105.090821788118, 40.065823335529], [-105.090835729073, 40.063501969189], [-105.09083573087, 40.0635016137468], [-105.090997371926, 40.0585548341228], [-105.090997382705, 40.0585544786548], [-105.091031993895, 40.0549861164826], [-105.09103199659, 40.054985760996], [-105.09114453663, 40.0516204499233], [-105.091144548308, 40.0516200944192], [-105.093428404425, 40.0513645648427], [-105.093428483477, 40.0513645559035], [-105.093197383786, 40.0503096591263], [-105.09319730653, 40.0503093111794], [-105.09394943268, 40.050230885547], [-105.09394976865, 40.0502308504773], [-105.0933334525, 40.0496408489047], [-105.093333226125, 40.0496406316076], [-105.0937302177, 40.0493988435122], [-105.093730451262, 40.0493987011684], [-105.093389324117, 40.0490831977532], [-105.093376857298, 40.0489614889835], [-105.093231922212, 40.0489305623469], [-105.093193434792, 40.0487479289048], [-105.093211407385, 40.0457371358975], [-105.093211409182, 40.0457367803627], [-105.093235609796, 40.043891966954], [-105.093235614287, 40.0438916114095], [-105.07452738552, 40.0442905194384], [-105.074515030092, 40.0399311567612], [-105.074515029194, 40.0399308011961], [-105.074533444657, 40.0369808398745], [-105.074533446454, 40.036980484294], [-105.074541646275, 40.0335539612196], [-105.074541647174, 40.0335536056213], [-105.074526192558, 40.0296910266459], [-105.074526190761, 40.0296906710274], [-105.055495803675, 40.0295073800482], [-105.055327131506, 40.0149257958809], [-105.055327127913, 40.0149254401854], [-105.0553255352, 40.0147877570007]]]}, "properties": {"SchName": "Meadowlark", "SchCode": 252, "SchType": "Middle", "StdtPop": 0}}]}